Date,Open,High,Low,Close,Volume,Dividends,Stock Splits
2012-04-12 00:00:00+05:30,79.10140838301761,83.0541763305664,79.10140838301761,83.0541763305664,751063,0.0,0.0
2012-04-13 00:00:00+05:30,87.05291471621175,87.19080352783203,87.05291471621175,87.19080352783203,194735,0.0,0.0
2012-04-16 00:00:00+05:30,91.51128560968739,91.51128560968739,83.7436235443709,90.45414733886719,1336360,0.0,0.0
2012-04-17 00:00:00+05:30,87.3286962966253,91.74109638851827,87.3286962966253,90.63799285888672,323926,0.0,0.0
2012-04-18 00:00:00+05:30,88.24794780344203,95.14231872558594,88.24794780344203,95.14231872558594,349752,0.0,0.0
2012-04-19 00:00:00+05:30,98.72740290816455,99.87646484375,95.32617537084116,99.87646484375,145118,0.0,0.0
2012-04-20 00:00:00+05:30,103.87518493098452,104.84039963168753,102.03668608264852,103.92115020751953,318817,0.0,0.0
2012-04-23 00:00:00+05:30,104.84039693461006,106.95466634781579,98.72738701849009,99.18701171875,174729,0.0,0.0
2012-04-24 00:00:00+05:30,96.52120545522837,104.10501445528203,94.26904679993345,102.86402893066406,149745,0.0,0.0
2012-04-25 00:00:00+05:30,104.70252761569444,104.70252761569444,97.76219054427095,102.40440368652344,101155,0.0,0.0
2012-04-26 00:00:00+05:30,105.71369283890608,112.05651581190388,99.46279341353957,101.3012924194336,523432,0.0,0.0
2012-04-27 00:00:00+05:30,101.66898633557075,104.79443582421958,97.44044032778311,102.63420104980469,201171,0.0,0.0
2012-04-30 00:00:00+05:30,104.9782820944232,104.9782820944232,99.73856314906179,101.94476318359375,38663,0.0,0.0
2012-05-02 00:00:00+05:30,101.20937056423367,102.95594605170278,97.67026132136984,98.45162200927734,47092,0.0,0.0
2012-05-03 00:00:00+05:30,98.81931969660049,98.81931969660049,94.45288464023906,95.23424530029297,34565,0.0,0.0
2012-05-04 00:00:00+05:30,93.76343748741543,95.41808918957867,87.51253884959456,89.16719055175781,306632,0.0,0.0
2012-05-07 00:00:00+05:30,86.59329663648161,94.13114644344017,84.89268653206064,93.16593170166016,49030,0.0,0.0
2012-05-08 00:00:00+05:30,93.80940333836688,95.55597157399289,88.70756640312,89.62681579589844,106698,0.0,0.0
2012-05-09 00:00:00+05:30,87.3286903836766,91.00568787351561,84.61690754024679,85.58211517333984,70555,0.0,0.0
2012-05-10 00:00:00+05:30,87.60446828552351,88.24794004301066,84.80075488508056,85.81192779541016,45433,0.0,0.0
2012-05-11 00:00:00+05:30,88.2019820885561,88.2019820885561,80.98587529510709,83.78958892822266,141974,0.0,0.0
2012-05-14 00:00:00+05:30,85.3523086001454,87.32869628720333,81.90512322038738,83.97343444824219,24115,0.0,0.0
2012-05-15 00:00:00+05:30,86.17964747695767,89.16720858949219,82.73246157787936,87.23678588867188,67070,0.0,0.0
2012-05-16 00:00:00+05:30,87.19081589363664,87.19081589363664,82.77842238921541,85.53617095947266,21343,0.0,0.0
2012-05-17 00:00:00+05:30,86.17963591847253,89.62682135521142,85.16846292635913,86.22560119628906,86261,0.0,0.0
2012-05-18 00:00:00+05:30,84.8467411203961,87.78833704321869,84.11133863303152,87.0988998413086,34502,0.0,0.0
2012-05-21 00:00:00+05:30,86.86907776812942,88.24795201841718,83.92748217284235,86.82311248779297,9764,0.0,0.0
2012-05-22 00:00:00+05:30,87.42061391825935,89.12122385464667,84.80075460941228,85.58211517333984,14965,0.0,0.0
2012-05-23 00:00:00+05:30,84.66286652044985,87.32869112590384,84.66286652044985,87.14484405517578,23811,0.0,0.0
2012-05-24 00:00:00+05:30,88.24795433274355,93.76345147854,86.22560818461174,91.78706359863281,320239,0.0,0.0
2012-05-25 00:00:00+05:30,92.29264993965832,92.29264993965832,86.13367416595231,86.77715301513672,69959,0.0,0.0
2012-05-28 00:00:00+05:30,88.89142710134702,89.62682953361646,86.13367850031267,86.4554214477539,44171,0.0,0.0
2012-05-29 00:00:00+05:30,88.15601791828645,88.15601791828645,85.85789444290525,86.96099090576172,20116,0.0,0.0
2012-05-30 00:00:00+05:30,86.7771434570463,86.86906699299998,85.03056822066135,85.16845703125,16938,0.0,0.0
2012-05-31 00:00:00+05:30,78.13620338807571,85.81193490647628,78.13620338807571,85.35231018066406,18769,0.0,0.0
2012-06-01 00:00:00+05:30,70.78221279234384,86.31753102865159,70.78221279234384,82.180908203125,17248,0.0,0.0
2012-06-04 00:00:00+05:30,80.89395394998826,87.32870028691914,79.56104501409364,85.85790252685547,98548,0.0,0.0
2012-06-05 00:00:00+05:30,86.36347983182107,87.32869452399177,81.81319802773966,85.03057098388672,33079,0.0,0.0
2012-06-06 00:00:00+05:30,86.17963502212778,86.17963502212778,81.07779782349117,82.8703384399414,43453,0.0,0.0
2012-06-07 00:00:00+05:30,83.65170311340067,87.42062459826413,80.20451754554075,86.5473403930664,105241,0.0,0.0
2012-06-08 00:00:00+05:30,87.0069663476192,90.0864507618137,84.11132902761177,86.59329986572266,29371,0.0,0.0
2012-06-11 00:00:00+05:30,88.89142082926719,89.53489966542914,85.53616587873901,87.83428955078125,71684,0.0,0.0
2012-06-12 00:00:00+05:30,89.12123081556791,89.12123081556791,85.49019831607217,87.32869720458984,13055,0.0,0.0
2012-06-13 00:00:00+05:30,88.8914162833857,88.8914162833857,85.12249505664134,85.49019622802734,17980,0.0,0.0
2012-06-14 00:00:00+05:30,87.19081801416597,87.19081801416597,83.19208389270497,84.70884704589844,5521,0.0,0.0
2012-06-15 00:00:00+05:30,86.59329474247323,86.59329474247323,84.01940050955199,84.66287231445312,2916,0.0,0.0
2012-06-18 00:00:00+05:30,87.28272933991569,87.28272933991569,81.81319811402383,82.59455871582031,4616,0.0,0.0
2012-06-19 00:00:00+05:30,81.49145796916152,84.47901841858193,81.49145796916152,82.91629028320312,4054,0.0,0.0
2012-06-20 00:00:00+05:30,82.73244046475554,84.5709391417501,82.73244046475554,83.0541763305664,5700,0.0,0.0
2012-06-21 00:00:00+05:30,82.91630780803808,86.77716018206117,82.8243842543675,86.31753540039062,10029,0.0,0.0
2012-06-22 00:00:00+05:30,86.6852292184442,87.65043696945479,85.16846616592244,86.5473403930664,7103,0.0,0.0
2012-06-25 00:00:00+05:30,86.7311817776349,86.7311817776349,83.46785052945039,84.15728759765625,1842,0.0,0.0
2012-06-26 00:00:00+05:30,84.01940067204964,84.57094893636258,80.29643761463309,82.22686004638672,37684,0.0,0.0
2012-06-27 00:00:00+05:30,83.32997009910461,83.42189364811954,81.44550578437115,82.180908203125,7865,0.0,0.0
2012-06-28 00:00:00+05:30,82.27282873307637,82.6405299289602,78.04428251370454,79.42315673828125,34011,0.0,0.0
2012-06-29 00:00:00+05:30,79.88277377632247,84.47902074833968,77.90638617569181,81.85916137695312,63884,0.0,0.0
2012-07-02 00:00:00+05:30,83.46785213568381,83.65169921875,79.97470145089285,80.434326171875,8789,0.0,0.0
2012-07-03 00:00:00+05:30,83.32996130061103,92.38456668222555,78.13620067650918,90.36222076416016,635364,0.0,0.0
2012-07-04 00:00:00+05:30,91.14358774826773,91.55724721077273,85.58212556431354,88.11006164550781,103105,0.0,0.0
2012-07-05 00:00:00+05:30,89.62682262714974,91.64916864007664,88.24794843288589,90.50010681152344,67689,0.0,0.0
2012-07-06 00:00:00+05:30,88.79949344278644,90.5001034838507,87.3746610357614,88.61564636230469,13813,0.0,0.0
2012-07-09 00:00:00+05:30,87.32869790431992,88.06410027094614,85.03057427525887,85.35231018066406,7897,0.0,0.0
2012-07-10 00:00:00+05:30,87.88023299347088,88.33985765035443,83.6516875528054,84.9845962524414,22207,0.0,0.0
2012-07-11 00:00:00+05:30,84.98461207955923,86.59329867824555,83.65170313168879,83.88151550292969,5129,0.0,0.0
2012-07-12 00:00:00+05:30,90.36222603336974,90.36222603336974,82.8243761440983,84.52498626708984,15209,0.0,0.0
2012-07-13 00:00:00+05:30,89.76472200155096,89.76472200155096,81.81321181055793,82.31880187988281,80287,0.0,0.0
2012-07-16 00:00:00+05:30,85.21441951424552,86.5932936618114,82.45667121911373,83.74362182617188,34404,0.0,0.0
2012-07-17 00:00:00+05:30,84.57094946991185,85.49019892067177,82.54860348356675,82.68648529052734,12433,0.0,0.0
2012-07-18 00:00:00+05:30,85.49020393346524,85.49020393346524,82.3647542149547,82.82437896728516,2822,0.0,0.0
2012-07-19 00:00:00+05:30,86.27155596271434,88.20197832635147,82.73244712716023,83.238037109375,13919,0.0,0.0
2012-07-20 00:00:00+05:30,81.85915554146482,84.75478531676204,81.85915554146482,82.36473846435547,2166,0.0,0.0
2012-07-23 00:00:00+05:30,84.57094428511677,84.57094428511677,81.12375905610385,81.85916137695312,1636,0.0,0.0
2012-07-24 00:00:00+05:30,80.0666317389445,82.64053319865145,80.0666317389445,81.3076171875,2831,0.0,0.0
2012-07-25 00:00:00+05:30,80.0666282590509,81.53742602353725,79.51507997403313,80.75606536865234,4445,0.0,0.0
2012-07-26 00:00:00+05:30,79.23930106967453,82.824375385476,78.50390570573887,79.60700225830078,25504,0.0,0.0
2012-07-27 00:00:00+05:30,81.35357399873955,81.53742107815586,78.27408983195905,79.05545043945312,2579,0.0,0.0
2012-07-30 00:00:00+05:30,78.18216929023775,79.83681410838335,78.13620401196282,79.14737701416016,6225,0.0,0.0
2012-07-31 00:00:00+05:30,78.13620203923959,79.46911091575879,78.09023676212516,78.41197967529297,3492,0.0,0.0
2012-08-01 00:00:00+05:30,73.99958610108675,85.07654558365707,69.40333851716831,82.180908203125,37594,0.0,0.0
2012-08-02 00:00:00+05:30,83.88150548904252,84.24920664179471,81.35356970718097,83.37591552734375,6876,0.0,0.0
2012-08-03 00:00:00+05:30,82.77842764571392,84.0653714495688,80.61818551784809,82.13494873046875,12502,0.0,0.0
2012-08-06 00:00:00+05:30,83.65170216912597,84.5249863644659,80.89395374596796,81.39954376220703,9604,0.0,0.0
2012-08-07 00:00:00+05:30,84.57096052327336,84.57096052327336,81.44551057953234,82.31880187988281,26733,0.0,0.0
2012-08-08 00:00:00+05:30,82.91629256986404,83.65169489071333,79.97469731309955,81.85916137695312,202466,0.0,0.0
2012-08-09 00:00:00+05:30,82.64052463299605,82.64052463299605,79.14737401593123,80.61817169189453,6761,0.0,0.0
2012-08-10 00:00:00+05:30,80.43432748007024,81.72127812241472,79.37718920195452,80.02066802978516,34239,0.0,0.0
2012-08-13 00:00:00+05:30,78.13621107682934,81.21569564013501,74.22940052298787,78.68775939941406,73354,0.0,0.0
2012-08-14 00:00:00+05:30,78.13620166423621,78.96352755510908,76.94117459816243,77.07906341552734,45043,0.0,0.0
2012-08-16 00:00:00+05:30,76.38962858085824,78.87160632621907,74.64305320745252,76.48155212402344,166750,0.0,0.0
2012-08-17 00:00:00+05:30,78.50391345005217,79.05546178074268,76.48156021976358,76.9411849975586,55821,0.0,0.0
2012-08-21 00:00:00+05:30,78.82564218244569,84.70884020280764,78.13620507880914,81.16973114013672,215536,0.0,0.0
2012-08-22 00:00:00+05:30,82.548596329807,86.77714203418844,80.25047290206534,84.01939392089844,282084,0.0,0.0
2012-08-23 00:00:00+05:30,85.67404959574702,90.086449949627,83.65170352465364,88.56968688964844,361725,0.0,0.0
2012-08-24 00:00:00+05:30,89.16719593752205,93.11997134626465,87.60447469033545,91.32743072509766,488868,0.0,0.0
2012-08-27 00:00:00+05:30,91.92494892819082,94.91250976835701,87.42062502804605,88.56968688964844,206916,0.0,0.0
2012-08-28 00:00:00+05:30,89.07527668710803,90.36222737148684,81.81320433762201,85.6740493774414,61223,0.0,0.0
2012-08-29 00:00:00+05:30,84.89266969951582,88.84544441322716,82.31877592064963,83.55976104736328,75683,0.0,0.0
2012-08-30 00:00:00+05:30,84.93865004967653,87.7883219241316,83.83554650860843,85.76597595214844,91055,0.0,0.0
2012-08-31 00:00:00+05:30,85.81192532259722,89.0752633167257,84.47901657193403,86.17962646484375,206036,0.0,0.0
2012-09-03 00:00:00+05:30,86.13367609203966,90.82185419337183,86.13367609203966,87.5125503540039,103733,0.0,0.0
2012-09-04 00:00:00+05:30,88.33986597151811,90.04047595951285,87.32869303379012,88.75353240966797,63656,0.0,0.0
2012-09-05 00:00:00+05:30,87.46659128426008,90.13241623560064,87.23677890937411,89.48893737792969,56335,0.0,0.0
2012-09-06 00:00:00+05:30,90.32010398101042,96.87708333108526,89.48893599671669,92.6750717163086,543717,0.45,0.0
2012-09-07 00:00:00+05:30,94.84533276486637,96.41531820458367,91.52066807765023,92.12095642089844,171653,0.0,0.0
2012-09-10 00:00:00+05:30,96.09209498503081,101.49467636465752,95.76885789941888,98.12383270263672,567668,0.0,0.0
2012-09-11 00:00:00+05:30,98.5394145798042,101.35614863587563,96.96943605254616,98.77029418945312,334981,0.0,0.0
2012-09-12 00:00:00+05:30,100.15556534158914,100.29409450755742,94.29122504661106,94.9838638305664,220400,0.0,0.0
2012-09-13 00:00:00+05:30,95.35328294434072,97.24649864439907,91.42832940910151,92.62890625,80414,0.0,0.0
2012-09-14 00:00:00+05:30,95.07622077342525,97.66207522905022,93.32154137055817,94.15270233154297,279556,0.0,0.0
2012-09-17 00:00:00+05:30,95.39946427106587,95.67651559470319,91.56686107070985,92.90596008300781,141413,0.0,0.0
2012-09-18 00:00:00+05:30,93.5062526494684,94.19889155798298,90.68951826982084,91.79774475097656,139636,0.0,0.0
2012-09-20 00:00:00+05:30,91.79773942520515,93.55242596748569,90.68951300834469,91.05892181396484,90724,0.0,0.0
2012-09-21 00:00:00+05:30,91.2436302702774,96.50768288184122,90.59716309521136,95.3071060180664,678692,0.0,0.0
2012-09-24 00:00:00+05:30,95.9535617393964,97.01560929274834,92.90594824645366,93.59858703613281,296875,0.0,0.0
2012-09-25 00:00:00+05:30,94.1988774875814,100.75585676626521,92.35184067409942,98.07765197753906,696164,0.0,0.0
2012-09-26 00:00:00+05:30,98.4009000427239,103.75730317231358,98.4009000427239,102.18732452392578,565261,0.0,0.0
2012-09-27 00:00:00+05:30,113.86982133513594,113.86982133513594,101.58702381870202,105.28109741210938,763826,0.0,0.0
2012-09-28 00:00:00+05:30,106.66637991888575,108.19018675547572,101.72555766948264,102.78760528564453,210887,0.0,0.0
2012-10-01 00:00:00+05:30,103.52641104606364,108.32871094502492,102.55672095532594,105.28109741210938,315590,0.0,0.0
2012-10-03 00:00:00+05:30,106.3431515227661,107.40519915539656,103.4340669797824,106.25080108642578,196623,0.0,0.0
2012-10-04 00:00:00+05:30,106.85107584746868,109.25222931936469,104.26522856018359,104.6808090209961,487537,0.0,0.0
2012-10-05 00:00:00+05:30,106.06608833125075,107.95930389638698,100.66350702400221,103.71112060546875,367429,0.0,0.0
2012-10-08 00:00:00+05:30,104.35758473951294,104.6808147874934,99.04735365763507,99.6014633178711,132224,0.0,0.0
2012-10-09 00:00:00+05:30,100.89439493201775,101.58703379882795,97.24649971850552,98.30854034423828,193087,0.0,0.0
2012-10-10 00:00:00+05:30,97.89295688347896,98.35471611406142,92.35184611648958,94.7991714477539,329054,0.0,0.0
2012-10-11 00:00:00+05:30,95.12239864991734,98.81647238389472,93.78329973970514,97.93913269042969,249872,0.0,0.0
2012-10-12 00:00:00+05:30,95.86122086673916,99.64764521862514,95.49181206623854,98.67794799804688,400950,0.0,0.0
2012-10-15 00:00:00+05:30,99.69381121836896,102.5105452346115,97.80060267354988,99.32440948486328,550467,0.0,0.0
2012-10-16 00:00:00+05:30,100.20174531132342,100.61732576845371,94.42975537403521,95.81503295898438,146509,0.0,0.0
2012-10-17 00:00:00+05:30,96.92325621784647,97.33884373805381,93.46006211221756,94.70681762695312,111026,0.0,0.0
2012-10-18 00:00:00+05:30,95.2147499280282,98.58559364933743,94.98387031760821,96.5538558959961,153032,0.0,0.0
2012-10-19 00:00:00+05:30,96.96942940976754,96.96942940976754,93.50623550227584,93.9679946899414,113665,0.0,0.0
2012-10-22 00:00:00+05:30,92.85978520936891,96.69238123275603,92.85978520936891,94.42976379394531,126411,0.0,0.0
2012-10-23 00:00:00+05:30,95.53798024533974,98.07765596718758,92.76742491241482,96.36914825439453,880365,0.0,0.0
2012-10-25 00:00:00+05:30,96.4153267205668,98.35471403891744,94.42976066177754,96.5538558959961,270851,0.0,0.0
2012-10-29 00:00:00+05:30,99.23205053310494,99.23205053310494,95.21474685080851,96.27679443359375,169530,0.0,0.0
2012-10-30 00:00:00+05:30,96.50767136196251,97.24648888930805,93.0906561512331,93.59858703613281,127839,0.0,0.0
2012-10-31 00:00:00+05:30,93.92182076901742,97.89295280493047,93.18301025839884,96.50767517089844,535464,0.0,0.0
2012-11-01 00:00:00+05:30,96.6923623451596,98.58557766193977,95.67649363323004,97.75440979003906,163123,0.0,0.0
2012-11-02 00:00:00+05:30,97.9853113910021,100.52498726471082,97.29267251635427,98.53942108154297,926070,0.0,0.0
2012-11-05 00:00:00+05:30,99.73998182150758,100.10939057076442,96.045908420711,97.10795593261719,555500,0.0,0.0
2012-11-06 00:00:00+05:30,97.5697201737149,97.61589186609068,95.12239500944041,95.63033294677734,80574,0.0,0.0
2012-11-07 00:00:00+05:30,95.49179961706649,101.21761061775385,95.49179961706649,100.34027099609375,690140,0.0,0.0
2012-11-08 00:00:00+05:30,99.64763478975571,102.60289079269741,98.77028809965178,101.21761322021484,1137533,0.0,0.0
2012-11-09 00:00:00+05:30,100.94056953047244,104.63464333512451,99.27823350002437,101.81790924072266,1085948,0.0,0.0
2012-11-12 00:00:00+05:30,102.32585126227315,102.87996094575237,99.97087630012786,100.7096939086914,382552,0.0,0.0
2012-11-15 00:00:00+05:30,100.38345254632976,102.993238817826,97.44745187976588,101.2223129272461,368634,1.0,0.0
2012-11-16 00:00:00+05:30,101.54854077612103,105.32340917047465,98.51932768051003,98.7989501953125,498792,0.0,0.0
2012-11-19 00:00:00+05:30,99.7310157631928,101.12911411501327,98.09990101940227,98.7989501953125,487049,0.0,0.0
2012-11-20 00:00:00+05:30,99.59120195274615,100.43006236455322,94.69785784681665,95.9095458984375,211107,0.0,0.0
2012-11-21 00:00:00+05:30,96.70180610563851,98.51933118318553,95.16389644173924,97.82028198242188,156588,0.0,0.0
2012-11-22 00:00:00+05:30,98.51933383670819,102.52721887347343,93.67259542530981,101.36213684082031,664329,0.0,0.0
2012-11-23 00:00:00+05:30,102.061186707537,119.02477836608632,102.061186707537,116.78782653808594,6587825,0.0,0.0
2012-11-26 00:00:00+05:30,117.99950622299126,128.06581066540355,114.08483345834699,124.99000549316406,5086593,0.0,0.0
2012-11-27 00:00:00+05:30,124.9899991262151,125.64244218338845,117.20724589668376,118.32572174072266,1639172,0.0,0.0
2012-11-29 00:00:00+05:30,118.69853799325632,123.49867665921074,117.99948888009098,120.79569244384766,943309,0.0,0.0
2012-11-30 00:00:00+05:30,121.49475932587282,123.03266191088176,118.37233380819684,119.35100555419922,775348,0.0,0.0
2012-12-03 00:00:00+05:30,120.09666239720785,121.35494246735543,118.37233528876989,118.74516296386719,284160,0.0,0.0
2012-12-04 00:00:00+05:30,118.8383672546021,123.03266256947042,114.08483398663729,121.77436828613281,1139180,0.0,0.0
2012-12-05 00:00:00+05:30,122.19379467206521,128.34541853607357,122.19379467206521,123.73169708251953,1954169,0.0,0.0
2012-12-06 00:00:00+05:30,124.89679007469788,125.54923314856006,119.30439648926364,120.56269073486328,420146,0.0,0.0
2012-12-07 00:00:00+05:30,121.16851847846573,125.17640308796094,118.88496078234829,119.67720794677734,558963,0.0,0.0
2012-12-10 00:00:00+05:30,120.56268793339301,124.1511318673479,120.2364592929462,122.24039459228516,348377,0.0,0.0
2012-12-11 00:00:00+05:30,123.31228793836979,125.36282951726184,116.04217304757695,119.0247802734375,539202,0.0,0.0
2012-12-12 00:00:00+05:30,120.00343939244397,120.23645577961376,116.04216081055748,118.23251342773438,297965,0.0,0.0
2012-12-13 00:00:00+05:30,119.07137839328387,121.02872180917362,114.73727200410755,115.76254272460938,233960,0.0,0.0
2012-12-14 00:00:00+05:30,116.41500463113357,118.93157911787233,114.83048871151189,116.74122619628906,276479,0.0,0.0
2012-12-17 00:00:00+05:30,116.92762599573113,117.76648645307316,115.01689579349805,115.57613372802734,132462,0.0,0.0
2012-12-18 00:00:00+05:30,115.5761287112643,120.1898503597353,115.5761287112643,117.8130874633789,517511,0.0,0.0
2012-12-19 00:00:00+05:30,118.69855571439984,119.95684288373484,117.58007981079015,118.27912902832031,211180,0.0,0.0
2012-12-20 00:00:00+05:30,118.60533855845162,118.69854368912715,115.8091419716119,117.71987915039062,148247,0.0,0.0
2012-12-21 00:00:00+05:30,117.34706451557463,122.89285929379297,115.11010557608725,118.74516296386719,775564,0.0,0.0
2012-12-24 00:00:00+05:30,119.91023866887953,122.47341917400064,117.99950837717441,118.55874633789062,246375,0.0,0.0
2012-12-26 00:00:00+05:30,119.11798431910674,121.40154215239083,118.3723290084732,118.79175567626953,163182,0.0,0.0
2012-12-27 00:00:00+05:30,119.77042224629307,121.9141758391086,117.62666865347754,118.41893005371094,273881,0.0,0.0
2012-12-28 00:00:00+05:30,119.30439770596355,120.18985718824901,115.66934041614073,116.92762756347656,156851,0.0,0.0
2012-12-31 00:00:00+05:30,117.300444721298,119.72381366040702,116.4149853183279,118.1393051147461,143493,0.0,0.0
2013-01-01 00:00:00+05:30,119.16459839933987,120.60929596860987,118.41895010551899,119.2112045288086,158930,0.0,0.0
2013-01-02 00:00:00+05:30,120.0966488115712,121.91417374430993,119.11797716403764,119.67720794677734,183205,0.0,0.0
2013-01-03 00:00:00+05:30,120.23646016956405,129.9299365408691,118.55873927624799,128.11241149902344,1772348,0.0,0.0
2013-01-04 00:00:00+05:30,128.62505279945458,128.99787335057607,124.99000264834696,126.66770935058594,531058,0.0,0.0
2013-01-07 00:00:00+05:30,127.22693395808338,128.06578717442548,124.19772124479569,125.64242553710938,293512,0.0,0.0
2013-01-08 00:00:00+05:30,125.08318714436945,133.0057438873267,125.08318714436945,127.55316925048828,1859987,0.0,0.0
2013-01-09 00:00:00+05:30,128.39203639945558,130.48918399944668,126.01526627502719,126.66770935058594,375541,0.0,0.0
2013-01-10 00:00:00+05:30,127.22695425893873,128.43864238203378,124.0113307869425,124.47736358642578,176159,0.0,0.0
2013-01-11 00:00:00+05:30,125.26961721351044,125.92207454388152,119.11799247929834,120.74910736083984,246574,0.0,0.0
2013-01-14 00:00:00+05:30,118.4189371541335,123.82492047079734,117.90629823043228,122.75303649902344,194926,0.0,0.0
2013-01-15 00:00:00+05:30,123.03265829840517,125.26961003313562,119.7704287223111,120.32967376708984,137407,0.0,0.0
2013-01-16 00:00:00+05:30,120.56268193469116,124.19773181101507,119.49079804240701,120.09664916992188,197285,0.0,0.0
2013-01-17 00:00:00+05:30,120.28307267920829,121.35494246735543,117.53347479757507,118.74516296386719,101070,0.0,0.0
2013-01-18 00:00:00+05:30,119.3043909277567,120.05004621549351,117.4402598195105,117.8130874633789,78074,0.0,0.0
2013-01-21 00:00:00+05:30,118.18592155457164,122.33361065224744,118.18592155457164,119.95684051513672,212991,0.0,0.0
2013-01-22 00:00:00+05:30,120.23645313893715,122.4734047177618,117.62666681551421,118.37232208251953,186292,0.0,0.0
2013-01-23 00:00:00+05:30,122.00737282511462,122.00737282511462,115.66933145468157,117.53346252441406,186837,0.0,0.0
2013-01-24 00:00:00+05:30,117.95290200796471,117.95290200796471,108.16621341675945,110.54297637939453,170523,0.0,0.0
2013-01-25 00:00:00+05:30,110.54297752007508,111.84787076792003,107.46716534061494,111.0090103149414,86247,0.0,0.0
2013-01-28 00:00:00+05:30,111.33523486188034,115.76254653291437,103.55248839922926,105.23020935058594,340089,0.0,0.0
2013-01-29 00:00:00+05:30,105.74284038230505,108.0264053885443,102.5272168791696,103.69229888916016,443106,0.0,0.0
2013-01-30 00:00:00+05:30,104.15833887158523,108.02641283355473,102.57383007323472,106.72151947021484,365736,0.0,0.0
2013-01-31 00:00:00+05:30,106.53510206144524,108.72545482260277,104.06512677286494,104.9971923828125,346260,0.0,0.0
2013-02-01 00:00:00+05:30,105.18360603999209,106.58170449983538,98.70575268715669,100.75629425048828,266737,0.0,0.0
2013-02-04 00:00:00+05:30,100.89610396822131,104.11172753200782,93.8590056507105,95.72313690185547,497277,0.0,0.0
2013-02-05 00:00:00+05:30,93.9522157840503,100.47667501596779,92.08808457493102,98.47273254394531,378130,0.0,0.0
2013-02-06 00:00:00+05:30,99.73101218947124,101.50193812720435,97.40084835326864,100.43006134033203,199545,0.0,0.0
2013-02-07 00:00:00+05:30,100.47666862494404,102.06117720747103,96.09595629550014,100.8960952758789,393957,0.0,0.0
2013-02-08 00:00:00+05:30,100.98929805851255,105.3700102860323,98.79894550030049,102.99324035644531,736375,0.0,0.0
2013-02-11 00:00:00+05:30,103.27287141537698,105.04379036805945,99.45139676313498,102.15438842773438,144534,0.0,0.0
2013-02-12 00:00:00+05:30,102.29420300912165,102.5272194168873,97.16784203827729,99.6378173828125,164550,0.0,0.0
2013-02-13 00:00:00+05:30,100.47667991566078,105.8826564190686,98.98536918676538,103.1796646118164,391712,0.0,0.0
2013-02-14 00:00:00+05:30,103.1796590775728,104.3447410775955,99.26498640193496,100.19705200195312,153330,0.0,0.0
2013-02-15 00:00:00+05:30,99.26497560754775,100.47666360024708,96.4687791115605,97.07462310791016,169574,0.0,0.0
2013-02-18 00:00:00+05:30,97.2610404678057,100.61647508587485,96.93481894166351,99.4513931274414,165457,0.0,0.0
2013-02-19 00:00:00+05:30,99.68441194249752,101.73496050584765,98.93876373763065,99.73101806640625,176885,0.0,0.0
2013-02-20 00:00:00+05:30,100.43006250324206,101.31552192681376,99.26498057164991,100.8960952758789,357131,0.0,0.0
2013-02-21 00:00:00+05:30,99.68441789298129,102.90004863503985,98.75235224793762,100.98931121826172,402336,0.0,0.0
2013-02-22 00:00:00+05:30,101.08251032660601,102.20099330055048,98.79895247700058,99.73101806640625,196731,0.0,0.0
2013-02-25 00:00:00+05:30,100.38345745485675,100.38345745485675,91.66864593558651,96.37557983398438,252346,0.0,0.0
2013-02-26 00:00:00+05:30,95.76974626227367,96.84162319010481,83.28006503553398,91.90167236328125,1006531,0.0,0.0
2013-02-27 00:00:00+05:30,92.60072623522966,93.90561964255654,85.28401188381065,89.85113525390625,226101,0.0,0.0
2013-02-28 00:00:00+05:30,90.92301168556986,97.68048799616136,88.26661875735634,89.61811828613281,169616,0.0,0.0
2013-03-01 00:00:00+05:30,89.99094523263672,91.10942121643036,87.70738002500413,90.03754425048828,67319,0.0,0.0
2013-03-04 00:00:00+05:30,90.41036364001367,90.82979031761649,86.49569094540003,87.84718322753906,61311,0.0,0.0
2013-03-05 00:00:00+05:30,88.08020004561608,90.1773476657498,87.61416724114193,88.7326431274414,67146,0.0,0.0
2013-03-06 00:00:00+05:30,89.80452205875172,93.0667517648586,89.15207896196891,90.08414459228516,101275,0.0,0.0
2013-03-07 00:00:00+05:30,91.06281001414098,91.10941614049287,88.63944077686891,89.8977279663086,135606,0.0,0.0
2013-03-08 00:00:00+05:30,89.99093738839863,90.82979074757512,88.08020004561608,88.7326431274414,121987,0.0,0.0
2013-03-11 00:00:00+05:30,89.0588732288775,89.52490604093632,87.14813585499782,87.89379119873047,61991,0.0,0.0
2013-03-12 00:00:00+05:30,88.49963576124955,88.54624189089408,86.07626635277079,86.58890533447266,28149,0.0,0.0
2013-03-13 00:00:00+05:30,85.84323425344353,86.35587314154755,82.95383252045578,83.32666015625,153233,0.0,0.0
2013-03-14 00:00:00+05:30,76.47597607531736,84.81795934198671,76.47597607531736,81.69554138183594,268542,0.0,0.0
2013-03-15 00:00:00+05:30,81.78876305673062,82.48781231362575,76.52259056590125,78.47992706298828,97459,0.0,0.0
2013-03-18 00:00:00+05:30,78.47991872333368,79.64500069435168,75.54391784524515,76.28956604003906,66500,0.0,0.0
2013-03-19 00:00:00+05:30,77.17502933057601,77.17502933057601,71.30301360132289,73.81958770751953,134871,0.0,0.0
2013-03-20 00:00:00+05:30,72.70111610700832,75.4973128803548,71.86225565278515,74.14582061767578,88826,0.0,0.0
2013-03-21 00:00:00+05:30,74.19242414226987,74.98467852067638,71.39622719888459,72.32829284667969,32367,0.0,0.0
2013-03-22 00:00:00+05:30,71.722448191602,71.76905431806532,63.846496373863296,66.2232666015625,143043,0.0,0.0
2013-03-25 00:00:00+05:30,66.73589471391972,68.60002589090685,63.84649281180891,66.13005065917969,177111,0.0,0.0
2013-03-26 00:00:00+05:30,65.24459082070923,71.76904990278015,64.45233649724841,69.57869720458984,37458,0.0,0.0
2013-03-28 00:00:00+05:30,69.11265721739203,79.87800931532348,68.04078048614466,75.21768188476562,177303,0.0,0.0
2013-04-01 00:00:00+05:30,74.56525448317528,82.48781277201266,74.56525448317528,80.43727111816406,188137,0.0,0.0
2013-04-02 00:00:00+05:30,79.22557723726932,82.58101202745206,78.89935569439395,80.71688079833984,114714,0.0,0.0
2013-04-03 00:00:00+05:30,80.15763856471199,82.4411963538032,77.4080479932678,77.78086853027344,88852,0.0,0.0
2013-04-04 00:00:00+05:30,78.29352086618407,79.08577530987245,74.65846311803466,76.19637298583984,105368,0.0,0.0
2013-04-05 00:00:00+05:30,75.45071292345197,77.36145038585452,75.45071292345197,76.7090072631836,38312,0.0,0.0
2013-04-08 00:00:00+05:30,77.40804939233854,77.40804939233854,74.61185264768231,76.9420166015625,38523,0.0,0.0
2013-04-09 00:00:00+05:30,78.34012464309734,78.34012464309734,75.45071529478088,77.22164154052734,68541,0.0,0.0
2013-04-10 00:00:00+05:30,76.42939259115053,80.48387723931525,76.42939259115053,78.89936828613281,118234,0.0,0.0
2013-04-11 00:00:00+05:30,78.43332178440016,81.08970732631896,78.43332178440016,80.25084686279297,26932,0.0,0.0
2013-04-12 00:00:00+05:30,79.3653851148767,80.39065582491732,76.42937713209531,79.31877899169922,35579,0.0,0.0
2013-04-15 00:00:00+05:30,78.06048001250791,81.5557253862023,78.06048001250791,79.41197204589844,25353,0.0,0.0
2013-04-16 00:00:00+05:30,79.22556180373937,80.8100701953762,78.2934963707542,79.41197204589844,11121,0.0,0.0
2013-04-17 00:00:00+05:30,82.0217678264036,86.16945665045957,78.89934967795853,82.48780059814453,270820,0.0,0.0
2013-04-18 00:00:00+05:30,82.62761792295315,87.89379005277699,82.58101179791637,85.70343017578125,73259,0.0,0.0
2013-04-22 00:00:00+05:30,88.31321328522296,89.43168913146812,86.12286060485351,88.63943481445312,74195,0.0,0.0
2013-04-23 00:00:00+05:30,89.47829676621063,89.47829676621063,84.35193601397982,85.42381286621094,37498,0.0,0.0
2013-04-25 00:00:00+05:30,85.75003062621032,87.00831769687576,84.44513743359231,85.09758758544922,14403,0.0,0.0
2013-04-26 00:00:00+05:30,84.77135627167111,85.33060127302329,82.39459346030671,82.86062622070312,21096,0.0,0.0
2013-04-29 00:00:00+05:30,84.25873283407485,85.14419232195118,81.18291346685841,83.0936508178711,25507,0.0,0.0
2013-04-30 00:00:00+05:30,82.90723442668579,88.54623429743465,82.72082414628764,86.16946411132812,123849,0.0,0.0
2013-05-02 00:00:00+05:30,87.6141715556154,93.85900859865147,84.81797459107449,92.32110595703125,310836,0.0,0.0
2013-05-03 00:00:00+05:30,92.8803382092067,94.79106841734402,88.77924815815912,89.99093627929688,184752,0.0,0.0
2013-05-06 00:00:00+05:30,90.64337216890776,92.2744868351863,89.01225750262921,90.87638854980469,28450,0.0,0.0
2013-05-07 00:00:00+05:30,90.55016438562336,93.952204869257,90.55016438562336,91.66864013671875,30154,0.0,0.0
2013-05-08 00:00:00+05:30,91.9016742062467,94.97749378064421,89.29189458081851,91.94828033447266,190082,0.0,0.0
2013-05-09 00:00:00+05:30,92.0880873101203,92.64732526724725,90.27055506058714,91.3890380859375,68259,0.0,0.0
2013-05-10 00:00:00+05:30,92.69391113591678,94.0454103776521,91.6220414997312,92.9735336303711,55301,0.0,0.0
2013-05-13 00:00:00+05:30,90.7831858201594,92.50750566217218,88.17339944066737,88.77924346923828,19706,0.0,0.0
2013-05-14 00:00:00+05:30,89.24528466812288,93.11335848065768,89.24528466812288,92.27449798583984,831798,0.0,0.0
2013-05-15 00:00:00+05:30,93.11335197382562,96.0027538219766,89.47829482436653,90.36375427246094,633952,0.0,0.0
2013-05-16 00:00:00+05:30,90.41036267315299,92.69392053540757,89.4782970785844,91.29582214355469,95735,0.0,0.0
2013-05-17 00:00:00+05:30,91.1560214641952,92.18129223504067,86.26267690638619,88.1268081665039,37391,0.0,0.0
2013-05-20 00:00:00+05:30,90.29345535455155,93.2608473907706,89.77534384797939,91.61229705810547,44861,1.0,0.0
2013-05-21 00:00:00+05:30,92.31883673072873,97.02898146188836,91.70651647825589,95.4746322631836,292709,0.0,0.0
2013-05-22 00:00:00+05:30,96.51085813658321,96.51085813658321,91.51810926817029,92.31883239746094,56950,0.0,0.0
2013-05-23 00:00:00+05:30,89.96376271741238,93.26086396883588,87.3731831627225,92.13043212890625,130927,0.0,0.0
2013-05-24 00:00:00+05:30,91.37679751714072,94.10868259167304,89.72824704647064,90.43476867675781,33353,0.0,0.0
2013-05-27 00:00:00+05:30,90.43477463562859,97.40578995121366,90.43477463562859,94.06158447265625,307449,0.0,0.0
2013-05-28 00:00:00+05:30,95.09781128651572,96.88766757194745,92.97824633492525,94.34419250488281,161818,0.0,0.0
2013-05-29 00:00:00+05:30,94.34419557900938,96.51085773230149,93.30796522855576,94.10868835449219,84042,0.0,0.0
2013-05-30 00:00:00+05:30,93.77897365317224,94.67389817400303,91.84781166134623,92.22462463378906,40150,0.0,0.0
2013-05-31 00:00:00+05:30,94.01449574554951,94.01449574554951,88.45652328671292,88.7862319946289,41317,0.0,0.0
2013-06-03 00:00:00+05:30,86.33694194750876,93.21374795410433,86.33694194750876,92.41302490234375,80131,0.0,0.0
2013-06-04 00:00:00+05:30,92.69564180762424,94.81520675511362,91.42390427655259,93.77897644042969,37879,0.0,0.0
2013-06-05 00:00:00+05:30,93.26086102104885,94.5797029173544,90.90578877304257,92.93115234375,94641,0.0,0.0
2013-06-06 00:00:00+05:30,92.55433944089918,98.91303451699149,92.55433944089918,96.41665649414062,368745,0.0,0.0
2013-06-07 00:00:00+05:30,96.08694338644469,96.98186792549413,92.78984238789022,93.8260726928711,116485,0.0,0.0
2013-06-10 00:00:00+05:30,94.90940594411096,96.08694199800811,92.31882662553721,95.09780883789062,121537,0.0,0.0
2013-06-11 00:00:00+05:30,94.202880859375,99.52534506535159,93.4963592529297,94.202880859375,251719,0.0,0.0
2013-06-12 00:00:00+05:30,94.15578223696211,94.86230388612525,91.65941149294031,93.77897644042969,22225,0.0,0.0
2013-06-13 00:00:00+05:30,92.41303416800966,94.15578620530779,91.1412965833386,93.44926452636719,109558,0.0,0.0
2013-06-14 00:00:00+05:30,92.88405095982255,94.10869144233827,91.51811188764839,92.13043212890625,40072,0.0,0.0
2013-06-17 00:00:00+05:30,92.9311554348691,92.97825256912971,90.01086718762735,90.95289611816406,20196,0.0,0.0
2013-06-18 00:00:00+05:30,90.43476540748823,92.31882302014424,89.49273660116022,90.10505676269531,19526,0.0,0.0
2013-06-19 00:00:00+05:30,90.15215845940112,92.03621616753581,89.4927411363979,90.34056854248047,42141,0.0,0.0
2013-06-20 00:00:00+05:30,88.73912811279297,89.91666435201321,87.42029327455498,88.73912811279297,40843,0.0,0.0
2013-06-21 00:00:00+05:30,88.3623097503967,89.39854005671789,85.81882752167033,87.37317657470703,27805,0.0,0.0
2013-06-24 00:00:00+05:30,86.6666546861758,88.92752537628061,84.78259697560676,87.9854965209961,45853,0.0,0.0
2013-06-25 00:00:00+05:30,86.66666512787293,88.64492452489138,85.7246361590917,87.18478393554688,24486,0.0,0.0
2013-06-26 00:00:00+05:30,87.89130107538162,88.55071844427144,84.87680422033173,86.94927215576172,77823,0.0,0.0
2013-06-27 00:00:00+05:30,87.74999441110893,88.36231464008112,85.81883227060668,86.99636840820312,45805,0.0,0.0
2013-06-28 00:00:00+05:30,87.1376682446873,88.55071151352007,87.1376682446873,88.0325927734375,12762,0.0,0.0
2013-07-01 00:00:00+05:30,87.6086853798897,90.81158499249045,87.6086853798897,89.58694458007812,28038,0.0,0.0
2013-07-02 00:00:00+05:30,88.5507180368095,91.09419323323546,88.5507180368095,90.48188018798828,12407,0.0,0.0
2013-07-03 00:00:00+05:30,89.49274461327627,90.71738504598619,89.49274461327627,90.0579605102539,13912,0.0,0.0
2013-07-04 00:00:00+05:30,91.18839265345164,91.18839265345164,88.5507090825324,90.01085662841797,55633,0.0,0.0
2013-07-05 00:00:00+05:30,91.37680478266513,91.70651346559289,89.96376140973732,90.48188018798828,11555,0.0,0.0
2013-07-08 00:00:00+05:30,89.53984552667349,93.9202739519568,89.53984552667349,93.26085662841797,63177,0.0,0.0
2013-07-09 00:00:00+05:30,92.31881790948434,99.85504794291163,92.31881790948434,98.15939331054688,438366,0.0,0.0
2013-07-10 00:00:00+05:30,99.24273919389094,103.90578637397839,98.53621754725131,99.66665649414062,250544,0.0,0.0
2013-07-11 00:00:00+05:30,99.8550767298574,101.59782899007891,97.1231911177504,98.34783172607422,70639,0.0,0.0
2013-07-12 00:00:00+05:30,96.13405798363567,100.32608396948837,96.08695366091844,96.55796813964844,22941,0.0,0.0
2013-07-15 00:00:00+05:30,97.17028371416087,100.23187767828497,97.0289779399331,99.24274444580078,28568,0.0,0.0
2013-07-16 00:00:00+05:30,96.55796374164504,98.96014034859836,96.3695608335786,96.8876724243164,22837,0.0,0.0
2013-07-17 00:00:00+05:30,97.35868344889741,98.44201809985852,95.56882713693253,95.99274444580078,14997,0.0,0.0
2013-07-18 00:00:00+05:30,96.79346427617821,97.78259744289547,95.42752531938748,95.66303253173828,13799,0.0,0.0
2013-07-19 00:00:00+05:30,95.28622286487987,98.81883117286769,95.28622286487987,97.7354965209961,13449,0.0,0.0
2013-07-22 00:00:00+05:30,98.771726500981,98.771726500981,96.13404995270785,96.60506439208984,6578,0.0,0.0
2013-07-23 00:00:00+05:30,98.86592884665276,98.86592884665276,96.3224537258032,96.51085662841797,15823,0.0,0.0
2013-07-24 00:00:00+05:30,95.14492572587082,96.41666339468559,90.71739245307555,92.97825622558594,14591,0.0,0.0
2013-07-25 00:00:00+05:30,92.31882168045243,92.78983607678127,90.05795114065215,90.19925689697266,12361,0.0,0.0
2013-07-26 00:00:00+05:30,89.63405330136166,91.37680536838823,87.60868968309387,89.25724029541016,90356,0.0,0.0
2013-07-29 00:00:00+05:30,89.1630405115803,89.21013764626288,82.89854662996221,85.06521606445312,58838,0.0,0.0
2013-07-30 00:00:00+05:30,83.84056872709425,86.57245386461256,82.52172688272923,84.4057846069336,26619,0.0,0.0
2013-07-31 00:00:00+05:30,81.95651414605994,84.78260084075167,81.06158956758495,84.7354965209961,30919,0.0,0.0
2013-08-01 00:00:00+05:30,84.31158902771638,85.25361795540037,80.1666603084848,81.06159210205078,174619,0.0,0.0
2013-08-02 00:00:00+05:30,79.69564145156026,85.53622479351525,76.9166591429232,82.56883239746094,33596,0.0,0.0
2013-08-05 00:00:00+05:30,84.97100042036594,86.66665524566861,78.98911858811404,85.58332061767578,66765,0.0,0.0
2013-08-06 00:00:00+05:30,81.06158569709827,89.3043381630451,81.06158569709827,87.42028045654297,235144,0.0,0.0
2013-08-07 00:00:00+05:30,87.37318721014265,90.43478137114495,85.30072634523151,88.88043212890625,75623,0.0,0.0
2013-08-08 00:00:00+05:30,87.70289255461428,93.26086471763264,87.70289255461428,91.47100830078125,66450,0.0,0.0
2013-08-12 00:00:00+05:30,92.69564216419772,96.27534755479508,90.76448010754594,94.90940856933594,404968,0.0,0.0
2013-08-13 00:00:00+05:30,95.80433612247383,97.07608088540067,90.43477427475435,91.18840026855469,58249,0.0,0.0
2013-08-14 00:00:00+05:30,88.69202714066344,91.94202414554502,86.66666345935425,89.6340560913086,12267,0.0,0.0
2013-08-16 00:00:00+05:30,87.70288107914119,89.49273726179908,86.47824793414016,87.09056091308594,16053,0.0,0.0
2013-08-19 00:00:00+05:30,84.78259234617161,87.56157444267458,83.88766785736134,86.00723266601562,21055,0.0,0.0
2013-08-20 00:00:00+05:30,85.67752618569916,86.99636809244238,83.18115533274367,85.86593627929688,14347,0.0,0.0
2013-08-21 00:00:00+05:30,85.77173045242861,91.18839638950837,85.72462613465356,86.19564056396484,19790,0.0,0.0
2013-08-22 00:00:00+05:30,85.48912202794718,88.83332747247951,84.78260035829473,87.70288848876953,13645,0.0,0.0
2013-08-23 00:00:00+05:30,84.97100453994297,89.39854471528557,84.97100453994297,87.60868835449219,5170,0.0,0.0
2013-08-26 00:00:00+05:30,89.49274736389135,90.38767196268616,86.05434036985663,86.94927215576172,6812,0.0,0.0
2013-08-27 00:00:00+05:30,85.86594107193785,88.36231925133987,85.11231502970347,87.23188018798828,17461,0.0,0.0
2013-08-28 00:00:00+05:30,89.49274588381341,89.91665601578741,84.54709413760267,88.22100830078125,16885,0.0,0.0
2013-08-29 00:00:00+05:30,87.79708680949672,90.76447915363192,87.79708680949672,89.11592864990234,9271,0.0,0.0
2013-08-30 00:00:00+05:30,89.02173187421704,90.71738678476049,85.48912346651001,88.17390441894531,30803,0.0,0.0
2013-09-02 00:00:00+05:30,89.49274635991145,90.67028249622606,88.07970299633389,89.91665649414062,4589,0.0,0.0
2013-09-03 00:00:00+05:30,88.55071555689761,91.37680222360711,87.60868666799445,89.49274444580078,25725,0.0,0.0
2013-09-04 00:00:00+05:30,89.53985214201671,91.32970134874748,88.83333044869342,90.3876724243164,12104,0.0,0.0
2013-09-05 00:00:00+05:30,90.34056396427731,91.6594057305584,88.64490923804314,90.10505676269531,28749,0.0,0.0
2013-09-06 00:00:00+05:30,92.17752031706759,92.31882608012236,89.53984388418704,92.22462463378906,16470,0.0,0.0
2013-09-10 00:00:00+05:30,88.36231351369472,96.55796205204896,88.36231351369472,94.10868835449219,70859,0.0,0.0
2013-09-11 00:00:00+05:30,93.35505349421874,94.86229815054685,90.99998147273436,91.84780883789062,80228,0.0,0.0
2013-09-12 00:00:00+05:30,92.22463358438199,96.51086089896631,91.65941766441718,92.13043212890625,63707,0.0,0.0
2013-09-13 00:00:00+05:30,92.27172088623047,93.26085403110115,91.65940789733011,92.27172088623047,15071,0.0,0.0
2013-09-16 00:00:00+05:30,93.59056405789045,93.63766837485578,89.39853858392567,90.99998474121094,20734,0.0,0.0
2013-09-17 00:00:00+05:30,90.38766610908388,90.90578485616503,89.63404733445928,90.29346466064453,4734,0.0,0.0
2013-09-18 00:00:00+05:30,92.60143812920838,92.60143812920838,89.2101285451797,89.82244873046875,7009,0.0,0.0
2013-09-19 00:00:00+05:30,89.86956198350445,92.36594010276215,89.35144319356233,91.47100830078125,58382,0.0,0.0
2013-09-20 00:00:00+05:30,90.67028100037236,91.1883997666471,87.60868709646368,89.44564056396484,32398,0.0,0.0
2013-09-23 00:00:00+05:30,89.0688322514002,92.3188289677685,88.64491494897614,91.42390441894531,14900,0.0,0.0
2013-09-24 00:00:00+05:30,90.4818684096137,91.28259144595086,89.63404105879992,90.19925689697266,2523,0.0,0.0
2013-09-25 00:00:00+05:30,88.88042124807946,90.15215876800171,87.70288517646443,88.55071258544922,7502,0.0,0.0
2013-09-26 00:00:00+05:30,88.3623143549663,88.97462739485256,87.0434724476917,87.60868835449219,17345,0.0,0.0
2013-09-27 00:00:00+05:30,93.07245692208824,93.07245692208824,87.60868650196065,88.92752838134766,12292,0.0,0.0
2013-09-30 00:00:00+05:30,88.3623145129558,89.2572391013975,86.76086105586249,88.17390441894531,8602,0.0,0.0
2013-10-01 00:00:00+05:30,88.17389548578225,88.55070844851699,86.52534506253858,87.09056091308594,5935,0.0,0.0
2013-10-03 00:00:00+05:30,86.76085613428229,88.55071239674484,86.76085613428229,87.9854965209961,6809,0.0,0.0
2013-10-04 00:00:00+05:30,88.36230358605874,88.55070646966111,86.76085032700142,87.84418487548828,3493,0.0,0.0
2013-10-07 00:00:00+05:30,87.27897670027122,88.40940847535082,84.8297030628588,86.66665649414062,5962,0.0,0.0
2013-10-08 00:00:00+05:30,88.07969404187594,89.11592429906435,86.19563641531174,87.09056091308594,18828,0.0,0.0
2013-10-09 00:00:00+05:30,87.46738579771389,93.26086522647779,86.19564816386583,87.93840026855469,11794,0.0,0.0
2013-10-10 00:00:00+05:30,87.65579869288908,91.84782474217484,87.65579869288908,90.62318420410156,23925,0.0,0.0
2013-10-11 00:00:00+05:30,90.43477176301225,95.05071467583798,89.77535442708425,93.11955261230469,138929,0.0,0.0
2013-10-14 00:00:00+05:30,94.1557925149532,94.1557925149532,90.90579544887899,91.23550415039062,12746,0.0,0.0
2013-10-15 00:00:00+05:30,90.52897354019588,92.3188298418996,88.07969990017972,88.40940856933594,10376,0.0,0.0
2013-10-17 00:00:00+05:30,87.70288821915351,89.39854309595066,87.60868676757812,88.3152084350586,7597,0.0,0.0
2013-10-18 00:00:00+05:30,90.05796606816402,91.65941959339577,89.06883998418697,90.81159210205078,15500,0.0,0.0
2013-10-21 00:00:00+05:30,92.17752669988907,93.26086137551148,89.11593276584449,89.39854431152344,12441,0.0,0.0
2013-10-22 00:00:00+05:30,90.15216865177135,96.27535689548088,90.15216865177135,91.89492797851562,148801,0.0,0.0
2013-10-23 00:00:00+05:30,91.47099896375707,93.02534798781078,90.10506002004574,90.43476867675781,16306,0.0,0.0
2013-10-24 00:00:00+05:30,89.58695377263761,92.17753344485281,89.4927523128883,90.62318420410156,8673,0.0,0.0
2013-10-25 00:00:00+05:30,92.13042499461704,93.92027407138696,90.01086006854864,90.9057846069336,41479,0.0,0.0
2013-10-28 00:00:00+05:30,90.43478317211445,92.08333390702279,88.55072518936207,88.73912811279297,20317,0.0,0.0
2013-10-29 00:00:00+05:30,89.30434463205222,94.1086906942268,87.60868969852693,92.74274444580078,147724,0.0,0.0
2013-10-30 00:00:00+05:30,97.97100539915212,98.86592997747341,93.6376739054578,94.10868835449219,501007,0.0,0.0
2013-10-31 00:00:00+05:30,93.26085804828047,96.55795909039139,91.70650897672049,94.90940856933594,106869,0.0,0.0
2013-11-01 00:00:00+05:30,95.47463346023902,96.98187835568575,93.77898564802791,94.81521606445312,34132,0.0,0.0
2013-11-05 00:00:00+05:30,96.03984627028802,99.57245474791672,93.4963710412395,98.53622436523438,103032,0.0,0.0
2013-11-06 00:00:00+05:30,98.72463676204492,104.09419889824122,97.5941977106122,100.70289611816406,340731,0.0,0.0
2013-11-07 00:00:00+05:30,101.8333192400922,102.49274376026062,95.144915711646,96.08694458007812,133425,0.0,0.0
2013-11-08 00:00:00+05:30,95.75722472701175,96.98185780064368,93.59055570788817,94.01447296142578,35224,0.0,0.0
2013-11-11 00:00:00+05:30,94.20288504332156,94.90940668114648,92.8840432152931,93.3079605102539,20395,0.0,0.0
2013-11-12 00:00:00+05:30,93.73186930012483,95.56882265779598,91.61230441645367,93.40216064453125,16893,0.0,0.0
2013-11-13 00:00:00+05:30,96.08694926346882,98.39491722877668,94.20289143477336,95.1449203491211,137695,0.0,0.0
2013-11-14 00:00:00+05:30,94.72101049853667,97.02897847081387,93.92028016923494,94.53260040283203,31187,0.0,0.0
2013-11-18 00:00:00+05:30,95.61593703848716,96.08695150665704,91.47100828117006,93.21376037597656,113242,0.0,0.0
2013-11-19 00:00:00+05:30,93.26086606684419,94.01449210182452,90.90579369141884,91.3768081665039,42004,0.0,0.0
2013-11-20 00:00:00+05:30,91.89492817095268,92.5072412469174,89.96376592289447,90.71739196777344,33360,0.0,0.0
2013-11-21 00:00:00+05:30,93.09717117565582,93.09717117565582,90.1938312233503,90.47940826416016,13263,1.0,0.0
2013-11-22 00:00:00+05:30,89.6702675483051,92.76398707031439,89.05152945392338,89.43228912353516,13599,0.0,0.0
2013-11-25 00:00:00+05:30,92.33563327127933,92.33563327127933,89.62268055034994,91.0029525756836,13185,0.0,0.0
2013-11-26 00:00:00+05:30,93.76350146152457,94.52503534287196,89.7178681497329,91.24092864990234,395443,0.0,0.0
2013-11-27 00:00:00+05:30,93.23994329292516,94.57262391518117,90.90775765087098,91.81207275390625,979603,0.0,0.0
2013-11-28 00:00:00+05:30,91.85968135301368,93.28755204762011,91.38372445481154,91.57410430908203,97203,0.0,0.0
2013-11-29 00:00:00+05:30,91.57409616148014,92.7639883011175,90.66978104036586,91.1933364868164,55040,0.0,0.0
2013-12-02 00:00:00+05:30,90.52700436810531,91.85968519126097,89.14673221065644,90.00345611572266,53927,0.0,0.0
2013-12-03 00:00:00+05:30,90.19383837415424,91.19335083370689,89.33711444632718,89.7654800415039,56653,0.0,0.0
2013-12-04 00:00:00+05:30,90.33662252238395,90.33662252238395,86.19579887843001,86.81453704833984,77491,0.0,0.0
2013-12-05 00:00:00+05:30,87.14771629163002,88.09963014620806,82.91169528124193,86.62416076660156,93723,0.0,0.0
2013-12-06 00:00:00+05:30,87.33808597167462,89.00393502290547,85.29146997051447,88.24240112304688,59291,0.0,0.0
2013-12-09 00:00:00+05:30,88.90874972140242,88.90874972140242,83.76841378654129,83.95879364013672,76824,0.0,0.0
2013-12-10 00:00:00+05:30,84.05398513757021,89.47989048539802,84.05398513757021,87.48087310791016,80061,0.0,0.0
2013-12-11 00:00:00+05:30,88.29000114995007,88.29000114995007,83.67322087116402,85.19628143310547,50119,0.0,0.0
2013-12-12 00:00:00+05:30,84.95830738613353,87.38569050217632,84.38716055368992,85.05349731445312,27518,0.0,0.0
2013-12-13 00:00:00+05:30,84.76791675257789,86.5765469482892,84.00638289778622,85.2438735961914,21661,0.0,0.0
2013-12-16 00:00:00+05:30,84.72031281976771,87.9568206047132,84.43473582660134,84.67271423339844,16842,0.0,0.0
2013-12-17 00:00:00+05:30,85.76742996447867,86.76694233661254,84.81551618626575,85.95781707763672,27096,0.0,0.0
2013-12-18 00:00:00+05:30,84.95831049477572,86.43377985655825,83.95879805453255,84.14918518066406,36931,0.0,0.0
2013-12-19 00:00:00+05:30,84.72032792935971,85.24388342269758,82.62612048106006,83.62562561035156,29070,0.0,0.0
2013-12-20 00:00:00+05:30,84.43473582660134,86.5289501639306,83.1972524687712,84.67271423339844,57484,0.0,0.0
2013-12-23 00:00:00+05:30,84.7203296380328,86.38617881630871,83.81601441769342,84.38716125488281,46826,0.0,0.0
2013-12-24 00:00:00+05:30,84.76792519818362,89.95585240544499,84.48234815855284,88.0520248413086,90728,0.0,0.0
2013-12-26 00:00:00+05:30,89.24190991685474,90.33661213100653,88.43278471944696,88.76595306396484,52316,0.0,0.0
2013-12-27 00:00:00+05:30,90.14622661312099,90.14622661312099,86.19579047488104,86.76693725585938,31743,0.0,0.0
2013-12-30 00:00:00+05:30,87.57605568566129,88.48037074697069,86.62414203690409,87.14769744873047,37083,0.0,0.0
2013-12-31 00:00:00+05:30,88.24240554225527,88.24240554225527,85.10109438870309,85.6722412109375,27293,0.0,0.0
2014-01-01 00:00:00+05:30,85.33907499217463,87.86164805516646,85.33907499217463,86.81453704833984,40791,0.0,0.0
2014-01-02 00:00:00+05:30,87.10010949132185,90.43180766858553,85.62464025066625,85.91021728515625,118521,0.0,0.0
2014-01-03 00:00:00+05:30,85.91021728515625,87.10010949132185,85.291471885445,85.91021728515625,35752,0.0,0.0
2014-01-06 00:00:00+05:30,86.62415431060806,87.7664479459574,84.72032674334194,86.33857727050781,45529,0.0,0.0
2014-01-07 00:00:00+05:30,87.5760665214447,88.05202340471342,84.05398849026643,84.52994537353516,178457,0.0,0.0
2014-01-08 00:00:00+05:30,85.67223864916843,87.38568632716208,84.72032488639991,84.86311340332031,99966,0.0,0.0
2014-01-09 00:00:00+05:30,85.67223305418555,86.86212517993813,83.2924488026804,83.5780258178711,73820,0.0,0.0
2014-01-10 00:00:00+05:30,83.4352308755683,86.14818326055031,83.38763228919902,84.67271423339844,110554,0.0,0.0
2014-01-13 00:00:00+05:30,85.67223182091345,86.6241455078125,82.95927926575621,83.53042602539062,70157,0.0,0.0
2014-01-14 00:00:00+05:30,84.10157871843894,84.72032411108118,82.34053972593844,82.7688980102539,44105,0.0,0.0
2014-01-15 00:00:00+05:30,83.10207621349396,84.43474970051658,82.911689099258,83.91120147705078,14155,0.0,0.0
2014-01-16 00:00:00+05:30,84.24436250328246,84.81550927113867,83.2924488026804,83.5780258178711,48295,0.0,0.0
2014-01-17 00:00:00+05:30,83.29245536892762,84.2443691445725,80.29392552314107,82.15016174316406,87120,0.0,0.0
2014-01-20 00:00:00+05:30,80.91267277268645,84.24437106332648,80.67469432335501,81.19824981689453,82160,0.0,0.0
2014-01-21 00:00:00+05:30,80.43671267270632,82.19775167516578,80.43671267270632,81.05545806884766,22772,0.0,0.0
2014-01-22 00:00:00+05:30,80.53190292887246,81.67420380243576,80.53190292887246,80.7222900390625,22866,0.0,0.0
2014-01-23 00:00:00+05:30,80.48430952961313,81.34102608460923,80.05594398958961,80.2939224243164,13213,0.0,0.0
2014-01-24 00:00:00+05:30,79.96076263373229,80.34152962258864,77.62857662859226,77.91414642333984,21345,0.0,0.0
2014-01-27 00:00:00+05:30,77.00982170853727,78.67567072520052,62.35034890939567,76.43867492675781,154374,0.0,0.0
2014-01-28 00:00:00+05:30,75.2963814025514,78.39010130493996,75.20119147344467,77.81895446777344,34842,0.0,0.0
2014-01-29 00:00:00+05:30,78.29490661621094,79.9607556931516,77.67616122084213,78.29490661621094,32424,0.0,0.0
2014-01-30 00:00:00+05:30,76.15309376657773,78.19970961405949,76.10549517796363,77.2953872680664,8877,0.0,0.0
2014-01-31 00:00:00+05:30,76.24830192869845,79.62759917831929,76.24830192869845,78.81847381591797,19848,0.0,0.0
2014-02-03 00:00:00+05:30,77.24780228289967,79.5799880659297,77.20020369037842,78.96124267578125,8787,0.0,0.0
2014-02-04 00:00:00+05:30,77.96173492963632,82.4357264976728,76.62905427239397,81.24583435058594,22856,0.0,0.0
2014-02-05 00:00:00+05:30,81.91218549716666,84.72032830565844,80.00835789479231,80.53190612792969,42209,0.0,0.0
2014-02-06 00:00:00+05:30,79.96075267923689,81.3886232627947,78.91364903713291,79.53239440917969,14030,0.0,0.0
2014-02-07 00:00:00+05:30,79.05643629451086,81.2934320541109,79.05643629451086,80.86506652832031,11017,0.0,0.0
2014-02-10 00:00:00+05:30,80.05594255213859,81.86458007609221,77.5333697368237,79.19921875,34787,0.0,0.0
2014-02-11 00:00:00+05:30,78.81845766932152,79.96075121017103,78.05692380040504,78.43769073486328,9198,0.0,0.0
2014-02-12 00:00:00+05:30,78.247314453125,79.62759387352754,78.05693459084075,78.247314453125,9535,0.0,0.0
2014-02-13 00:00:00+05:30,77.53338005767972,78.53289250364574,74.72523710952959,75.8675308227539,33925,0.0,0.0
2014-02-14 00:00:00+05:30,75.34398256357872,77.72376718490132,74.5348572448343,75.8675308227539,12057,0.0,0.0
2014-02-17 00:00:00+05:30,75.10599701061099,76.72424749531912,73.77331629598486,74.15408325195312,15858,0.0,0.0
2014-02-18 00:00:00+05:30,73.44015112743728,75.01081035004795,73.2973626049225,74.296875,13252,0.0,0.0
2014-02-19 00:00:00+05:30,73.58293963091401,74.72523328568481,73.58293963091401,73.96369934082031,8750,0.0,0.0
2014-02-20 00:00:00+05:30,73.20217038041996,78.24730900493248,72.96419193787148,76.96222686767578,232362,0.0,0.0
2014-02-21 00:00:00+05:30,76.39107760070071,77.91413813151178,73.77331481687608,74.7728271484375,34976,0.0,0.0
2014-02-24 00:00:00+05:30,74.5348427736974,76.39107151292679,72.58341685807686,73.48773193359375,20743,0.0,0.0
2014-02-25 00:00:00+05:30,72.72621575857295,75.20119018559362,72.72621575857295,73.96369934082031,10078,0.0,0.0
2014-02-26 00:00:00+05:30,74.53483739324541,74.58242871548062,70.44160602975018,73.24974822998047,175044,0.0,0.0
2014-02-28 00:00:00+05:30,74.15409401130928,74.15409401130928,70.53681829855208,71.86949920654297,18345,0.0,0.0
2014-03-03 00:00:00+05:30,72.53582798133421,73.77331881485175,70.44162054579392,72.2026596069336,22035,0.0,0.0
2014-03-04 00:00:00+05:30,73.29735867462625,73.29735867462625,70.53680734995989,72.3930435180664,35774,0.0,0.0
2014-03-05 00:00:00+05:30,74.72522562996286,74.96320405553598,71.48871758966325,72.58341979980469,8273,0.0,0.0
2014-03-06 00:00:00+05:30,71.86948845714045,76.5338673062017,71.39353157994084,74.48725128173828,39737,0.0,0.0
2014-03-07 00:00:00+05:30,74.24927452056103,88.194812790069,72.82140385670408,84.5775375366211,559623,0.0,0.0
2014-03-10 00:00:00+05:30,84.24437379153889,85.14868902327376,80.91267539300345,83.05448150634766,98959,0.0,0.0
2014-03-11 00:00:00+05:30,84.43474556490862,86.52896014377477,81.91217997193819,83.38764190673828,56439,0.0,0.0
2014-03-12 00:00:00+05:30,81.95977388404778,83.14966609276661,78.77086421718646,80.05594635009766,32121,0.0,0.0
2014-03-13 00:00:00+05:30,79.0088484337422,81.76940001224567,77.62857627575357,78.58049011230469,12906,0.0,0.0
2014-03-14 00:00:00+05:30,78.0569243813977,78.9136481746742,75.72473869208557,77.43817901611328,11098,0.0,0.0
2014-03-18 00:00:00+05:30,79.81796304440516,79.81796304440516,71.91708361749151,74.67762756347656,29141,0.0,0.0
2014-03-19 00:00:00+05:30,74.72522160019805,89.5750731026369,74.24926477471908,85.10108184814453,1050892,0.0,0.0
2014-03-20 00:00:00+05:30,84.14917992295136,87.24289971965895,81.43622709218988,83.91120147705078,334824,0.0,0.0
2014-03-21 00:00:00+05:30,84.57753261413269,86.6241485657179,81.86457996320593,82.29293823242188,104265,0.0,0.0
2014-03-24 00:00:00+05:30,85.33906707299973,86.29098079994334,82.10255894888638,83.00687408447266,263054,0.0,0.0
2014-03-25 00:00:00+05:30,84.10158305875164,84.10158305875164,81.19825031655773,81.91218566894531,71829,0.0,0.0
2014-03-26 00:00:00+05:30,83.05447096007155,83.05447096007155,79.62758306637308,80.86506652832031,128355,0.0,0.0
2014-03-27 00:00:00+05:30,80.48429989233365,82.43571846591307,80.48429989233365,81.57899475097656,56316,0.0,0.0
2014-03-28 00:00:00+05:30,83.19726193931157,83.19726193931157,80.05594370699635,80.96026611328125,33906,0.0,0.0
2014-03-31 00:00:00+05:30,80.91267726732337,85.05350106320465,79.53240508953839,82.10256958007812,149088,0.0,0.0
2014-04-01 00:00:00+05:30,84.19677052229137,84.19677052229137,81.48381771512655,81.81698608398438,30494,0.0,0.0
2014-04-02 00:00:00+05:30,81.9597681162165,84.0063840236896,81.38862134873044,83.2448501586914,48370,0.0,0.0
2014-04-03 00:00:00+05:30,86.05301226447202,86.86213757291999,81.2934430823942,82.38814544677734,181999,0.0,0.0
2014-04-04 00:00:00+05:30,82.76889509267308,84.24436426446192,81.57900294204508,82.29293823242188,53361,0.0,0.0
2014-04-07 00:00:00+05:30,83.6732252583248,83.7684151867136,81.38863066436379,82.6261215209961,66506,0.0,0.0
2014-04-09 00:00:00+05:30,83.48283154542892,85.05349065863211,82.62611499506848,84.05398559570312,50150,0.0,0.0
2014-04-10 00:00:00+05:30,83.34005581811917,88.9087500771124,83.34005581811917,86.38617706298828,181979,0.0,0.0
2014-04-11 00:00:00+05:30,86.43377276087938,87.5760663737881,84.95830352022378,85.91021728515625,39800,0.0,0.0
2014-04-15 00:00:00+05:30,87.10010235126202,87.10010235126202,82.5309137491366,83.53042602539062,27964,0.0,0.0
2014-04-16 00:00:00+05:30,83.57802855174651,84.86311063708989,80.91266719786549,81.2934341430664,29865,0.0,0.0
2014-04-17 00:00:00+05:30,82.19774160388941,83.57802074347457,82.1501502792639,82.67369842529297,12594,0.0,0.0
2014-04-21 00:00:00+05:30,84.05399146559681,90.43181102214848,83.67322449299836,88.48038482666016,279196,0.0,0.0
2014-04-22 00:00:00+05:30,88.48038534152036,90.43181154836387,87.81404858249017,89.52749633789062,87965,0.0,0.0
2014-04-23 00:00:00+05:30,89.47989557586715,96.61924894628207,89.33710705595368,93.57312774658203,499922,0.0,0.0
2014-04-24 00:00:00+05:30,93.57312774658203,93.57312774658203,93.57312774658203,93.57312774658203,0,0.0,0.0
2014-04-25 00:00:00+05:30,93.62071209416143,93.62071209416143,88.52797518901863,91.1933364868164,104138,0.0,0.0
2014-04-28 00:00:00+05:30,91.14573869999963,94.90579498940201,89.67026952882762,92.95437622070312,194197,0.0,0.0
2014-04-29 00:00:00+05:30,92.85920009127702,92.9067914268346,89.2895231107696,89.7654800415039,45542,0.0,0.0
2014-04-30 00:00:00+05:30,90.43180881132584,96.14329147309378,88.67076977645254,90.09864044189453,144583,0.0,0.0
2014-05-02 00:00:00+05:30,90.241420700183,93.76349844751621,89.14671850438211,90.76496887207031,142243,0.0,0.0
2014-05-05 00:00:00+05:30,92.81159290514493,97.475971847242,89.76547173531971,90.43180847167969,538883,0.0,0.0
2014-05-06 00:00:00+05:30,91.62169679641012,94.66781783683905,90.52699455101286,91.28852844238281,264476,0.0,0.0
2014-05-07 00:00:00+05:30,91.28853005630806,92.0500566986159,88.90874568186064,89.28951263427734,51696,0.0,0.0
2014-05-08 00:00:00+05:30,89.71786768511541,91.3837166872263,86.6241481097666,87.43327331542969,65087,0.0,0.0
2014-05-09 00:00:00+05:30,88.3375990939361,89.00393581535096,84.81551385388815,86.19579315185547,132572,0.0,0.0
2014-05-12 00:00:00+05:30,86.90972679697242,87.38568366385064,82.8164948368096,84.05398559570312,110684,0.0,0.0
2014-05-13 00:00:00+05:30,84.72032889182653,89.43229933529412,83.86360501232532,87.81404876708984,81957,0.0,0.0
2014-05-14 00:00:00+05:30,90.24142428207544,90.24142428207544,88.05201980357108,88.86114501953125,105939,0.0,0.0
2014-05-15 00:00:00+05:30,89.38470377647087,89.38470377647087,84.62513496262818,84.86311340332031,103915,0.0,0.0
2014-05-16 00:00:00+05:30,87.90923803950206,88.05202656210795,84.81551818731988,86.05300903320312,50650,0.0,0.0
2014-05-19 00:00:00+05:30,87.33809117139077,88.81356046676251,86.24338884861747,88.48038482666016,235206,0.0,0.0
2014-05-20 00:00:00+05:30,88.67076395955785,94.09666922728204,88.52797544987557,90.52699279785156,359073,0.0,0.0
2014-05-21 00:00:00+05:30,91.95487110647453,101.6643961689755,91.14574583356425,98.80865478515625,1186411,0.0,0.0
2014-05-22 00:00:00+05:30,101.16926693221897,103.62623778385002,98.27871644844129,99.24223327636719,438031,1.25,0.0
2014-05-23 00:00:00+05:30,100.49481515020977,103.04812904267656,99.24224024552565,100.20575714111328,172421,0.0,0.0
2014-05-26 00:00:00+05:30,101.16926314981492,105.45690993336338,92.49761202268793,95.00275421142578,369561,0.0,0.0
2014-05-27 00:00:00+05:30,95.38816662505296,97.70060849829456,92.7384953299126,95.77357482910156,193653,0.0,0.0
2014-05-28 00:00:00+05:30,96.35168536044438,99.91669477836074,94.52100186838588,97.41155242919922,113113,0.0,0.0
2014-05-29 00:00:00+05:30,97.31519456594961,98.2787113438303,94.90640262124789,96.39985656738281,57756,0.0,0.0
2014-05-30 00:00:00+05:30,96.25532279975953,100.49479788208167,95.43633504944768,96.5925521850586,95736,0.0,0.0
2014-06-02 00:00:00+05:30,97.70061386216737,103.3853649685959,96.35168874946477,100.15757751464844,271600,0.0,0.0
2014-06-03 00:00:00+05:30,99.72398518188926,101.84371912456275,98.18235982803132,99.8203353881836,92139,0.0,0.0
2014-06-04 00:00:00+05:30,99.82033735217702,100.97656190360668,97.6524245881773,98.95317077636719,207708,0.0,0.0
2014-06-05 00:00:00+05:30,99.24223822462201,108.34746976209193,98.18237113126817,104.58975982666016,1080574,0.0,0.0
2014-06-06 00:00:00+05:30,107.23941959441254,108.68469475147442,99.82033604419838,102.85541534423828,666805,0.0,0.0
2014-06-09 00:00:00+05:30,104.58975642511189,109.35916186561514,103.14448115816543,104.8788070678711,492164,0.0,0.0
2014-06-10 00:00:00+05:30,105.89049554160083,105.98684574934485,99.4349287080564,103.915283203125,234312,0.0,0.0
2014-06-11 00:00:00+05:30,104.54157428364584,109.8409167588537,100.25392740321581,103.14447784423828,498127,0.0,0.0
2014-06-12 00:00:00+05:30,103.09629843636594,113.50228290120414,103.09629843636594,111.62342071533203,915258,0.0,0.0
2014-06-13 00:00:00+05:30,113.06869415903185,114.46579791914957,103.1926470333418,105.50508880615234,543522,0.0,0.0
2014-06-16 00:00:00+05:30,105.9868506518933,106.95036747600143,101.26561674355352,103.72258758544922,147002,0.0,0.0
2014-06-17 00:00:00+05:30,105.40874131837182,112.63511745055841,103.67440810622706,111.1898422241211,371720,0.0,0.0
2014-06-18 00:00:00+05:30,111.28619930460465,112.73147462024887,103.67441450533504,106.61314392089844,415738,0.0,0.0
2014-06-19 00:00:00+05:30,108.78104710007509,109.84091409924382,105.74596774028078,107.48030090332031,161025,0.0,0.0
2014-06-20 00:00:00+05:30,108.29928665139984,109.64821160251427,105.02332815613615,105.36055755615234,102254,0.0,0.0
2014-06-23 00:00:00+05:30,106.22772811173182,107.81753231558676,103.62623566982364,105.11968231201172,70052,0.0,0.0
2014-06-24 00:00:00+05:30,105.8904995504894,108.25111280931132,104.30069533385118,105.16786193847656,111633,0.0,0.0
2014-06-25 00:00:00+05:30,105.98684889058218,110.51537494821439,105.02333208248598,107.62482452392578,200009,0.0,0.0
2014-06-26 00:00:00+05:30,108.29929099800553,108.78104940337828,105.45691199567634,106.13137817382812,71112,0.0,0.0
2014-06-27 00:00:00+05:30,107.81753473040685,113.11687729458095,106.13138027816963,111.28619384765625,528312,0.0,0.0
2014-06-30 00:00:00+05:30,111.91247619504333,117.54904792449138,111.91247619504333,114.94755554199219,522427,0.0,0.0
2014-07-01 00:00:00+05:30,115.86290401545732,122.80022256286497,115.14026636047525,119.66879272460938,751421,0.0,0.0
2014-07-02 00:00:00+05:30,121.59581874883216,121.69217631088384,116.44100527421251,117.16364288330078,181809,0.0,0.0
2014-07-03 00:00:00+05:30,117.54904878032667,118.41621536448986,112.82781502303803,113.50228118896484,138960,0.0,0.0
2014-07-04 00:00:00+05:30,114.56215327826776,118.41622062252537,113.7913368689962,114.85120391845703,176962,0.0,0.0
2014-07-07 00:00:00+05:30,116.39283443680617,116.39283443680617,112.39423817595046,115.18843841552734,77107,0.0,0.0
2014-07-08 00:00:00+05:30,115.14025970617311,116.2001267353505,108.54017097565267,111.1898422241211,125224,0.0,0.0
2014-07-09 00:00:00+05:30,110.80442804825086,112.2497031967063,106.99853976440467,109.31097412109375,108747,0.0,0.0
2014-07-10 00:00:00+05:30,108.1547616824436,112.73146651978533,105.98684886475543,110.61173248291016,124242,0.0,0.0
2014-07-11 00:00:00+05:30,109.551860857446,115.42931941345739,108.97375222845882,112.29788970947266,238673,0.0,0.0
2014-07-14 00:00:00+05:30,112.2497125921414,120.2469053567226,110.9007875371331,118.94615173339844,442033,0.0,0.0
2014-07-15 00:00:00+05:30,120.10237374327964,124.29367046310456,117.9826323169998,120.7768325805664,476702,0.0,0.0
2014-07-16 00:00:00+05:30,121.4031199872184,124.19731289973502,118.2716903050084,120.7768325805664,209285,0.0,0.0
2014-07-17 00:00:00+05:30,120.39142543482411,125.25718838560815,120.39142543482411,122.84839630126953,239377,0.0,0.0
2014-07-18 00:00:00+05:30,122.36662802744233,125.16082073935537,122.36662802744233,122.703857421875,143905,0.0,0.0
2014-07-21 00:00:00+05:30,123.47467743281375,125.25718947151775,121.93305930673215,124.43819427490234,145384,0.0,0.0
2014-07-22 00:00:00+05:30,126.17251891596996,129.01489046563296,122.36663059000769,123.8600845336914,230130,0.0,0.0
2014-07-23 00:00:00+05:30,123.86009191711177,124.72725118663362,122.12575867596794,122.84839630126953,108577,0.0,0.0
2014-07-24 00:00:00+05:30,122.07756723395829,124.14913703292001,121.88486682761499,122.51115417480469,54206,0.0,0.0
2014-07-25 00:00:00+05:30,122.70386542041807,123.66738959039716,116.87459307652664,118.2235107421875,84845,0.0,0.0
2014-07-28 00:00:00+05:30,117.54905073738276,124.29366840264242,117.54905073738276,123.137451171875,124524,0.0,0.0
2014-07-30 00:00:00+05:30,123.90826413424708,124.2936649664817,120.92135622708103,122.41481018066406,37869,0.0,0.0
2014-07-31 00:00:00+05:30,121.2104108605162,123.33014478356392,121.2104108605162,122.703857421875,27166,0.0,0.0
2014-08-01 00:00:00+05:30,121.40312319547431,137.20479366706098,120.92136477009545,130.02659606933594,671351,0.0,0.0
2014-08-04 00:00:00+05:30,132.9653321870324,135.8558828867505,130.0747814873143,131.4718780517578,393359,0.0,0.0
2014-08-05 00:00:00+05:30,131.90545269801686,132.86896956126637,128.14774281218402,130.12295532226562,77276,0.0,0.0
2014-08-06 00:00:00+05:30,129.49665181206643,131.0382845702028,124.82360416152117,125.5462417602539,73133,0.0,0.0
2014-08-07 00:00:00+05:30,127.13604110303126,134.4105960141072,123.13745219205367,129.73753356933594,360066,0.0,0.0
2014-08-08 00:00:00+05:30,125.25718916733025,126.17252722467147,123.57103469777005,124.91995239257812,182162,0.0,0.0
2014-08-11 00:00:00+05:30,122.3666342351638,125.06448422958735,119.5724340304501,121.11405944824219,596117,0.0,0.0
2014-08-12 00:00:00+05:30,119.0425112376173,123.04110033397957,117.78993637662774,119.57244110107422,452201,0.0,0.0
2014-08-13 00:00:00+05:30,120.68047501032581,122.8002089563149,116.5855287524904,120.2950668334961,513698,0.0,0.0
2014-08-14 00:00:00+05:30,121.40312366610877,122.75204873260891,118.56075188577474,121.01771545410156,191475,0.0,0.0
2014-08-18 00:00:00+05:30,126.22069973933867,131.42368453477695,125.49806214541115,126.99151611328125,399921,0.0,0.0
2014-08-19 00:00:00+05:30,128.05136943917523,128.34042740289073,124.67906083405822,126.076171875,219153,0.0,0.0
2014-08-20 00:00:00+05:30,126.99151893810433,129.01489542485004,125.25718573367958,127.18421936035156,136103,0.0,0.0
2014-08-21 00:00:00+05:30,128.9185426284684,134.45876387814167,127.7141467046264,133.01348876953125,414589,0.0,0.0
2014-08-22 00:00:00+05:30,134.45877244564846,138.69824048686525,132.4835600642703,133.06167602539062,266440,0.0,0.0
2014-08-25 00:00:00+05:30,134.31423611130333,134.69965165277011,126.12434330690435,127.08786010742188,159529,0.0,0.0
2014-08-26 00:00:00+05:30,126.89516108868345,128.9667310539264,125.30536423111774,127.66597747802734,94408,0.0,0.0
2014-08-27 00:00:00+05:30,126.70245537545924,131.52003923003943,126.70245537545924,128.8221893310547,153513,0.0,0.0
2014-08-28 00:00:00+05:30,130.65287490797124,131.61639164120967,128.34042592693984,129.49664306640625,78218,0.0,0.0
2014-09-01 00:00:00+05:30,131.03829330340258,133.73614345889274,128.29226436436605,131.6164093017578,85162,0.0,0.0
2014-09-02 00:00:00+05:30,132.2908739711495,133.73614932836796,130.07478214966096,130.50836181640625,90796,0.0,0.0
2014-09-03 00:00:00+05:30,131.08645460013716,131.90543500277187,125.44987582543996,130.99009704589844,108332,0.0,0.0
2014-09-04 00:00:00+05:30,129.11125351892736,131.03828715353822,129.11125351892736,129.73753356933594,44566,0.0,0.0
2014-09-05 00:00:00+05:30,131.56821333091378,131.71273496057285,127.66596760703378,128.00320434570312,55154,0.0,0.0
2014-09-08 00:00:00+05:30,127.66597166848838,134.69964701026643,127.37691369787576,131.27915954589844,96022,0.0,0.0
2014-09-09 00:00:00+05:30,131.9536182920214,132.43537667549143,128.629488386498,129.78570556640625,45561,0.0,0.0
2014-09-10 00:00:00+05:30,126.65428434334115,132.9653225192776,126.65428434334115,129.83389282226562,62331,0.0,0.0
2014-09-11 00:00:00+05:30,131.71275290609773,131.71275290609773,128.1477434351637,129.15943908691406,89933,0.0,0.0
2014-09-12 00:00:00+05:30,130.0747754627266,140.96251886780453,130.0747754627266,139.0836639404297,789566,0.0,0.0
2014-09-15 00:00:00+05:30,139.99899514640217,147.1290136449447,139.51723674238985,144.14212036132812,870010,0.0,0.0
2014-09-16 00:00:00+05:30,145.44286654913157,145.44286654913157,134.89235991081304,136.0967559814453,321278,0.0,0.0
2014-09-17 00:00:00+05:30,138.65006568773254,141.44427331058296,134.1215395359198,137.83108520507812,167058,0.0,0.0
2014-09-18 00:00:00+05:30,138.31283175113512,141.15520320982097,136.91573541063855,138.5537109375,142194,0.0,0.0
2014-09-19 00:00:00+05:30,138.50554006901487,142.98588731040752,137.01208608785078,138.07196044921875,149278,0.0,0.0
2014-09-22 00:00:00+05:30,139.13182011019023,141.73332723319805,135.85586886935764,136.57850646972656,113148,0.0,0.0
2014-09-23 00:00:00+05:30,136.81938794339789,139.61358083041605,132.00180386088388,136.24127197265625,122422,0.0,0.0
2014-09-24 00:00:00+05:30,135.85588780433233,137.59022122736116,132.2908780860574,133.78433227539062,120562,0.0,0.0
2014-09-25 00:00:00+05:30,134.3624287514759,134.89236598684445,127.47328879798825,131.4718780517578,85944,0.0,0.0
2014-09-26 00:00:00+05:30,131.03828542415093,134.1697150390663,126.50975938300093,132.09815979003906,60918,0.0,0.0
2014-09-29 00:00:00+05:30,132.00178670652414,136.00037509453225,125.30534864248868,127.13602447509766,165018,0.0,0.0
2014-09-30 00:00:00+05:30,126.41338787283964,135.75949690565642,125.25717077533311,133.1580047607422,140589,0.0,0.0
2014-10-01 00:00:00+05:30,140.67343657425081,149.10420760181722,140.48073617689747,141.492431640625,1633758,0.0,0.0
2014-10-07 00:00:00+05:30,143.37131174742063,146.35820519297283,135.1814184351928,136.62669372558594,411458,0.0,0.0
2014-10-08 00:00:00+05:30,135.85587571563826,138.4091894847729,133.44708359302058,134.5069580078125,154674,0.0,0.0
2014-10-09 00:00:00+05:30,133.10986159705791,139.32455772524293,133.10986159705791,136.5303497314453,111215,0.0,0.0
2014-10-10 00:00:00+05:30,135.37411674877296,138.45736771295128,133.5434406237578,133.97702026367188,128769,0.0,0.0
2014-10-13 00:00:00+05:30,133.44707459200086,134.8923497680875,130.07476584779866,132.4353790283203,121556,0.0,0.0
2014-10-14 00:00:00+05:30,133.30255354637632,139.32453347344247,130.6528823784672,134.45877075195312,219053,0.0,0.0
2014-10-15 00:00:00+05:30,134.45877075195312,134.45877075195312,134.45877075195312,134.45877075195312,0,0.0,0.0
2014-10-16 00:00:00+05:30,133.880654798115,140.67345109626552,132.72443759253818,134.45877075195312,377109,0.0,0.0
2014-10-17 00:00:00+05:30,135.95223729933716,137.78291348579054,133.20620831755625,134.26608276367188,63627,0.0,0.0
2014-10-20 00:00:00+05:30,135.5668057311894,137.59019681608288,132.91713463064266,133.7361297607422,85968,0.0,0.0
2014-10-21 00:00:00+05:30,135.56680917769353,136.53032596602412,133.49525396362253,134.45877075195312,49577,0.0,0.0
2014-10-22 00:00:00+05:30,135.56679650642167,136.09673363089078,132.43536723703835,133.1580047607422,65150,0.0,0.0
2014-10-27 00:00:00+05:30,135.61497638792395,136.62667186978103,132.48354709299852,132.72442626953125,38770,0.0,0.0
2014-10-28 00:00:00+05:30,132.00180394292943,133.83248001458267,129.1112534916244,131.23098754882812,91673,0.0,0.0
2014-10-29 00:00:00+05:30,132.33905275681036,132.38721684037,130.0266033640001,130.50836181640625,67957,0.0,0.0
2014-10-30 00:00:00+05:30,130.50834996360027,131.03828715353822,128.19591548290717,129.73753356933594,69753,0.0,0.0
2014-10-31 00:00:00+05:30,129.7375284811488,134.69964871692184,129.11124845530233,129.88206481933594,78233,0.0,0.0
2014-11-03 00:00:00+05:30,130.02657906250369,132.86895046005083,128.91854070989837,129.40029907226562,111622,0.0,0.0
2014-11-05 00:00:00+05:30,131.03829224083256,131.61640823449994,129.25578017877518,130.55653381347656,56305,0.0,0.0
2014-11-07 00:00:00+05:30,131.9054304215595,132.04996674789766,129.9783970205018,130.70103454589844,46202,0.0,0.0
2014-11-10 00:00:00+05:30,131.03827419256646,132.67624967955385,130.0747574705623,131.85726928710938,56880,0.0,0.0
2014-11-11 00:00:00+05:30,132.96531502038982,133.92883179589987,130.17112225225029,130.8455810546875,62305,0.0,0.0
2014-11-12 00:00:00+05:30,132.91713795714082,132.96531673695816,128.62949119118778,129.97840881347656,60403,0.0,0.0
2014-11-13 00:00:00+05:30,132.77260504525742,138.650048131397,131.23097243460873,132.72442626953125,371739,0.0,0.0
2014-11-14 00:00:00+05:30,134.89236598684445,137.30115823660952,130.74924037682828,131.4718780517578,160617,0.0,0.0
2014-11-17 00:00:00+05:30,132.00179409850395,132.33903084017905,126.84697363060607,128.09954833984375,144669,0.0,0.0
2014-11-18 00:00:00+05:30,129.20761528086857,129.49665857377448,123.57103583559766,124.48637390136719,170144,0.0,0.0
2014-11-19 00:00:00+05:30,125.25720298717921,129.01491319595385,123.90828514354264,125.30538177490234,122917,0.0,0.0
2014-11-20 00:00:00+05:30,124.96657709596332,126.51534061104817,123.03060423930177,124.3373794555664,73256,0.6,0.0
2014-11-21 00:00:00+05:30,125.83775205993648,131.11325486532348,123.22420170197121,129.2740936279297,135712,0.0,0.0
2014-11-24 00:00:00+05:30,130.6292627734241,131.98444741933082,124.86976864649131,129.85487365722656,105266,0.0,0.0
2014-11-25 00:00:00+05:30,131.64565300378018,131.64565300378018,122.83701152246346,123.46620178222656,99537,0.0,0.0
2014-11-26 00:00:00+05:30,123.466193056261,125.40215840478648,122.69180396280213,123.22419738769531,56003,0.0,0.0
2014-11-27 00:00:00+05:30,122.93380566447125,125.06336469831089,122.74021207416658,123.56299591064453,39012,0.0,0.0
2014-11-28 00:00:00+05:30,124.38578811887143,124.57938172220587,120.99784836466092,121.28824615478516,60276,0.0,0.0
2014-12-01 00:00:00+05:30,123.70819864014281,129.2256973716239,123.70819864014281,126.51534271240234,257616,0.0,0.0
2014-12-02 00:00:00+05:30,126.9993295051041,126.9993295051041,123.90178776502724,124.4341812133789,65118,0.0,0.0
2014-12-03 00:00:00+05:30,126.80573137044406,127.48331629394734,123.85338123563311,125.4505615234375,68124,0.0,0.0
2014-12-04 00:00:00+05:30,126.41854896076612,128.16090603809917,123.99859216419895,125.54735565185547,77890,0.0,0.0
2014-12-05 00:00:00+05:30,125.54735909947998,127.24132890359466,123.95019347798393,124.28897857666016,43305,0.0,0.0
2014-12-08 00:00:00+05:30,125.25695768922196,126.27334249626294,120.99783964192389,122.7402114868164,68921,0.0,0.0
2014-12-09 00:00:00+05:30,123.32100405873162,124.09538582911323,120.90104717918477,122.01422882080078,65643,0.0,0.0
2014-12-10 00:00:00+05:30,122.93381259429107,122.93381259429107,119.20708038243352,119.64266967773438,44032,0.0,0.0
2014-12-11 00:00:00+05:30,118.96507936548889,119.0618761617667,114.22196249665423,116.73871612548828,131917,0.0,0.0
2014-12-12 00:00:00+05:30,118.09389400914422,118.81988106247913,116.78711879016583,117.5615005493164,81516,0.0,0.0
2014-12-15 00:00:00+05:30,118.09389216486747,121.09463712809789,116.73871487611507,118.48108673095703,142735,0.0,0.0
2014-12-16 00:00:00+05:30,117.60990360889619,118.38429275954688,114.70595537163949,114.99635314941406,52616,0.0,0.0
2014-12-17 00:00:00+05:30,116.15792572363566,116.15792572363566,109.18845313426633,113.15718078613281,101301,0.0,0.0
2014-12-18 00:00:00+05:30,119.06187733714269,119.06187733714269,114.60915819830652,115.2867431640625,27737,0.0,0.0
2014-12-19 00:00:00+05:30,118.86828732906196,122.40141853797374,116.44833039960322,117.41631317138672,48205,0.0,0.0
2014-12-22 00:00:00+05:30,119.06187501526972,119.9814556487372,117.65830301995156,118.19068908691406,49041,0.0,0.0
2014-12-23 00:00:00+05:30,119.06187121759427,119.06187121759427,114.22195775346442,116.35151672363281,31565,0.0,0.0
2014-12-24 00:00:00+05:30,116.88391101283692,118.67467753062618,115.6255305489191,117.17430877685547,41691,0.0,0.0
2014-12-26 00:00:00+05:30,118.09389431792624,121.53023600007873,116.1579288373045,118.96508026123047,80719,0.0,0.0
2014-12-29 00:00:00+05:30,117.80349326984117,122.25621965969633,117.80349326984117,121.62702941894531,62319,0.0,0.0
2014-12-30 00:00:00+05:30,120.99784309589359,123.70819773529051,119.83626675622192,122.88540649414062,54830,0.0,0.0
2014-12-31 00:00:00+05:30,120.99784650812678,122.93381205225681,119.54587235002926,120.22345733642578,24258,0.0,0.0
2015-01-01 00:00:00+05:30,120.65904719628442,121.4818310290183,120.0782590428912,121.0462417602539,10940,0.0,0.0
2015-01-02 00:00:00+05:30,121.23984367212482,123.90179632760062,120.94944588293299,121.5786361694336,40575,0.0,0.0
2015-01-05 00:00:00+05:30,122.933805360623,125.83775351874796,119.54586584281056,120.46544647216797,121547,0.0,0.0
2015-01-06 00:00:00+05:30,119.25546480211072,120.85263772229794,115.48033820818694,116.35151672363281,48981,0.0,0.0
2015-01-07 00:00:00+05:30,116.44832502748498,118.09389270955286,113.97996611926106,116.20632934570312,45835,0.0,0.0
2015-01-08 00:00:00+05:30,120.32025884004862,120.32025884004862,114.75435802472683,115.81913757324219,53795,0.0,0.0
2015-01-09 00:00:00+05:30,118.48108468427802,118.48108468427802,115.0447431241365,116.01272583007812,72410,0.0,0.0
2015-01-12 00:00:00+05:30,117.99709493946965,117.99709493946965,112.62478789422664,115.67393493652344,75393,0.0,0.0
2015-01-13 00:00:00+05:30,113.35077924614576,117.80349844654728,113.35077924614576,114.94795227050781,27086,0.0,0.0
2015-01-14 00:00:00+05:30,114.56075336457964,116.88391336817651,113.25397817040705,113.97996520996094,48300,0.0,0.0
2015-01-15 00:00:00+05:30,114.70595391922676,117.94869459941253,114.17356046175533,115.04474639892578,52170,0.0,0.0
2015-01-16 00:00:00+05:30,116.93232422855388,117.60990922891008,113.6411812587039,114.51236724853516,53834,0.0,0.0
2015-01-19 00:00:00+05:30,121.38502924412232,121.38502924412232,114.89954087333989,115.57713317871094,84936,0.0,0.0
2015-01-20 00:00:00+05:30,116.1579245913575,119.54586405860543,115.38353547336634,116.3031234741211,148915,0.0,0.0
2015-01-21 00:00:00+05:30,116.8839172584961,118.57788707383662,114.70595606734399,115.52873992919922,129334,0.0,0.0
2015-01-22 00:00:00+05:30,116.01273520862561,117.85190397561871,114.41556213768101,115.383544921875,89866,0.0,0.0
2015-01-23 00:00:00+05:30,116.78711930775253,116.78711930775253,112.52799376562072,113.88317108154297,48204,0.0,0.0
2015-01-27 00:00:00+05:30,115.77073176383612,115.77073176383612,112.52799113085315,113.97996520996094,46986,0.0,0.0
2015-01-28 00:00:00+05:30,114.22195918150155,117.3195008832223,112.57639153717277,116.3031234741211,57974,0.0,0.0
2015-01-29 00:00:00+05:30,116.1579283983755,117.12591113502863,113.25398018841611,114.75435638427734,33195,0.0,0.0
2015-01-30 00:00:00+05:30,115.38353657441282,116.7871159410252,114.22196027146369,114.85115051269531,45352,0.0,0.0
2015-02-02 00:00:00+05:30,115.1899478643267,117.56150266042567,114.7059564867455,116.64192199707031,46621,0.0,0.0
2015-02-03 00:00:00+05:30,116.93231730089553,123.90179003639382,115.04474653723655,121.53023529052734,285001,0.0,0.0
2015-02-04 00:00:00+05:30,122.78860352637939,128.88689008089116,120.9978370155733,122.83700561523438,263633,0.0,0.0
2015-02-05 00:00:00+05:30,121.0462437776717,123.90178988743482,114.27036464320263,115.04474639892578,181146,0.0,0.0
2015-02-06 00:00:00+05:30,115.9643372786672,116.59352016281474,107.44608606037251,110.15644073486328,102898,0.0,0.0
2015-02-09 00:00:00+05:30,111.02761509593441,113.20557621722877,104.78412950227276,107.20408630371094,82699,0.0,0.0
2015-02-10 00:00:00+05:30,106.52649797986349,111.12441575698861,104.54213051147654,106.76849365234375,66925,0.0,0.0
2015-02-11 00:00:00+05:30,107.44608802618359,110.10804065746291,105.80052026271446,107.54288482666016,61366,0.0,0.0
2015-02-12 00:00:00+05:30,108.1236681331718,108.60765949882632,100.33141157720726,104.05814361572266,96791,0.0,0.0
2015-02-13 00:00:00+05:30,103.57415375548709,106.38130519410886,102.60617101010871,105.41332244873047,92955,0.0,0.0
2015-02-16 00:00:00+05:30,105.51012128574962,109.04325985170058,104.44534172227571,107.5912857055664,90284,0.0,0.0
2015-02-18 00:00:00+05:30,109.2852549488139,113.447576380705,106.47810347118545,111.26961517333984,111337,0.0,0.0
2015-02-19 00:00:00+05:30,117.51311147924575,117.51311147924575,110.54363100191198,112.57640075683594,162554,0.0,0.0
2015-02-20 00:00:00+05:30,112.28599098950664,115.28673582340875,110.68881808892465,111.60840606689453,70828,0.0,0.0
2015-02-23 00:00:00+05:30,114.02836894358727,114.02836894358727,108.65606181940309,111.94720458984375,46317,0.0,0.0
2015-02-24 00:00:00+05:30,111.94721099055798,119.44907760300835,108.99486053096396,114.8027572631836,169542,0.0,0.0
2015-02-25 00:00:00+05:30,115.86752622214932,117.75509691799762,113.01198021153823,115.48033905029297,70945,0.0,0.0
2015-02-26 00:00:00+05:30,116.15792967930591,118.5294844562095,113.93156640640365,116.10952758789062,69277,0.0,0.0
2015-02-27 00:00:00+05:30,116.59352052953706,117.12591400177591,114.17356362867393,114.3671646118164,36987,0.0,0.0
2015-03-02 00:00:00+05:30,116.20633398095096,118.09389742009198,111.56001375135739,112.0924072265625,54263,0.0,0.0
2015-03-03 00:00:00+05:30,113.25398604552711,113.25398604552711,108.94646559869925,111.99560546875,37477,0.0,0.0
2015-03-04 00:00:00+05:30,113.20557150931758,113.20557150931758,107.44607751546522,108.22046661376953,77657,0.0,0.0
2015-03-05 00:00:00+05:30,106.52650292996515,110.15643818584599,105.84891058446074,106.86529541015625,49710,0.0,0.0
2015-03-09 00:00:00+05:30,107.44608401758502,109.86604086482792,105.5101185397907,107.97847747802734,63531,0.0,0.0
2015-03-10 00:00:00+05:30,108.07528080506592,111.80201309797386,106.62330660898834,110.54363250732422,97068,0.0,0.0
2015-03-11 00:00:00+05:30,109.47884427690106,113.73796972666882,108.75285723609254,110.30162811279297,126469,0.0,0.0
2015-03-12 00:00:00+05:30,110.35002802264245,113.25397612850146,108.84965188056653,109.81763458251953,63749,0.0,0.0
2015-03-13 00:00:00+05:30,110.44682800374098,111.0760182551957,106.67169388013473,109.14005279541016,63119,0.0,0.0
2015-03-16 00:00:00+05:30,111.31801680015109,111.31801680015109,107.39768368922726,108.75286102294922,50569,0.0,0.0
2015-03-17 00:00:00+05:30,108.94645815479525,109.86603878529291,106.96209062356712,107.20408630371094,42190,0.0,0.0
2015-03-18 00:00:00+05:30,108.36566473329826,108.36566473329826,104.63893266323663,106.28450775146484,26584,0.0,0.0
2015-03-19 00:00:00+05:30,106.67169390392876,107.97847649767321,103.81614780415698,104.34854125976562,30666,0.0,0.0
2015-03-20 00:00:00+05:30,104.88092366727125,105.02612254874089,100.76699720798877,102.2189712524414,59192,0.0,0.0
2015-03-23 00:00:00+05:30,104.05815088810628,108.41407348342236,93.60393370529863,95.63670349121094,295668,0.0,0.0
2015-03-24 00:00:00+05:30,94.86230150392329,98.73423217755281,93.11992974674133,93.84591674804688,74980,0.0,0.0
2015-03-25 00:00:00+05:30,93.89432940566748,97.57266691375294,93.89432940566748,96.55628204345703,38624,0.0,0.0
2015-03-26 00:00:00+05:30,98.39545349375427,99.70222880199864,96.8950771936557,97.8630599975586,127934,0.0,0.0
2015-03-27 00:00:00+05:30,98.63744570842708,104.49373703397761,96.79827696899174,100.52500915527344,71656,0.0,0.0
2015-03-30 00:00:00+05:30,101.63818093163837,106.28450072827624,99.70221558055955,101.73497772216797,96723,0.0,0.0
2015-03-31 00:00:00+05:30,102.60617755845537,104.97773248193661,99.70222913698964,100.37981414794922,38729,0.0,0.0
2015-04-01 00:00:00+05:30,100.28300731984292,104.542132722603,97.95984733787179,98.78263854980469,80321,0.0,0.0
2015-04-06 00:00:00+05:30,100.67020100483978,109.28524852939373,99.70221830287018,108.12366485595703,136380,0.0,0.0
2015-04-07 00:00:00+05:30,108.89805169910234,109.86603438087214,103.7677405316737,104.2517318725586,52590,0.0,0.0
2015-04-08 00:00:00+05:30,104.88093626238089,106.28451577164687,102.60617812992133,102.89657592773438,35933,0.0,0.0
2015-04-09 00:00:00+05:30,103.28375064105929,108.41406188052576,103.09015705603566,105.89730834960938,34783,0.0,0.0
2015-04-10 00:00:00+05:30,104.54213692644876,108.55926681314695,104.54213692644876,106.52650451660156,42120,0.0,0.0
2015-04-13 00:00:00+05:30,109.52724045513892,118.77147051139242,108.41405890896009,113.35076904296875,239015,0.0,0.0
2015-04-15 00:00:00+05:30,114.17355880378561,114.17355880378561,105.75211209871482,107.4944839477539,103933,0.0,0.0
2015-04-16 00:00:00+05:30,107.68807938963734,110.44682871045978,105.51011823344243,106.57489776611328,39469,0.0,0.0
2015-04-17 00:00:00+05:30,109.28525170629551,110.35003123239065,103.57415212162981,104.34854125976562,76661,0.0,0.0
2015-04-20 00:00:00+05:30,106.47809926327949,109.91444087537052,105.51011654270421,107.20408630371094,61895,0.0,0.0
2015-04-21 00:00:00+05:30,110.05963186824864,110.35002963713202,106.47809877267125,107.78487396240234,53689,0.0,0.0
2015-04-22 00:00:00+05:30,108.2688697409325,111.31801689821235,106.5748999185684,107.05889129638672,47538,0.0,0.0
2015-04-23 00:00:00+05:30,109.091652894199,109.091652894199,105.51011967576773,106.52650451660156,25952,0.0,0.0
2015-04-24 00:00:00+05:30,107.05889087008966,109.1400552634459,104.59053928411836,105.94570922851562,38594,0.0,0.0
2015-04-27 00:00:00+05:30,106.33289196888336,108.26885725692902,99.65381024810155,101.00898742675781,37259,0.0,0.0
2015-04-28 00:00:00+05:30,101.25099717361417,104.92933468667299,99.79902300558398,102.46097564697266,24930,0.0,0.0
2015-04-29 00:00:00+05:30,105.21972330757352,105.21972330757352,102.17058351443765,103.09016418457031,27585,0.0,0.0
2015-04-30 00:00:00+05:30,102.5577731312563,103.42895911490446,99.70222686915007,100.18621826171875,29537,0.0,0.0
2015-05-04 00:00:00+05:30,101.15419534673853,104.39693601719327,101.15419534673853,102.65457153320312,14424,0.0,0.0
2015-05-05 00:00:00+05:30,103.57415212162981,105.31652398987431,102.60616939152112,104.34854125976562,14613,0.0,0.0
2015-05-06 00:00:00+05:30,102.89656864016526,106.18770406163279,98.05665492021623,100.6218032836914,44854,0.0,0.0
2015-05-07 00:00:00+05:30,102.07378446475484,106.96210061429906,98.73424672089143,100.08942413330078,25621,0.0,0.0
2015-05-08 00:00:00+05:30,100.18621168091398,103.0417577554516,100.18621168091398,102.12217712402344,21539,0.0,0.0
2015-05-11 00:00:00+05:30,102.94495924078637,105.02612353439086,100.76699815366767,104.4453353881836,20585,0.0,0.0
2015-05-12 00:00:00+05:30,104.54213723575367,105.51011998793658,101.49299008935307,102.8481674194336,30884,0.0,0.0
2015-05-13 00:00:00+05:30,103.81615122439976,107.05889200007216,100.33141475822761,101.68659210205078,39083,0.0,0.0
2015-05-14 00:00:00+05:30,105.46171823145103,105.46171823145103,98.83103783494934,99.16983032226562,47119,0.0,0.0
2015-05-15 00:00:00+05:30,101.6381881189296,101.6381881189296,99.99262040819583,100.6218032836914,14392,0.0,0.0
2015-05-18 00:00:00+05:30,102.60617021197639,103.28375517442169,100.91220042074093,101.49298858642578,36591,0.0,0.0
2015-05-19 00:00:00+05:30,101.63818973023095,102.70296928847556,99.21823283189211,100.28301239013672,37911,0.0,0.0
2015-05-20 00:00:00+05:30,100.67020490528208,112.72158705768283,100.37980712939103,109.38204956054688,390085,0.0,0.0
2015-05-21 00:00:00+05:30,109.3820445758876,110.59202294508991,104.39693221774976,105.89730834960938,148347,0.0,0.0
2015-05-22 00:00:00+05:30,106.47810388443973,108.41406940961136,103.86455337950699,104.49373626708984,26986,0.0,0.0
2015-05-25 00:00:00+05:30,104.5421411878083,105.07453467568413,101.88018851867429,102.70297241210938,35860,0.0,0.0
2015-05-26 00:00:00+05:30,103.04175821564569,104.00974094152352,101.6381862171717,103.23535919189453,24415,0.0,0.0
2015-05-27 00:00:00+05:30,105.41332201044057,105.94570808711175,102.60617058349044,104.30014038085938,32250,0.0,0.0
2015-05-28 00:00:00+05:30,104.25173550029302,106.38130190536394,103.57415055352438,104.68733215332031,33092,0.0,0.0
2015-05-29 00:00:00+05:30,104.78413498346707,106.38130803298782,103.62255861206422,105.02613067626953,25196,0.0,0.0
2015-06-01 00:00:00+05:30,104.54212999195221,106.04250610792246,103.0901559642862,103.96134185791016,26888,0.0,0.0
2015-06-02 00:00:00+05:30,103.09016418457031,105.26812539973729,102.6061728034221,103.09016418457031,20440,0.0,0.0
2015-06-03 00:00:00+05:30,106.47809821868611,106.8652927801421,102.89656514174274,103.57415008544922,94851,0.0,0.0
2015-06-04 00:00:00+05:30,103.57416054293235,104.15494875119526,101.63819492530745,103.18696594238281,32004,0.0,0.0
2015-06-05 00:00:00+05:30,102.60617413875339,107.44608801322289,102.60617413875339,106.13931274414062,49200,0.0,0.0
2015-06-08 00:00:00+05:30,106.18770280297,108.898057408064,103.28375460542162,103.76774597167969,27198,0.0,0.0
2015-06-09 00:00:00+05:30,103.57415129671176,105.02612538031053,102.60616857431259,103.52574920654297,25235,0.0,0.0
2015-06-10 00:00:00+05:30,103.04176036882116,104.5421365793327,103.04176036882116,103.71935272216797,11660,0.0,0.0
2015-06-11 00:00:00+05:30,104.3001344369147,105.0261214515568,103.09015607917787,103.67094421386719,25068,0.0,0.0
2015-06-12 00:00:00+05:30,103.33216176442026,103.7193563534426,100.13781563638918,100.76700592041016,27318,0.0,0.0
2015-06-15 00:00:00+05:30,100.62180515575389,102.50937597272551,100.2830126660787,101.68659210205078,19833,0.0,0.0
2015-06-16 00:00:00+05:30,100.91219595205492,102.41257208332847,97.52425651961182,99.12142944335938,121833,0.0,0.0
2015-06-17 00:00:00+05:30,99.21823455731206,100.67020872156542,98.78264526208505,99.65382385253906,55717,0.0,0.0
2015-06-18 00:00:00+05:30,99.21823375453597,104.54213898038913,99.21823375453597,100.8154067993164,29927,0.0,0.0
2015-06-19 00:00:00+05:30,100.96060650846508,100.96060650846508,99.21823455731206,99.65382385253906,30971,0.0,0.0
2015-06-22 00:00:00+05:30,99.79902193851365,102.60617344371525,99.70222513870443,100.8154067993164,28745,0.0,0.0
2015-06-23 00:00:00+05:30,101.10579365098965,111.75360372906935,100.67020437457164,108.55926513671875,295468,0.0,0.0
2015-06-24 00:00:00+05:30,108.99485555374918,112.33440045334979,105.75211483669644,110.204833984375,138071,0.0,0.0
2015-06-25 00:00:00+05:30,110.35003635121558,112.18920510076033,106.5749020516495,107.54288482666016,67483,0.0,0.0
2015-06-26 00:00:00+05:30,110.35003854006474,110.35003854006474,107.63968376222462,108.0268783569336,35379,0.0,0.0
2015-06-29 00:00:00+05:30,106.2360992078428,106.72009054819743,103.09015549553766,104.54212951660156,50453,0.0,0.0
2015-06-30 00:00:00+05:30,107.44608760429418,107.44608760429418,104.39694039795863,105.02613067626953,29585,0.0,0.0
2015-07-01 00:00:00+05:30,105.07452888707324,109.18845551273289,104.54213542852725,105.17132568359375,205525,0.0,0.0
2015-07-02 00:00:00+05:30,105.46171439459087,108.41406464476958,103.57415104455666,104.1065444946289,58197,0.0,0.0
2015-07-03 00:00:00+05:30,104.54213917012117,107.78487997291063,104.25174138504408,106.72010040283203,35553,0.0,0.0
2015-07-06 00:00:00+05:30,105.99410695026785,107.78487349021144,104.54213288245596,106.67169189453125,98585,0.0,0.0
2015-07-07 00:00:00+05:30,106.62329657098898,112.47958751275726,106.5264997773879,109.23684692382812,106565,0.0,0.0
2015-07-08 00:00:00+05:30,108.4140637107277,109.52724530621047,104.59053495354995,108.36566162109375,49623,0.0,0.0
2015-07-09 00:00:00+05:30,108.55926787969217,115.96433746175818,107.4460862300144,111.26961517333984,146622,0.0,0.0
2015-07-10 00:00:00+05:30,114.02837184175641,114.4155590368426,111.17281827470052,112.96358489990234,60841,0.0,0.0
2015-07-13 00:00:00+05:30,113.25397380404097,121.23983093124899,113.25397380404097,118.38428497314453,192443,0.0,0.0
2015-07-14 00:00:00+05:30,120.99783489479744,120.99783489479744,116.64191283858472,118.67467498779297,59306,0.0,0.0
2015-07-15 00:00:00+05:30,119.54586468902524,125.3537609492208,114.56075225533299,115.43193817138672,319948,0.0,0.0
2015-07-16 00:00:00+05:30,116.06113838870769,117.90030717292319,113.3507836135351,114.22196960449219,117856,0.0,0.0
2015-07-17 00:00:00+05:30,114.60915532839824,118.96507756092512,113.68956731490267,114.2703628540039,160462,0.0,0.0
2015-07-20 00:00:00+05:30,113.5443771472744,117.70669845388969,113.06038578242689,113.93156433105469,86407,0.0,0.0
2015-07-21 00:00:00+05:30,114.46396231179709,114.7059580037882,109.28525598021173,110.10803985595703,70202,0.0,0.0
2015-07-22 00:00:00+05:30,111.0276159378371,114.89954684949834,108.12366775409117,112.81838989257812,70047,0.0,0.0
2015-07-23 00:00:00+05:30,112.33439773515451,113.01198268586029,108.99485291636205,110.30162811279297,95586,0.0,0.0
2015-07-24 00:00:00+05:30,110.54362764227501,111.56001248884706,108.41406853579932,108.75286102294922,48186,0.0,0.0
2015-07-27 00:00:00+05:30,108.31727385756882,109.81764272577901,105.36492344363904,107.83328247070312,90610,0.0,0.0
2015-07-28 00:00:00+05:30,108.02687450824244,110.78562389643311,105.17132832110377,109.57564544677734,49859,0.0,0.0
2015-07-29 00:00:00+05:30,110.01123590584893,113.93156143022442,109.09164790497917,112.9151840209961,62792,0.0,0.0
2015-07-30 00:00:00+05:30,115.08284806435233,119.61521888337487,114.04828180994048,116.36373138427734,79327,2.05,0.0
2015-07-31 00:00:00+05:30,116.80712326158434,116.85638366911004,112.61960524317487,114.4424057006836,29321,0.0,0.0
2015-08-03 00:00:00+05:30,116.85637843797747,120.20639420618595,114.49166098293446,117.59535217285156,102652,0.0,0.0
2015-08-04 00:00:00+05:30,116.75785289805698,122.9652354261114,116.36373205993405,120.89610290527344,152461,0.0,0.0
2015-08-05 00:00:00+05:30,122.57111495892967,122.66964328945114,118.13727243039529,118.92550659179688,80961,0.0,0.0
2015-08-06 00:00:00+05:30,118.48212544886646,119.31962753487196,116.46226084388576,116.80712127685547,46240,0.0,0.0
2015-08-07 00:00:00+05:30,116.26520481582514,121.58581738711396,115.42770272525881,119.22109985351562,91724,0.0,0.0
2015-08-10 00:00:00+05:30,122.17698969666078,123.65493715266878,116.8563773515861,120.25566101074219,167450,0.0,0.0
2015-08-11 00:00:00+05:30,120.2556674917059,127.99025057431385,120.20639956695864,121.93067169189453,302265,0.0,0.0
2015-08-12 00:00:00+05:30,121.1916989236902,127.00495326478243,119.31963052630103,122.37405395507812,310696,0.0,0.0
2015-08-13 00:00:00+05:30,122.1769855322671,125.52700115514608,120.20638899142408,122.71890258789062,166727,0.0,0.0
2015-08-14 00:00:00+05:30,124.44318510691875,125.32994761166236,120.84684461166677,123.9012680053711,80788,0.0,0.0
2015-08-17 00:00:00+05:30,124.1475930027349,130.05938314572225,122.76817379925852,127.30054473876953,307014,0.0,0.0
2015-08-18 00:00:00+05:30,127.4483464777961,130.15791691672948,125.42848187097202,126.41378021240234,111671,0.0,0.0
2015-08-19 00:00:00+05:30,126.11818194024013,138.92705979354577,123.45787954682997,136.61160278320312,668130,0.0,0.0
2015-08-20 00:00:00+05:30,137.94176687454546,143.16385105597374,131.34027103815555,135.57705688476562,423032,0.0,0.0
2015-08-21 00:00:00+05:30,133.01528484193472,147.20357587795687,129.12335914419242,143.11459350585938,688089,0.0,0.0
2015-08-24 00:00:00+05:30,134.9858687856404,139.91236034716013,125.23141399038545,125.92112731933594,432584,0.0,0.0
2015-08-25 00:00:00+05:30,125.92113645869152,133.45866308110672,121.04390494845983,127.6454086303711,162734,0.0,0.0
2015-08-26 00:00:00+05:30,127.6454012671781,133.0152741423284,126.11818585346691,127.7931900024414,142547,0.0,0.0
2015-08-27 00:00:00+05:30,130.05938369926363,133.50792796401686,127.49760194594876,128.58143615722656,111351,0.0,0.0
2015-08-28 00:00:00+05:30,129.6652646971455,136.95646623850527,129.36967219477486,134.69027709960938,404295,0.0,0.0
2015-08-31 00:00:00+05:30,136.95645898881452,138.582195114107,131.14320523256907,134.83807373046875,270231,0.0,0.0
2015-09-01 00:00:00+05:30,133.01527440318,133.70498022652686,123.40861569628368,124.68950653076172,154898,0.0,0.0
2015-09-02 00:00:00+05:30,127.94099147932401,128.08878021193877,123.7534661474734,125.77333068847656,94278,0.0,0.0
2015-09-03 00:00:00+05:30,126.46304759473841,132.22703384674355,126.46304759473841,129.3696746826172,158745,0.0,0.0
2015-09-04 00:00:00+05:30,127.74392557187306,127.84246142104891,121.29022586403858,123.9012680053711,87124,0.0,0.0
2015-09-07 00:00:00+05:30,124.14758417431824,127.10347903561153,115.57549208345944,118.38359069824219,99922,0.0,0.0
2015-09-08 00:00:00+05:30,118.87624693316612,123.06376490313139,114.44240437673228,121.33949279785156,126902,0.0,0.0
2015-09-09 00:00:00+05:30,122.8667013552205,124.73876972545087,122.17699551645504,123.75347137451172,50362,0.0,0.0
2015-09-10 00:00:00+05:30,118.87624539113088,123.16229163664,118.82697746758434,121.73361206054688,44057,0.0,0.0
2015-09-11 00:00:00+05:30,120.20639707648061,123.162292086558,119.71374790813438,120.89610290527344,53782,0.0,0.0
2015-09-14 00:00:00+05:30,122.66964014300689,128.08878087221603,121.4380172500048,126.06891632080078,127653,0.0,0.0
2015-09-15 00:00:00+05:30,129.07408108753023,130.01011149310517,124.39391402519612,124.68950653076172,104519,0.0,0.0
2015-09-16 00:00:00+05:30,127.49759658357443,127.49759658357443,123.70420707256659,124.2461166381836,32494,0.0,0.0
2015-09-18 00:00:00+05:30,126.06892004212425,128.53216590083892,124.344647941024,126.56156921386719,89956,0.0,0.0
2015-09-21 00:00:00+05:30,126.11817547295294,131.43877998693492,124.09831106200231,129.71450805664062,120109,0.0,0.0
2015-09-22 00:00:00+05:30,129.6159998149444,131.24173606443148,122.66964350134955,124.2953872680664,74372,0.0,0.0
2015-09-23 00:00:00+05:30,122.96523554179899,127.10348555290878,122.71891095739413,126.26597595214844,37095,0.0,0.0
2015-09-24 00:00:00+05:30,125.18215241200708,128.08877939917346,125.18215241200708,126.46304321289062,72670,0.0,0.0
2015-09-28 00:00:00+05:30,125.13288373231998,130.84761686242007,124.64023458376754,126.16744995117188,71204,0.0,0.0
2015-09-29 00:00:00+05:30,126.11818202942486,127.10348032652973,124.64023458376754,126.16744995117188,45460,0.0,0.0
2015-09-30 00:00:00+05:30,128.53216590083892,129.17261884478046,125.03436129180197,126.56156921386719,62295,0.0,0.0
2015-10-01 00:00:00+05:30,127.10348706291717,128.5321666625464,126.31524537656529,126.85716247558594,38957,0.0,0.0
2015-10-05 00:00:00+05:30,126.90642618397516,132.71968023808583,126.90642618397516,129.32040405273438,112613,0.0,0.0
2015-10-06 00:00:00+05:30,131.9314452404297,137.74471462256838,130.94614687408009,133.1138153076172,149324,0.0,0.0
2015-10-07 00:00:00+05:30,131.88218536851036,135.87263151342452,130.6012945531677,131.29100036621094,66306,0.0,0.0
2015-10-08 00:00:00+05:30,131.34026808920987,136.75940880903545,129.07407896311827,134.39468383789062,142157,0.0,0.0
2015-10-09 00:00:00+05:30,134.54249843093112,139.9123716602969,134.09911716143492,134.59176635742188,94559,0.0,0.0
2015-10-12 00:00:00+05:30,133.60644993567203,134.4932123549986,130.6505551586391,131.43878173828125,49052,0.0,0.0
2015-10-13 00:00:00+05:30,131.0446632644032,134.88732030874925,130.2564216814852,131.3402557373047,31123,0.0,0.0
2015-10-14 00:00:00+05:30,131.38953578821983,134.985868609657,131.0939432880222,132.12850952148438,70546,0.0,0.0
2015-10-15 00:00:00+05:30,132.57189478583777,144.3462069536646,132.57189478583777,141.24252319335938,390375,0.0,0.0
2015-10-16 00:00:00+05:30,143.06532557865543,148.73079141451564,141.24253254779416,143.11459350585938,260549,0.0,0.0
2015-10-19 00:00:00+05:30,143.36090324004127,145.92268484436855,140.30647248368635,142.27706909179688,179924,0.0,0.0
2015-10-20 00:00:00+05:30,143.80429191646397,144.1491523545245,138.23736222406794,142.12928771972656,80087,0.0,0.0
2015-10-21 00:00:00+05:30,141.8336917515707,146.11974550553725,140.15868759563253,141.784423828125,278225,0.0,0.0
2015-10-23 00:00:00+05:30,141.8829465008412,145.2329545016612,138.08954226463968,139.56748962402344,147676,0.0,0.0
2015-10-26 00:00:00+05:30,139.0255913614217,140.89765205324085,133.75423962396815,134.83807373046875,84978,0.0,0.0
2015-10-27 00:00:00+05:30,133.163056711526,140.6020617426581,133.163056711526,135.72483825683594,68232,0.0,0.0
2015-10-28 00:00:00+05:30,135.72483916611154,139.71530023923017,135.72483916611154,137.1535186767578,65523,0.0,0.0
2015-10-29 00:00:00+05:30,137.1535307131072,141.78443006601398,136.02044359630213,136.80868530273438,81836,0.0,0.0
2015-10-30 00:00:00+05:30,139.2226541539525,139.71530330875456,134.64100799361796,135.23219299316406,53501,0.0,0.0
2015-11-02 00:00:00+05:30,132.02997738069763,136.85793322635723,132.02997738069763,135.8726348876953,26984,0.0,0.0
2015-11-03 00:00:00+05:30,136.41454689396176,139.8138230286947,133.40938406621333,136.90719604492188,90015,0.0,0.0
2015-11-04 00:00:00+05:30,136.9564659147578,138.43441338865807,136.11895633243066,136.66087341308594,35960,0.0,0.0
2015-11-05 00:00:00+05:30,137.39984669850392,137.4491146210305,133.45865344772167,134.39468383789062,26424,0.0,0.0
2015-11-06 00:00:00+05:30,134.54248980861297,137.25206021289517,129.07408107671523,131.044677734375,30441,0.0,0.0
2015-11-09 00:00:00+05:30,128.0887820946909,136.95646700893874,125.62553628517763,134.98587036132812,78937,0.0,0.0
2015-11-10 00:00:00+05:30,134.9858593257696,138.33586733904926,133.01526283926202,133.65570068359375,49789,0.0,0.0
2015-11-13 00:00:00+05:30,132.32556780345033,134.49322110744774,129.5667294917903,130.74908447265625,41172,0.0,0.0
2015-11-16 00:00:00+05:30,131.6398899380477,133.37199375302202,128.17568230809908,130.7490997314453,72492,0.6,0.0
2015-11-17 00:00:00+05:30,129.66034510731956,131.59040065897835,128.67057148054613,129.01699829101562,43726,0.0,0.0
2015-11-18 00:00:00+05:30,129.90778511681916,130.45216361785802,126.39408581311015,127.92823791503906,59050,0.0,0.0
2015-11-19 00:00:00+05:30,127.73028740652562,131.39244674341998,126.83948209576964,130.8480682373047,49560,0.0,0.0
2015-11-20 00:00:00+05:30,131.1450008883542,132.13477447996442,128.67056690932864,130.05624389648438,40747,0.0,0.0
2015-11-23 00:00:00+05:30,130.55113442099628,132.6296650638418,129.66034420420357,131.24398803710938,29626,0.0,0.0
2015-11-24 00:00:00+05:30,132.62966166222947,146.48649198514897,131.5409046671872,140.15194702148438,244729,0.0,0.0
2015-11-26 00:00:00+05:30,141.04272665405176,145.49670749575864,138.6177845496715,144.16050720214844,529902,0.0,0.0
2015-11-27 00:00:00+05:30,146.4864929614424,151.13842586601996,142.77484195735178,145.49671936035156,424952,0.0,0.0
2015-11-30 00:00:00+05:30,146.38750977646296,146.4864931778169,140.0529647612236,140.5478515625,176148,0.0,0.0
2015-12-01 00:00:00+05:30,141.04273590309936,143.2697264699904,139.06318873252954,139.7560272216797,90536,0.0,0.0
2015-12-02 00:00:00+05:30,140.49835416815318,140.84478095610646,135.05459957471984,136.24232482910156,91933,0.0,0.0
2015-12-03 00:00:00+05:30,138.07340568456377,142.52738651309807,136.58874540838565,139.1126708984375,253732,0.0,0.0
2015-12-04 00:00:00+05:30,136.73721532681847,144.50694404426991,135.59898174017107,139.9539794921875,313868,0.0,0.0
2015-12-07 00:00:00+05:30,142.6263701269952,144.11103040547434,138.02391420206263,139.21163940429688,76080,0.0,0.0
2015-12-08 00:00:00+05:30,138.8652417917924,139.06319349507945,134.6092122087602,136.2918243408203,77034,0.0,0.0
2015-12-09 00:00:00+05:30,136.39080649507497,136.48977479443892,130.1552297307701,130.8480682373047,64208,0.0,0.0
2015-12-10 00:00:00+05:30,133.32250109731766,136.5392653020917,130.65011539390082,135.5,42992,0.0,0.0
2015-12-11 00:00:00+05:30,135.74744427349418,136.48977447937054,132.72864685179428,133.27301025390625,29839,0.0,0.0
2015-12-14 00:00:00+05:30,133.7678969138976,136.4897743325157,131.837841401245,135.69796752929688,38584,0.0,0.0
2015-12-15 00:00:00+05:30,136.09387263753328,140.9932490319351,135.20308242136818,136.2918243408203,65895,0.0,0.0
2015-12-16 00:00:00+05:30,136.58875313984254,141.7355727013743,135.6979629648116,136.73721313476562,64155,0.0,0.0
2015-12-17 00:00:00+05:30,136.09386426952412,151.83125780577436,136.09386426952412,145.94210815429688,803284,0.0,0.0
2015-12-18 00:00:00+05:30,147.87216106088027,171.77520115005635,147.47625768537353,167.271728515625,3278421,0.0,0.0
2015-12-21 00:00:00+05:30,170.24105053592115,176.03123184234005,168.26150343666626,170.19155883789062,1771649,0.0,0.0
2015-12-22 00:00:00+05:30,169.9936181947666,182.31629666781168,167.07378905418315,173.85372924804688,2147355,0.0,0.0
2015-12-23 00:00:00+05:30,174.44758759192396,178.06025499599173,167.91507614312806,174.94247436523438,1344561,0.0,0.0
2015-12-24 00:00:00+05:30,174.69503511464623,182.01935349195222,173.21037475956425,178.75311279296875,841375,0.0,0.0
2015-12-28 00:00:00+05:30,180.0398011521003,192.80788889869692,179.14901100587653,186.9682159423828,1629308,0.0,0.0
2015-12-29 00:00:00+05:30,186.07742689508032,193.00584172628012,179.64389883753765,184.8402099609375,612274,0.0,0.0
2015-12-30 00:00:00+05:30,185.92897560611937,188.45288618770073,179.89135064382498,182.6627197265625,542430,0.0,0.0
2015-12-31 00:00:00+05:30,181.72244112707878,188.05698620008832,180.23778070970965,181.22755432128906,237701,0.0,0.0
2016-01-01 00:00:00+05:30,181.17805403513515,185.7804950697965,177.26845147520027,183.40504455566406,275523,0.0,0.0
2016-01-04 00:00:00+05:30,185.43409217050157,186.6218174838475,178.45618518831736,181.22755432128906,217908,0.0,0.0
2016-01-05 00:00:00+05:30,182.56372742403434,192.3130028870852,178.15923816766076,187.1661834716797,567628,0.0,0.0
2016-01-06 00:00:00+05:30,191.32323801782817,197.9547180520216,183.355557595685,184.98867797851562,748298,0.0,0.0
2016-01-07 00:00:00+05:30,181.72243279064392,182.95964974836144,172.36906050810282,173.6062774658203,342756,0.0,0.0
2016-01-08 00:00:00+05:30,177.16946584348833,183.0586154585188,175.3383787308232,180.1882781982422,239341,0.0,0.0
2016-01-11 00:00:00+05:30,178.15924181767446,191.2737415625866,174.20014755505946,188.452880859375,345043,0.0,0.0
2016-01-12 00:00:00+05:30,190.72935916613474,193.99561488630016,181.27701878760513,184.74122619628906,290703,0.0,0.0
2016-01-13 00:00:00+05:30,188.0569808567103,193.7976706613065,168.2615091875829,182.06884765625,653648,0.0,0.0
2016-01-14 00:00:00+05:30,176.67457662648167,185.58253847319503,172.0721357134447,179.39645385742188,281115,0.0,0.0
2016-01-15 00:00:00+05:30,180.38623286272423,183.70198035836384,168.2615066483573,168.7563934326172,181794,0.0,0.0
2016-01-18 00:00:00+05:30,169.25128365817176,169.25128365817176,139.4096160016453,142.37893676757812,634297,0.0,0.0
2016-01-19 00:00:00+05:30,142.9232963229735,158.16581824062325,142.9232963229735,156.0377960205078,408198,0.0,0.0
2016-01-20 00:00:00+05:30,153.90978505828383,155.39444536431228,145.4967099907892,152.32614135742188,292357,0.0,0.0
2016-01-21 00:00:00+05:30,156.3347361822623,161.33309585348712,150.94047311445883,152.67257690429688,285674,0.0,0.0
2016-01-22 00:00:00+05:30,157.37399805443314,163.8075262767842,154.40467733642495,159.05661010742188,284171,0.0,0.0
2016-01-25 00:00:00+05:30,161.2835943181167,166.1829702900585,159.35353894768454,161.9269561767578,229577,0.0,0.0
2016-01-27 00:00:00+05:30,162.32286358398107,167.17274797923332,159.89792138635494,160.78871154785156,174355,0.0,0.0
2016-01-28 00:00:00+05:30,161.28359511190163,164.99524588205622,160.5412649578707,162.223876953125,116176,0.0,0.0
2016-01-29 00:00:00+05:30,164.15395780813586,168.06356051251748,160.93719360407877,163.06520080566406,215747,0.0,0.0
2016-02-01 00:00:00+05:30,163.85701405973444,167.0737780940283,158.61121122941373,160.2938232421875,230360,0.0,0.0
2016-02-02 00:00:00+05:30,160.34332637671207,161.67952680428343,151.28690379838542,153.95928955078125,119191,0.0,0.0
2016-02-03 00:00:00+05:30,151.33637372425008,153.21695258023504,148.51552809439195,149.2578582763672,105286,0.0,0.0
2016-02-04 00:00:00+05:30,151.78178159222713,155.34495734951702,144.60592327631136,146.0410919189453,131555,0.0,0.0
2016-02-05 00:00:00+05:30,152.42513243083602,162.22388490314836,149.65376336608972,157.3245086669922,497706,0.0,0.0
2016-02-08 00:00:00+05:30,158.36376953125,161.67951699690894,157.1760442803148,158.36376953125,178619,0.0,0.0
2016-02-09 00:00:00+05:30,157.1760459981032,160.19485840833468,153.71183850174654,156.4337158203125,101263,0.0,0.0
2016-02-10 00:00:00+05:30,156.48321128303917,158.0173482718414,150.74252141616947,152.67257690429688,140637,0.0,0.0
2016-02-11 00:00:00+05:30,152.7220579411257,152.7220579411257,136.09385969915286,141.9335174560547,242287,0.0,0.0
2016-02-12 00:00:00+05:30,142.57688657825335,146.4864891811191,133.6194326989938,141.78506469726562,208578,0.0,0.0
2016-02-15 00:00:00+05:30,144.25950189364096,155.394454869994,144.16051849275252,152.8705291748047,124525,0.0,0.0
2016-02-16 00:00:00+05:30,154.9985516623919,156.18627696077968,140.10245597517294,142.8738250732422,183334,0.0,0.0
2016-02-17 00:00:00+05:30,142.923291037312,146.4864817701157,137.03414158129226,144.3584747314453,113868,0.0,0.0
2016-02-18 00:00:00+05:30,145.99159495000035,151.13841425989193,139.55806703694947,141.9335174560547,114297,0.0,0.0
2016-02-19 00:00:00+05:30,139.70653655782746,146.98137850471497,139.70653655782746,142.57688903808594,104631,0.0,0.0
2016-02-22 00:00:00+05:30,143.5171613057658,148.36704554327625,143.02227454264246,146.88238525390625,110780,0.0,0.0
2016-02-23 00:00:00+05:30,146.48649258232402,147.08036278254016,139.5580773926195,140.3498992919922,134655,0.0,0.0
2016-02-24 00:00:00+05:30,140.64683135148425,143.31921698919004,138.5683007984096,139.36012268066406,86389,0.0,0.0
2016-02-25 00:00:00+05:30,139.55807852567904,143.12126955041205,139.45909512392384,140.7458038330078,37841,0.0,0.0
2016-02-26 00:00:00+05:30,141.29017144353878,144.50693541685928,140.7457929813508,142.13148498535156,67564,0.0,0.0
2016-02-29 00:00:00+05:30,141.29017562866213,142.92329596085474,133.91636563041249,138.56829833984375,113558,0.0,0.0
2016-03-01 00:00:00+05:30,139.3601184235722,149.05990220370677,139.3601184235722,147.87216186523438,82782,0.0,0.0
2016-03-02 00:00:00+05:30,149.7527414854883,163.3126361316256,142.52739153305507,157.96786499023438,360322,0.0,0.0
2016-03-03 00:00:00+05:30,158.36376681803048,160.34331390325588,152.3261421669948,155.0480194091797,214454,0.0,0.0
2016-03-04 00:00:00+05:30,155.3449599948225,158.36377242726653,152.92001775007924,156.82962036132812,165745,0.0,0.0
2016-03-08 00:00:00+05:30,156.13678175484725,157.6709338195804,149.95069689926692,151.7817840576172,218689,0.0,0.0
2016-03-09 00:00:00+05:30,151.43535873277898,155.64189647535616,149.95069835304585,154.8005828857422,89068,0.0,0.0
2016-03-10 00:00:00+05:30,155.19650221964844,157.76990449676114,151.68280294809912,152.57359313964844,62087,0.0,0.0
2016-03-11 00:00:00+05:30,152.47461635006198,158.36376587291176,151.58381110537948,157.17604064941406,138700,0.0,0.0
2016-03-14 00:00:00+05:30,158.01735100179408,160.640260133368,147.47626808262464,153.56336975097656,147929,0.0,0.0
2016-03-15 00:00:00+05:30,153.4149106789047,155.7408847206191,150.24763812414767,153.8603057861328,173599,0.0,0.0
2016-03-16 00:00:00+05:30,154.05824565454742,155.88933274695918,151.5838118014211,154.9490509033203,84162,0.0,0.0
2016-03-17 00:00:00+05:30,155.14701422724005,165.7870805937015,155.14701422724005,158.80917358398438,531135,0.0,0.0
2016-03-18 00:00:00+05:30,161.72899128052435,163.16417500357989,158.85865403990474,160.0958709716797,148618,0.0,0.0
2016-03-21 00:00:00+05:30,160.09587703607514,171.47827323956733,154.8995657257852,169.5482177734375,746383,0.0,0.0
2016-03-22 00:00:00+05:30,169.251280640312,171.03287608865398,163.56008260708512,166.430419921875,115478,0.0,0.0
2016-03-23 00:00:00+05:30,166.5788946479272,166.72735464214728,162.32286528158042,163.80752563476562,56322,0.0,0.0
2016-03-28 00:00:00+05:30,159.84843738835542,165.09424052133994,157.37400337305579,158.3142852783203,80254,0.0,0.0
2016-03-29 00:00:00+05:30,158.36376598458264,166.28195428381179,157.42348414459832,162.12490844726562,148295,0.0,0.0
2016-03-30 00:00:00+05:30,163.31264511095466,171.03288226402185,163.31264511095466,168.40997314453125,152443,0.0,0.0
2016-03-31 00:00:00+05:30,168.26150825224727,170.24105540815606,163.21365696358134,164.3024139404297,84041,0.0,0.0
2016-04-01 00:00:00+05:30,163.2631437312265,168.11304317834657,160.73921816313552,165.1437225341797,81519,0.0,0.0
2016-04-04 00:00:00+05:30,162.8177566493626,169.3007767279868,162.8177566493626,167.8161163330078,88836,0.0,0.0
2016-04-05 00:00:00+05:30,166.28195390428797,166.9253006610337,160.64024777451303,162.0259246826172,57566,0.0,0.0
2016-04-06 00:00:00+05:30,161.7784816680761,164.5003588959361,159.8484262906881,162.12490844726562,43854,0.0,0.0
2016-04-07 00:00:00+05:30,162.32286528158042,167.66763651194867,161.1351400195815,163.80752563476562,234861,0.0,0.0
2016-04-08 00:00:00+05:30,162.7682647742974,174.69503962171143,162.7682647742974,172.76498413085938,215719,0.0,0.0
2016-04-11 00:00:00+05:30,173.95270570223244,180.03980714374407,171.97315855341614,179.05003356933594,341877,0.0,0.0
2016-04-12 00:00:00+05:30,179.14902332440926,179.14902332440926,172.81447826453436,173.5568084716797,97909,0.0,0.0
2016-04-13 00:00:00+05:30,174.59605752190524,180.1387957396072,174.59605752190524,178.208740234375,165630,0.0,0.0
2016-04-18 00:00:00+05:30,174.74452158825287,182.11833144410926,172.2700877371101,177.0704803466797,123632,0.0,0.0
2016-04-20 00:00:00+05:30,175.3878685755404,181.82139659684165,173.25986150190056,179.5944061279297,120355,0.0,0.0
2016-04-21 00:00:00+05:30,180.1387823112998,184.09787642803167,172.22059407783607,173.95269775390625,107410,0.0,0.0
2016-04-22 00:00:00+05:30,173.21037559523592,176.08071292114423,171.67622353370032,174.10116577148438,201247,0.0,0.0
2016-04-25 00:00:00+05:30,170.3895204213264,175.18992845686458,169.251286814259,170.93389892578125,48191,0.0,0.0
2016-04-26 00:00:00+05:30,172.07214050947024,176.87253324346023,169.00383641342816,171.08236694335938,96469,0.0,0.0
2016-04-27 00:00:00+05:30,169.25128439241522,173.30936216456004,169.25128439241522,170.14207458496094,28237,0.0,0.0
2016-04-28 00:00:00+05:30,171.52776051913511,173.06191255366474,165.83656256404643,168.1625213623047,72147,0.0,0.0
2016-04-29 00:00:00+05:30,168.16251961741577,171.03287196575948,166.2324642210485,167.56866455078125,84373,0.0,0.0
2016-05-02 00:00:00+05:30,167.61815816844882,169.053326807685,164.5993457945579,165.73757934570312,100972,0.0,0.0
2016-05-03 00:00:00+05:30,166.28196014205318,170.24105443114968,162.66929264435106,164.00547790527344,65290,0.0,0.0
2016-05-04 00:00:00+05:30,161.33308469235823,165.88604895176834,158.46274750886843,161.53103637695312,54170,0.0,0.0
2016-05-05 00:00:00+05:30,158.51222517329492,167.76661374236426,158.51222517329492,166.77684020996094,104488,0.0,0.0
2016-05-06 00:00:00+05:30,166.77684478759767,170.24105224609374,163.90650750594213,168.26150512695312,76187,0.0,0.0
2016-05-09 00:00:00+05:30,169.2512808822482,177.51589625297692,169.10282088748505,176.42713928222656,151559,0.0,0.0
2016-05-10 00:00:00+05:30,176.22919371696094,187.0672116912204,175.6848152126541,183.4545440673828,419029,0.0,0.0
2016-05-11 00:00:00+05:30,179.64390361400714,192.60994346967033,179.64390361400714,188.94776916503906,342005,0.0,0.0
2016-05-12 00:00:00+05:30,188.05698520425258,192.01607962960526,184.34533418048443,185.97845458984375,264172,0.0,0.0
2016-05-13 00:00:00+05:30,184.59277331797946,193.5997189686952,183.2070963422138,189.54164123535156,351483,0.0,0.0
2016-05-16 00:00:00+05:30,188.94777321158662,194.98539818113667,188.05698301733992,192.75840759277344,353857,0.0,0.0
2016-05-17 00:00:00+05:30,194.8864161479017,197.85573695321912,186.57232393411155,188.2054443359375,656754,0.0,0.0
2016-05-18 00:00:00+05:30,178.15923603239196,190.82834028191118,175.14042373462732,188.89828491210938,1027861,0.0,0.0
2016-05-19 00:00:00+05:30,188.89828615455755,190.08601138203645,171.2308224240422,174.54656982421875,426401,0.0,0.0
2016-05-20 00:00:00+05:30,174.4970895112462,180.6336828392069,170.5379950928526,175.78379821777344,397074,0.0,0.0
2016-05-23 00:00:00+05:30,176.72406947075072,182.51423564704044,176.67457777295425,179.7923583984375,229435,0.0,0.0
2016-05-24 00:00:00+05:30,181.12857139799024,181.52447480257018,174.7940263082303,176.37765502929688,319125,0.0,0.0
2016-05-25 00:00:00+05:30,178.1592401262848,178.60463520605134,171.77520370897545,173.01242065429688,139288,0.0,0.0
2016-05-26 00:00:00+05:30,172.61650310392312,180.13878821326787,170.7854310765897,178.2582244873047,122087,0.0,0.0
2016-05-27 00:00:00+05:30,179.05003779555602,180.78214159165412,175.7343053046733,177.91180419921875,171118,0.0,0.0
2016-05-30 00:00:00+05:30,178.15924032140248,180.13878743608473,174.20014609203798,175.53634643554688,141045,0.0,0.0
2016-05-31 00:00:00+05:30,176.2786755276223,185.38458917903282,175.68480535574398,182.61322021484375,330191,0.0,0.0
2016-06-01 00:00:00+05:30,183.10810715667787,187.80953152961962,179.3964563359344,180.1882781982422,223324,0.0,0.0
2016-06-02 00:00:00+05:30,180.58418657900268,180.78213827437511,176.57560056103944,179.3469696044922,105474,0.0,0.0
2016-06-03 00:00:00+05:30,178.4561717767819,181.07906560925002,176.1796896206846,176.87252807617188,78860,0.0,0.0
2016-06-06 00:00:00+05:30,178.0602646897389,179.5449250904963,173.55680688963872,175.58583068847656,72545,0.0,0.0
2016-06-07 00:00:00+05:30,175.93225494048562,178.60464060257664,174.79402135749663,177.21896362304688,56498,0.0,0.0
2016-06-08 00:00:00+05:30,178.06025226447363,183.05861161878116,177.0210021386609,181.4254913330078,221315,0.0,0.0
2016-06-09 00:00:00+05:30,182.11833234922025,182.11833234922025,171.72571012277018,172.41854858398438,221507,0.0,0.0
2016-06-10 00:00:00+05:30,172.7154895333029,176.971518943498,172.2206027438092,174.29913330078125,163104,0.0,0.0
2016-06-13 00:00:00+05:30,173.2103777122267,176.08071507321648,170.53799204807305,172.2700958251953,184548,0.0,0.0
2016-06-14 00:00:00+05:30,172.66598970721162,174.497076783256,163.46109283531158,166.77684020996094,371554,0.0,0.0
2016-06-15 00:00:00+05:30,167.5191770444163,171.67622302585553,166.77684686548977,168.954345703125,235177,0.0,0.0
2016-06-16 00:00:00+05:30,168.26151229098627,171.37929309527945,164.00548278307673,165.58912658691406,169591,0.0,0.0
2016-06-17 00:00:00+05:30,166.62839252984273,171.52776885660128,165.83657062488,168.31100463867188,234916,0.0,0.0
2016-06-20 00:00:00+05:30,166.578896099805,170.19156361627802,166.3314527054508,169.25128173828125,140435,0.0,0.0
2016-06-21 00:00:00+05:30,170.0431040662174,170.0431040662174,162.867245611147,166.92530822753906,151014,0.0,0.0
2016-06-22 00:00:00+05:30,167.12326585891833,167.27172584667815,160.44229456030843,161.53103637695312,171774,0.0,0.0
2016-06-23 00:00:00+05:30,162.22388617925603,164.10446507140225,159.10610539610744,160.2443389892578,93731,0.0,0.0
2016-06-24 00:00:00+05:30,153.51388751542012,160.2443357428646,149.45580981703782,159.1555938720703,176176,0.0,0.0
2016-06-27 00:00:00+05:30,158.4132702193577,163.06520319277524,158.4132702193577,161.33309936523438,99758,0.0,0.0
2016-06-28 00:00:00+05:30,161.33309843363415,163.0652022511732,159.69997801819608,161.03616333007812,110508,0.0,0.0
2016-06-29 00:00:00+05:30,161.33308495799162,166.2819525947398,161.33308495799162,164.05496215820312,151974,0.0,0.0
2016-06-30 00:00:00+05:30,165.14372707596047,169.9936115537162,163.90651010686503,169.1522979736328,172722,0.0,0.0
2016-07-01 00:00:00+05:30,169.20178523735774,170.53798557005112,164.30240918872502,165.24269104003906,95599,0.0,0.0
2016-07-04 00:00:00+05:30,165.88605747857247,167.96457292777615,164.79730050321848,166.72735595703125,97021,0.0,0.0
2016-07-05 00:00:00+05:30,165.88605101999403,167.96456638827314,164.54985070251445,167.0737762451172,57548,0.0,0.0
2016-07-07 00:00:00+05:30,166.28195838186232,170.04310093723936,162.86724261421256,163.41162109375,110905,0.0,0.0
2016-07-08 00:00:00+05:30,162.81775094915957,164.500362984012,160.34331704415715,160.98666381835938,59981,0.0,0.0
2016-07-11 00:00:00+05:30,160.44229716972066,166.08400333753147,154.6026242113498,159.89791870117188,136373,0.0,0.0
2016-07-12 00:00:00+05:30,160.2443290870392,165.19319675622197,160.2443290870392,161.9269561767578,194197,0.0,0.0
2016-07-13 00:00:00+05:30,161.97644032221388,163.80752748627071,154.50366187558103,156.92860412597656,144663,0.0,0.0
2016-07-14 00:00:00+05:30,157.0770638914206,160.54127141625926,155.5924035236326,159.35354614257812,60036,0.0,0.0
2016-07-15 00:00:00+05:30,159.7494461025087,162.71876677432294,156.3347303504715,158.26478576660156,136418,0.0,0.0
2016-07-18 00:00:00+05:30,158.80916559063868,161.72899458880562,152.8210324978072,153.7118377685547,112192,0.0,0.0
2016-07-19 00:00:00+05:30,153.71183256517958,155.79034792107072,150.00018181957518,152.0292205810547,95812,0.0,0.0
2016-07-20 00:00:00+05:30,152.12819609217172,156.82962059305282,150.94047081776154,154.40467834472656,100223,0.0,0.0
2016-07-21 00:00:00+05:30,153.71183100347278,155.88932973155497,150.98995381768373,151.53433227539062,61358,0.0,0.0
2016-07-22 00:00:00+05:30,150.14864144230972,153.9097838759034,150.00018145394563,151.93023681640625,45486,0.0,0.0
2016-07-25 00:00:00+05:30,151.8312583942764,154.10774060779409,150.00018636592765,151.08892822265625,39643,0.0,0.0
2016-07-26 00:00:00+05:30,151.33637793059577,154.20673044232822,149.80224092740312,150.64353942871094,92710,0.0,0.0
2016-07-27 00:00:00+05:30,151.33637743738984,153.76133484020383,150.69303063832484,152.96951293945312,44244,0.0,0.0
2016-07-28 00:00:00+05:30,152.42513407629986,154.65212467157048,152.42513407629986,152.8705291748047,35537,0.0,0.0
2016-07-29 00:00:00+05:30,152.42513685763055,154.94906259887443,150.9404764336926,153.76133728027344,45629,0.0,0.0
2016-08-01 00:00:00+05:30,154.008771910239,158.95763970809057,152.17768478393555,153.41490173339844,107939,0.0,0.0
2016-08-02 00:00:00+05:30,153.41489993006604,154.40467347800197,143.86359123358284,145.4472198486328,148081,0.0,0.0
2016-08-03 00:00:00+05:30,144.50693551926764,146.4369908840786,142.62637185155344,144.6553955078125,88873,0.0,0.0
2016-08-04 00:00:00+05:30,146.48649144091297,146.98137823632146,142.92330047287328,145.0018310546875,52086,0.0,0.0
2016-08-05 00:00:00+05:30,145.39773098304875,149.2578569568419,145.00182759726044,146.33802795410156,199488,0.0,0.0
2016-08-08 00:00:00+05:30,146.4864948350655,146.93188994070385,145.24927781787747,146.09059143066406,48499,0.0,0.0
2016-08-09 00:00:00+05:30,146.1400606183732,151.1384201348949,142.77483654337138,143.71511840820312,80061,0.0,0.0
2016-08-10 00:00:00+05:30,144.1110334651659,147.67420914752014,143.8140983826166,145.0513153076172,71629,0.0,0.0
2016-08-11 00:00:00+05:30,146.43699469202124,146.43699469202124,135.59897726679384,135.94540405273438,124494,0.0,0.0
2016-08-12 00:00:00+05:30,137.47954593942848,139.36012482658393,131.1944926895116,132.58016967773438,96059,0.0,0.0
2016-08-16 00:00:00+05:30,131.6398865212011,137.57852801839815,128.67056577260257,129.66033935546875,94207,0.0,0.0
2016-08-17 00:00:00+05:30,130.65010927432232,133.42147824917532,127.82924860116474,128.4726104736328,82855,0.0,0.0
2016-08-18 00:00:00+05:30,129.61084243126683,130.10572920275143,124.81044225814081,125.50328826904297,130952,0.0,0.0
2016-08-19 00:00:00+05:30,125.99817788546726,138.46931574682017,125.94868618665218,131.39244079589844,406357,0.0,0.0
2016-08-22 00:00:00+05:30,131.39244112813319,141.04273341438025,131.39244112813319,138.96420288085938,359532,0.0,0.0
2016-08-23 00:00:00+05:30,138.5683031696576,143.41818773949706,138.12290807287587,142.6758575439453,160656,0.0,0.0
2016-08-24 00:00:00+05:30,143.3687080285766,145.69466686248,140.5478473056396,144.1110382080078,146179,0.0,0.0
2016-08-25 00:00:00+05:30,145.05132606956778,146.8329215943016,143.26973054483395,143.56666564941406,78533,0.0,0.0
2016-08-26 00:00:00+05:30,144.9028375250375,145.29875599533537,138.86522810476242,139.3106231689453,62274,0.0,0.0
2016-08-29 00:00:00+05:30,138.568298526914,141.14171582636936,135.5989778441944,136.1433563232422,45221,0.0,0.0
2016-08-30 00:00:00+05:30,136.73720854770755,139.55806917858573,135.64846671505393,137.67750549316406,46115,0.0,0.0
2016-08-31 00:00:00+05:30,136.53925780001606,139.06318336563547,134.75766239471145,135.5494842529297,34728,0.0,0.0
2016-09-01 00:00:00+05:30,136.3908046376284,136.3908046376284,131.14500155488375,132.7781219482422,42931,0.0,0.0
2016-09-02 00:00:00+05:30,131.78835115405207,138.5683064763133,131.78835115405207,136.19285583496094,77776,0.0,0.0
2016-09-06 00:00:00+05:30,137.5785234190954,140.10244899157763,133.76788921135307,135.64846801757812,125157,0.0,0.0
2016-09-07 00:00:00+05:30,136.44029920304857,138.96420984528322,132.5801730334454,133.66893005371094,74931,0.0,0.0
2016-09-08 00:00:00+05:30,134.46074702826502,134.60920702432568,131.63988628114203,132.0852813720703,78492,0.0,0.0
2016-09-09 00:00:00+05:30,132.8770999712925,134.46074370292396,130.65010946898033,130.9965362548828,70245,0.0,0.0
2016-09-12 00:00:00+05:30,127.68078763466181,129.66033472977284,124.71146699199527,125.70124053955078,167888,0.0,0.0
2016-09-14 00:00:00+05:30,123.72169774428977,124.7114713262441,119.7626034164725,122.1380615234375,469310,0.0,0.0
2016-09-15 00:00:00+05:30,122.13805773978164,129.11595674557074,120.20799478393732,125.8497085571289,209782,0.0,0.0
2016-09-16 00:00:00+05:30,127.63130148919282,134.01533812810717,126.19613280335106,127.48284149169922,279132,0.0,0.0
2016-09-19 00:00:00+05:30,128.57158478971738,138.3703525059079,127.82925458861568,135.5,517960,0.0,0.0
2016-09-20 00:00:00+05:30,137.0,137.5,132.5,133.4499969482422,155552,1.4,0.0
2016-09-21 00:00:00+05:30,133.0,135.1999969482422,130.60000610351562,131.4499969482422,53849,0.0,0.0
2016-09-22 00:00:00+05:30,132.8000030517578,138.1999969482422,132.25,136.0,227066,0.0,0.0
2016-09-23 00:00:00+05:30,135.0,138.60000610351562,134.39999389648438,135.39999389648438,172576,0.0,0.0
2016-09-26 00:00:00+05:30,133.60000610351562,137.4499969482422,130.0,130.8000030517578,146719,0.0,0.0
2016-09-27 00:00:00+05:30,132.0,133.3000030517578,129.14999389648438,130.3000030517578,51748,0.0,0.0
2016-09-28 00:00:00+05:30,131.8000030517578,135.60000610351562,130.5500030517578,134.0,116273,0.0,0.0
2016-09-29 00:00:00+05:30,134.1999969482422,135.5,123.05000305175781,126.75,158956,0.0,0.0
2016-09-30 00:00:00+05:30,125.94999694824219,131.1999969482422,124.19999694824219,130.0500030517578,63128,0.0,0.0
2016-10-03 00:00:00+05:30,137.8000030517578,148.8000030517578,135.10000610351562,146.9499969482422,1475490,0.0,0.0
2016-10-04 00:00:00+05:30,146.9499969482422,151.0,141.8000030517578,149.6999969482422,872149,0.0,0.0
2016-10-05 00:00:00+05:30,150.5,150.85000610351562,146.0,147.9499969482422,146339,0.0,0.0
2016-10-06 00:00:00+05:30,148.1999969482422,150.6999969482422,142.0,143.64999389648438,155881,0.0,0.0
2016-10-07 00:00:00+05:30,143.0500030517578,146.0,141.5,142.5,59607,0.0,0.0
2016-10-10 00:00:00+05:30,143.0,146.0,137.10000610351562,139.8000030517578,141491,0.0,0.0
2016-10-13 00:00:00+05:30,139.9499969482422,139.9499969482422,128.6999969482422,132.8000030517578,193498,0.0,0.0
2016-10-14 00:00:00+05:30,133.5,136.9499969482422,132.64999389648438,134.4499969482422,112984,0.0,0.0
2016-10-17 00:00:00+05:30,134.0,136.89999389648438,130.39999389648438,131.10000610351562,74159,0.0,0.0
2016-10-18 00:00:00+05:30,130.6999969482422,135.0,130.6999969482422,133.60000610351562,83643,0.0,0.0
2016-10-19 00:00:00+05:30,133.8000030517578,142.89999389648438,133.10000610351562,138.5500030517578,298748,0.0,0.0
2016-10-20 00:00:00+05:30,139.60000610351562,140.0,135.10000610351562,136.1999969482422,112065,0.0,0.0
2016-10-21 00:00:00+05:30,137.0,138.6999969482422,135.35000610351562,136.3000030517578,54914,0.0,0.0
2016-10-24 00:00:00+05:30,137.39999389648438,138.8000030517578,137.25,137.89999389648438,96134,0.0,0.0
2016-10-25 00:00:00+05:30,137.35000610351562,139.14999389648438,135.85000610351562,136.4499969482422,58668,0.0,0.0
2016-10-26 00:00:00+05:30,136.5500030517578,147.0,135.25,139.9499969482422,412639,0.0,0.0
2016-10-27 00:00:00+05:30,140.4499969482422,142.0,135.8000030517578,136.35000610351562,182122,0.0,0.0
2016-10-28 00:00:00+05:30,135.6999969482422,140.8000030517578,135.6999969482422,137.8000030517578,113440,0.0,0.0
2016-11-01 00:00:00+05:30,138.0,139.4499969482422,135.64999389648438,136.1999969482422,50154,0.0,0.0
2016-11-02 00:00:00+05:30,133.9499969482422,135.9499969482422,131.10000610351562,131.85000610351562,98956,0.0,0.0
2016-11-03 00:00:00+05:30,132.3000030517578,141.64999389648438,132.25,135.8000030517578,401764,0.0,0.0
2016-11-04 00:00:00+05:30,135.60000610351562,136.60000610351562,130.0,133.6999969482422,76924,0.0,0.0
2016-11-07 00:00:00+05:30,133.89999389648438,137.39999389648438,132.35000610351562,136.10000610351562,69803,0.0,0.0
2016-11-08 00:00:00+05:30,136.4499969482422,137.5,132.9499969482422,133.89999389648438,55706,0.0,0.0
2016-11-09 00:00:00+05:30,110.0,131.0500030517578,109.80000305175781,129.14999389648438,219500,0.0,0.0
2016-11-10 00:00:00+05:30,132.5,136.6999969482422,130.64999389648438,131.4499969482422,82458,0.0,0.0
2016-11-11 00:00:00+05:30,129.6999969482422,130.60000610351562,125.25,126.0999984741211,49063,0.0,0.0
2016-11-15 00:00:00+05:30,126.0999984741211,128.6999969482422,119.5999984741211,120.55000305175781,89818,0.0,0.0
2016-11-16 00:00:00+05:30,122.05000305175781,126.0,114.1500015258789,117.3499984741211,74402,0.0,0.0
2016-11-17 00:00:00+05:30,119.5999984741211,119.5999984741211,115.55000305175781,116.6500015258789,44088,0.0,0.0
2016-11-18 00:00:00+05:30,115.5999984741211,118.30000305175781,111.05000305175781,112.44999694824219,153262,0.0,0.0
2016-11-21 00:00:00+05:30,115.25,115.25,107.0,108.0999984741211,55323,0.0,0.0
2016-11-22 00:00:00+05:30,109.1500015258789,111.4000015258789,106.25,106.94999694824219,55488,0.0,0.0
2016-11-23 00:00:00+05:30,108.0,114.0,107.5,113.0,96432,0.0,0.0
2016-11-24 00:00:00+05:30,111.4000015258789,117.5,110.75,117.0999984741211,55994,0.0,0.0
2016-11-25 00:00:00+05:30,116.0,118.0,112.0,113.80000305175781,42550,0.0,0.0
2016-11-28 00:00:00+05:30,114.0,116.0,113.94999694824219,114.25,14631,0.0,0.0
2016-11-29 00:00:00+05:30,115.75,120.0,115.0,115.5999984741211,41825,0.0,0.0
2016-11-30 00:00:00+05:30,116.55000305175781,118.0,115.0,116.69999694824219,35803,0.0,0.0
2016-12-01 00:00:00+05:30,117.94999694824219,118.0,114.5,115.25,31511,0.0,0.0
2016-12-02 00:00:00+05:30,114.69999694824219,117.0,114.0,114.5999984741211,35064,0.0,0.0
2016-12-05 00:00:00+05:30,114.05000305175781,116.0,113.1500015258789,113.5999984741211,29504,0.0,0.0
2016-12-06 00:00:00+05:30,113.5,115.0,111.0999984741211,111.55000305175781,44371,0.0,0.0
2016-12-07 00:00:00+05:30,111.0999984741211,115.30000305175781,111.0999984741211,112.9000015258789,27037,0.0,0.0
2016-12-08 00:00:00+05:30,114.75,116.5,113.0999984741211,116.05000305175781,45667,0.0,0.0
2016-12-09 00:00:00+05:30,116.19999694824219,128.0,116.19999694824219,125.19999694824219,475364,0.0,0.0
2016-12-12 00:00:00+05:30,125.0,125.0,120.75,121.5999984741211,61975,0.0,0.0
2016-12-13 00:00:00+05:30,123.0,123.80000305175781,121.0,122.05000305175781,33659,0.0,0.0
2016-12-14 00:00:00+05:30,122.9000015258789,122.9000015258789,117.5,117.8499984741211,41854,0.0,0.0
2016-12-15 00:00:00+05:30,117.5,123.75,117.5,121.94999694824219,49382,0.0,0.0
2016-12-16 00:00:00+05:30,122.94999694824219,123.80000305175781,120.0,120.30000305175781,25393,0.0,0.0
2016-12-19 00:00:00+05:30,121.69999694824219,121.69999694824219,116.05000305175781,117.0999984741211,27295,0.0,0.0
2016-12-20 00:00:00+05:30,117.0,120.9000015258789,112.0,114.0999984741211,54821,0.0,0.0
2016-12-21 00:00:00+05:30,116.5,116.5,111.55000305175781,113.19999694824219,55513,0.0,0.0
2016-12-22 00:00:00+05:30,113.5,113.75,110.0999984741211,110.75,26221,0.0,0.0
2016-12-23 00:00:00+05:30,111.0,115.1500015258789,109.55000305175781,114.19999694824219,55922,0.0,0.0
2016-12-26 00:00:00+05:30,114.0999984741211,115.69999694824219,111.05000305175781,112.4000015258789,55796,0.0,0.0
2016-12-27 00:00:00+05:30,113.5,114.19999694824219,110.5,113.30000305175781,33741,0.0,0.0
2016-12-28 00:00:00+05:30,113.0,121.0,110.3499984741211,117.8499984741211,108057,0.0,0.0
2016-12-29 00:00:00+05:30,117.0,120.9000015258789,116.19999694824219,118.0999984741211,53551,0.0,0.0
2016-12-30 00:00:00+05:30,119.5,119.5,116.5,117.30000305175781,26934,0.0,0.0
2017-01-02 00:00:00+05:30,117.19999694824219,119.9000015258789,116.69999694824219,117.69999694824219,85039,0.0,0.0
2017-01-03 00:00:00+05:30,117.25,122.0,116.5,120.4000015258789,68602,0.0,0.0
2017-01-04 00:00:00+05:30,121.44999694824219,126.0,118.05000305175781,124.94999694824219,216540,0.0,0.0
2017-01-05 00:00:00+05:30,125.0,128.89999389648438,125.0,126.75,263192,0.0,0.0
2017-01-06 00:00:00+05:30,126.75,127.6500015258789,124.6500015258789,126.19999694824219,71681,0.0,0.0
2017-01-09 00:00:00+05:30,125.05000305175781,127.9000015258789,121.5,123.30000305175781,39607,0.0,0.0
2017-01-10 00:00:00+05:30,123.9000015258789,124.0,120.19999694824219,120.8499984741211,54061,0.0,0.0
2017-01-11 00:00:00+05:30,121.94999694824219,124.69999694824219,121.0,121.8499984741211,100060,0.0,0.0
2017-01-12 00:00:00+05:30,123.3499984741211,123.3499984741211,120.0,120.9000015258789,95727,0.0,0.0
2017-01-13 00:00:00+05:30,120.80000305175781,121.8499984741211,118.05000305175781,119.05000305175781,144241,0.0,0.0
2017-01-16 00:00:00+05:30,119.05000305175781,122.44999694824219,118.0,121.80000305175781,83791,0.0,0.0
2017-01-17 00:00:00+05:30,123.0,125.25,123.0,124.19999694824219,106969,0.0,0.0
2017-01-18 00:00:00+05:30,123.0999984741211,125.9000015258789,122.5999984741211,124.19999694824219,104971,0.0,0.0
2017-01-19 00:00:00+05:30,124.5999984741211,131.1999969482422,123.0,129.9499969482422,152814,0.0,0.0
2017-01-20 00:00:00+05:30,132.25,134.89999389648438,129.14999389648438,132.25,276006,0.0,0.0
2017-01-23 00:00:00+05:30,131.5500030517578,133.10000610351562,127.94999694824219,131.85000610351562,65931,0.0,0.0
2017-01-24 00:00:00+05:30,131.85000610351562,135.0,131.5,133.1999969482422,53153,0.0,0.0
2017-01-25 00:00:00+05:30,133.0,139.6999969482422,133.0,138.0,244782,0.0,0.0
2017-01-27 00:00:00+05:30,138.0,138.0,131.3000030517578,132.25,81405,0.0,0.0
2017-01-30 00:00:00+05:30,131.0,131.60000610351562,128.0,129.39999389648438,43147,0.0,0.0
2017-01-31 00:00:00+05:30,128.10000610351562,131.89999389648438,127.05000305175781,130.64999389648438,43519,0.0,0.0
2017-02-01 00:00:00+05:30,131.10000610351562,132.0500030517578,127.5,128.8000030517578,100990,0.0,0.0
2017-02-02 00:00:00+05:30,129.6999969482422,129.6999969482422,126.30000305175781,127.1500015258789,25446,0.0,0.0
2017-02-03 00:00:00+05:30,127.30000305175781,129.5,126.0,127.19999694824219,39304,0.0,0.0
2017-02-06 00:00:00+05:30,128.35000610351562,132.39999389648438,127.0,129.75,63200,0.0,0.0
2017-02-07 00:00:00+05:30,131.89999389648438,131.89999389648438,128.0,128.25,25490,0.0,0.0
2017-02-08 00:00:00+05:30,129.4499969482422,129.5,125.8499984741211,127.0,189550,0.0,0.0
2017-02-09 00:00:00+05:30,127.94999694824219,134.0,127.19999694824219,129.35000610351562,185335,0.0,0.0
2017-02-10 00:00:00+05:30,130.64999389648438,130.75,126.05000305175781,126.94999694824219,61417,0.0,0.0
2017-02-13 00:00:00+05:30,125.75,127.9000015258789,125.0,126.05000305175781,31880,0.0,0.0
2017-02-14 00:00:00+05:30,125.25,128.4499969482422,124.0999984741211,125.25,31734,0.0,0.0
2017-02-15 00:00:00+05:30,115.0,117.0,102.0999984741211,103.19999694824219,1062706,0.0,0.0
2017-02-16 00:00:00+05:30,102.94999694824219,106.69999694824219,96.5999984741211,98.30000305175781,499837,0.0,0.0
2017-02-17 00:00:00+05:30,99.0,99.94999694824219,92.19999694824219,93.44999694824219,413239,0.0,0.0
2017-02-20 00:00:00+05:30,93.0,93.0,82.1500015258789,89.44999694824219,1826967,0.0,0.0
2017-02-21 00:00:00+05:30,89.9000015258789,96.69999694824219,86.0999984741211,95.30000305175781,1910829,0.0,0.0
2017-02-22 00:00:00+05:30,95.0,102.0,92.30000305175781,99.30000305175781,1957968,0.0,0.0
2017-02-23 00:00:00+05:30,98.25,102.0,96.44999694824219,98.75,1123875,0.0,0.0
2017-02-27 00:00:00+05:30,98.75,99.0999984741211,93.19999694824219,95.25,754241,0.0,0.0
2017-02-28 00:00:00+05:30,95.05000305175781,97.5,93.30000305175781,96.19999694824219,578538,0.0,0.0
2017-03-01 00:00:00+05:30,97.8499984741211,100.4000015258789,94.1500015258789,99.0999984741211,1324487,0.0,0.0
2017-03-02 00:00:00+05:30,100.0,100.75,94.55000305175781,95.19999694824219,575125,0.0,0.0
2017-03-03 00:00:00+05:30,95.0999984741211,97.19999694824219,93.25,95.9000015258789,401612,0.0,0.0
2017-03-06 00:00:00+05:30,98.8499984741211,99.0,93.25,93.69999694824219,642037,0.0,0.0
2017-03-07 00:00:00+05:30,94.5,95.5,90.69999694824219,92.30000305175781,310861,0.0,0.0
2017-03-08 00:00:00+05:30,92.69999694824219,93.69999694824219,88.5999984741211,89.05000305175781,307664,0.0,0.0
2017-03-09 00:00:00+05:30,88.94999694824219,90.5999984741211,86.80000305175781,87.69999694824219,297080,0.0,0.0
2017-03-10 00:00:00+05:30,88.5,89.30000305175781,85.19999694824219,86.30000305175781,465328,0.0,0.0
2017-03-14 00:00:00+05:30,89.69999694824219,89.69999694824219,84.0,84.4000015258789,166547,0.0,0.0
2017-03-15 00:00:00+05:30,86.30000305175781,88.9000015258789,84.4000015258789,86.25,349334,0.0,0.0
2017-03-16 00:00:00+05:30,87.0,88.19999694824219,85.0,85.44999694824219,337309,0.0,0.0
2017-03-17 00:00:00+05:30,85.25,86.4000015258789,84.4000015258789,84.55000305175781,308983,0.0,0.0
2017-03-20 00:00:00+05:30,85.19999694824219,87.19999694824219,85.0,86.0,551578,0.0,0.0
2017-03-21 00:00:00+05:30,86.5999984741211,86.80000305175781,84.75,85.3499984741211,126758,0.0,0.0
2017-03-22 00:00:00+05:30,85.55000305175781,85.55000305175781,83.30000305175781,83.80000305175781,431946,0.0,0.0
2017-03-23 00:00:00+05:30,84.0,84.9000015258789,82.6500015258789,82.80000305175781,160369,0.0,0.0
2017-03-24 00:00:00+05:30,83.05000305175781,83.44999694824219,78.0999984741211,79.44999694824219,395871,0.0,0.0
2017-03-27 00:00:00+05:30,79.44999694824219,81.1500015258789,77.5,78.0,290678,0.0,0.0
2017-03-28 00:00:00+05:30,77.69999694824219,81.5,77.69999694824219,78.6500015258789,201255,0.0,0.0
2017-03-29 00:00:00+05:30,79.0,79.80000305175781,77.0999984741211,78.0999984741211,246689,0.0,0.0
2017-03-30 00:00:00+05:30,78.55000305175781,85.9000015258789,78.55000305175781,83.19999694824219,558805,0.0,0.0
2017-03-31 00:00:00+05:30,83.5999984741211,87.44999694824219,81.05000305175781,84.3499984741211,617005,0.0,0.0
2017-04-03 00:00:00+05:30,84.80000305175781,87.0,84.44999694824219,85.5,218512,0.0,0.0
2017-04-05 00:00:00+05:30,86.25,87.9000015258789,85.5,86.5999984741211,169345,0.0,0.0
2017-04-06 00:00:00+05:30,86.69999694824219,86.69999694824219,84.19999694824219,84.6500015258789,106096,0.0,0.0
2017-04-07 00:00:00+05:30,84.6500015258789,84.6500015258789,81.44999694824219,81.94999694824219,159547,0.0,0.0
2017-04-10 00:00:00+05:30,83.05000305175781,84.05000305175781,79.55000305175781,79.80000305175781,275093,0.0,0.0
2017-04-11 00:00:00+05:30,81.0,84.4000015258789,79.0,81.9000015258789,209723,0.0,0.0
2017-04-12 00:00:00+05:30,82.1500015258789,83.0,79.80000305175781,80.55000305175781,138941,0.0,0.0
2017-04-13 00:00:00+05:30,80.75,83.0999984741211,79.0999984741211,80.8499984741211,252630,0.0,0.0
2017-04-17 00:00:00+05:30,80.0,82.55000305175781,80.0,81.1500015258789,80495,0.0,0.0
2017-04-18 00:00:00+05:30,81.1500015258789,82.4000015258789,80.0,80.25,146241,0.0,0.0
2017-04-19 00:00:00+05:30,80.80000305175781,81.0,79.5,79.80000305175781,81397,0.0,0.0
2017-04-20 00:00:00+05:30,81.1500015258789,81.1500015258789,79.4000015258789,79.55000305175781,125239,0.0,0.0
2017-04-21 00:00:00+05:30,80.5,80.5,77.4000015258789,78.3499984741211,203359,0.0,0.0
2017-04-24 00:00:00+05:30,79.0,79.30000305175781,77.0999984741211,77.8499984741211,88882,0.0,0.0
2017-04-25 00:00:00+05:30,78.0,84.69999694824219,78.0,83.1500015258789,419113,0.0,0.0
2017-04-26 00:00:00+05:30,83.94999694824219,84.80000305175781,80.0,81.80000305175781,172607,0.0,0.0
2017-04-27 00:00:00+05:30,81.30000305175781,82.1500015258789,79.5,80.05000305175781,90167,0.0,0.0
2017-04-28 00:00:00+05:30,81.30000305175781,81.80000305175781,79.05000305175781,80.5999984741211,75081,0.0,0.0
2017-05-02 00:00:00+05:30,81.0,82.19999694824219,78.9000015258789,79.0999984741211,94663,0.0,0.0
2017-05-03 00:00:00+05:30,80.9000015258789,81.80000305175781,79.75,81.05000305175781,145672,0.0,0.0
2017-05-04 00:00:00+05:30,81.0,88.4000015258789,80.19999694824219,85.6500015258789,707839,0.0,0.0
2017-05-05 00:00:00+05:30,86.19999694824219,88.30000305175781,85.0,85.80000305175781,458267,0.0,0.0
2017-05-08 00:00:00+05:30,85.80000305175781,86.44999694824219,83.0,83.19999694824219,86801,0.0,0.0
2017-05-09 00:00:00+05:30,84.55000305175781,84.55000305175781,82.75,83.44999694824219,47132,0.0,0.0
2017-05-10 00:00:00+05:30,83.9000015258789,85.25,83.0999984741211,83.75,71753,0.0,0.0
2017-05-11 00:00:00+05:30,84.9000015258789,87.0,82.0,82.69999694824219,287333,0.0,0.0
2017-05-12 00:00:00+05:30,85.0,85.05000305175781,80.0999984741211,80.6500015258789,265649,0.0,0.0
2017-05-15 00:00:00+05:30,80.75,81.69999694824219,78.55000305175781,79.1500015258789,216472,0.0,0.0
2017-05-16 00:00:00+05:30,79.0,80.30000305175781,74.5,75.80000305175781,355342,0.0,0.0
2017-05-17 00:00:00+05:30,76.0999984741211,77.0,72.0,72.1500015258789,406896,0.0,0.0
2017-05-18 00:00:00+05:30,71.0,71.69999694824219,69.4000015258789,69.5999984741211,172079,0.0,0.0
2017-05-19 00:00:00+05:30,69.80000305175781,70.5,65.0,66.75,183996,0.0,0.0
2017-05-22 00:00:00+05:30,69.94999694824219,70.0,62.45000076293945,62.849998474121094,303886,0.0,0.0
2017-05-23 00:00:00+05:30,62.0,72.5,59.0,68.19999694824219,1341511,0.0,0.0
2017-05-24 00:00:00+05:30,68.25,69.25,63.900001525878906,64.5,301121,0.0,0.0
2017-05-25 00:00:00+05:30,64.5,66.55000305175781,63.349998474121094,66.05000305175781,99475,0.0,0.0
2017-05-26 00:00:00+05:30,66.25,66.6500015258789,63.79999923706055,64.25,60091,0.0,0.0
2017-05-29 00:00:00+05:30,64.0,65.44999694824219,63.04999923706055,63.79999923706055,46790,0.0,0.0
2017-05-30 00:00:00+05:30,62.20000076293945,63.79999923706055,61.650001525878906,62.54999923706055,47226,0.0,0.0
2017-05-31 00:00:00+05:30,62.79999923706055,62.79999923706055,60.70000076293945,61.54999923706055,56672,0.0,0.0
2017-06-01 00:00:00+05:30,62.349998474121094,69.55000305175781,61.75,68.44999694824219,323669,0.0,0.0
2017-06-02 00:00:00+05:30,68.69999694824219,68.94999694824219,65.4000015258789,66.05000305175781,116135,0.0,0.0
2017-06-05 00:00:00+05:30,66.8499984741211,66.94999694824219,64.69999694824219,65.0999984741211,46484,0.0,0.0
2017-06-06 00:00:00+05:30,65.0,65.9000015258789,63.599998474121094,64.4000015258789,253901,0.0,0.0
2017-06-07 00:00:00+05:30,64.9000015258789,65.69999694824219,63.04999923706055,64.6500015258789,51403,0.0,0.0
2017-06-08 00:00:00+05:30,65.0,65.0,63.5,63.599998474121094,35781,0.0,0.0
2017-06-09 00:00:00+05:30,63.70000076293945,65.4000015258789,63.349998474121094,64.5999984741211,56270,0.0,0.0
2017-06-12 00:00:00+05:30,64.5,66.4000015258789,63.5,64.1500015258789,72927,0.0,0.0
2017-06-13 00:00:00+05:30,64.30000305175781,65.80000305175781,63.599998474121094,64.3499984741211,55563,0.0,0.0
2017-06-14 00:00:00+05:30,64.0,65.0,63.75,64.1500015258789,21075,0.0,0.0
2017-06-15 00:00:00+05:30,65.0,66.0,63.54999923706055,64.05000305175781,85228,0.0,0.0
2017-06-16 00:00:00+05:30,64.0999984741211,64.80000305175781,63.25,63.650001525878906,41251,0.0,0.0
2017-06-19 00:00:00+05:30,63.650001525878906,65.0,63.599998474121094,63.849998474121094,68416,0.0,0.0
2017-06-20 00:00:00+05:30,64.44999694824219,65.0,63.599998474121094,64.25,51453,0.0,0.0
2017-06-21 00:00:00+05:30,64.5,64.55000305175781,63.54999923706055,63.650001525878906,41265,0.0,0.0
2017-06-22 00:00:00+05:30,63.75,66.5999984741211,63.75,64.1500015258789,100946,0.0,0.0
2017-06-23 00:00:00+05:30,64.0,65.0,63.0,63.5,40051,0.0,0.0
2017-06-27 00:00:00+05:30,64.1500015258789,64.1500015258789,62.650001525878906,63.04999923706055,25901,0.0,0.0
2017-06-28 00:00:00+05:30,63.54999923706055,63.70000076293945,62.0,62.29999923706055,25309,0.0,0.0
2017-06-29 00:00:00+05:30,64.0,64.0,61.75,62.75,27320,0.0,0.0
2017-06-30 00:00:00+05:30,62.099998474121094,63.650001525878906,61.54999923706055,62.75,33788,0.0,0.0
2017-07-03 00:00:00+05:30,63.0,64.0,62.650001525878906,62.900001525878906,28042,0.0,0.0
2017-07-04 00:00:00+05:30,63.5,64.1500015258789,63.0,63.349998474121094,19715,0.0,0.0
2017-07-05 00:00:00+05:30,63.79999923706055,64.80000305175781,63.20000076293945,63.849998474121094,51622,0.0,0.0
2017-07-06 00:00:00+05:30,64.0,69.94999694824219,62.79999923706055,65.4000015258789,615173,0.0,0.0
2017-07-07 00:00:00+05:30,65.0,67.94999694824219,64.94999694824219,67.19999694824219,190152,0.0,0.0
2017-07-10 00:00:00+05:30,74.94999694824219,80.5999984741211,74.94999694824219,80.5999984741211,392413,0.0,0.0
2017-07-11 00:00:00+05:30,82.94999694824219,83.69999694824219,76.0,76.30000305175781,1561027,0.0,0.0
2017-07-12 00:00:00+05:30,76.0,81.80000305175781,75.0,78.75,449303,0.0,0.0
2017-07-13 00:00:00+05:30,79.0,79.80000305175781,76.0,76.6500015258789,193296,0.0,0.0
2017-07-14 00:00:00+05:30,77.69999694824219,77.69999694824219,74.75,75.25,137384,0.0,0.0
2017-07-17 00:00:00+05:30,76.0,76.0,72.0999984741211,73.05000305175781,97026,0.0,0.0
2017-07-18 00:00:00+05:30,72.75,75.5,71.8499984741211,73.05000305175781,109438,0.0,0.0
2017-07-19 00:00:00+05:30,73.55000305175781,74.44999694824219,72.5,72.8499984741211,108723,0.0,0.0
2017-07-20 00:00:00+05:30,72.8499984741211,77.25,72.0,74.9000015258789,324538,0.0,0.0
2017-07-21 00:00:00+05:30,75.0,78.3499984741211,75.0,76.75,424895,0.0,0.0
2017-07-24 00:00:00+05:30,76.75,77.5,73.8499984741211,74.5999984741211,108667,0.0,0.0
2017-07-25 00:00:00+05:30,75.0999984741211,76.4000015258789,73.69999694824219,74.0,90584,0.0,0.0
2017-07-26 00:00:00+05:30,74.0,75.0,73.19999694824219,73.69999694824219,78631,0.0,0.0
2017-07-27 00:00:00+05:30,74.0,74.05000305175781,69.75,70.80000305175781,91713,0.0,0.0
2017-07-28 00:00:00+05:30,70.69999694824219,73.44999694824219,69.25,71.9000015258789,155147,0.0,0.0
2017-07-31 00:00:00+05:30,72.05000305175781,74.69999694824219,69.80000305175781,70.80000305175781,144009,0.0,0.0
2017-08-01 00:00:00+05:30,70.5999984741211,71.80000305175781,69.0999984741211,69.5,102098,0.0,0.0
2017-08-02 00:00:00+05:30,70.8499984741211,71.25,67.5,68.19999694824219,72040,0.0,0.0
2017-08-03 00:00:00+05:30,68.25,69.0,66.5999984741211,67.44999694824219,62174,0.0,0.0
2017-08-04 00:00:00+05:30,67.5,67.80000305175781,65.25,65.55000305175781,94115,0.0,0.0
2017-08-07 00:00:00+05:30,65.5,69.0,65.3499984741211,67.69999694824219,87600,0.0,0.0
2017-08-08 00:00:00+05:30,67.0999984741211,68.25,64.9000015258789,65.19999694824219,66368,0.0,0.0
2017-08-09 00:00:00+05:30,64.5999984741211,64.94999694824219,62.900001525878906,63.099998474121094,115267,0.0,0.0
2017-08-10 00:00:00+05:30,63.0,63.349998474121094,59.04999923706055,59.79999923706055,160428,0.0,0.0
2017-08-11 00:00:00+05:30,59.54999923706055,62.5,52.45000076293945,59.70000076293945,163836,0.0,0.0
2017-08-14 00:00:00+05:30,61.900001525878906,64.80000305175781,60.599998474121094,62.20000076293945,93649,0.0,0.0
2017-08-16 00:00:00+05:30,63.400001525878906,63.400001525878906,58.04999923706055,60.29999923706055,124163,0.0,0.0
2017-08-17 00:00:00+05:30,61.79999923706055,63.70000076293945,61.04999923706055,61.5,82073,0.0,0.0
2017-08-18 00:00:00+05:30,61.45000076293945,62.0,60.0,61.25,40757,0.0,0.0
2017-08-21 00:00:00+05:30,62.0,62.45000076293945,60.5,61.150001525878906,105680,0.0,0.0
2017-08-22 00:00:00+05:30,61.599998474121094,65.1500015258789,59.20000076293945,63.650001525878906,106726,0.0,0.0
2017-08-23 00:00:00+05:30,64.19999694824219,64.80000305175781,62.099998474121094,63.04999923706055,86107,0.0,0.0
2017-08-24 00:00:00+05:30,63.0,64.9000015258789,61.150001525878906,62.75,225304,0.0,0.0
2017-08-28 00:00:00+05:30,62.75,65.5999984741211,62.29999923706055,62.900001525878906,130309,0.0,0.0
2017-08-29 00:00:00+05:30,62.79999923706055,63.20000076293945,62.0,62.29999923706055,36212,0.0,0.0
2017-08-30 00:00:00+05:30,62.79999923706055,63.04999923706055,61.70000076293945,62.150001525878906,52023,0.0,0.0
2017-08-31 00:00:00+05:30,61.849998474121094,63.0,61.5,61.95000076293945,71304,0.0,0.0
2017-09-01 00:00:00+05:30,61.95000076293945,62.79999923706055,61.349998474121094,61.849998474121094,106479,0.0,0.0
2017-09-04 00:00:00+05:30,65.0999984741211,67.0,63.20000076293945,65.05000305175781,730136,0.0,0.0
2017-09-05 00:00:00+05:30,66.4000015258789,75.80000305175781,65.75,73.1500015258789,1224533,0.0,0.0
2017-09-06 00:00:00+05:30,72.75,72.75,67.69999694824219,68.1500015258789,441638,0.0,0.0
2017-09-07 00:00:00+05:30,66.0,69.5,65.19999694824219,65.94999694824219,492558,0.0,0.0
2017-09-08 00:00:00+05:30,66.0999984741211,68.4000015258789,63.599998474121094,64.75,212504,0.0,0.0
2017-09-11 00:00:00+05:30,65.0999984741211,66.0,63.75,64.4000015258789,188696,0.0,0.0
2017-09-12 00:00:00+05:30,64.0999984741211,65.5,62.70000076293945,63.150001525878906,188179,0.0,0.0
2017-09-13 00:00:00+05:30,63.0,64.1500015258789,62.04999923706055,62.75,179567,0.0,0.0
2017-09-14 00:00:00+05:30,63.79999923706055,64.8499984741211,62.599998474121094,62.900001525878906,192269,0.0,0.0
2017-09-15 00:00:00+05:30,64.0,64.8499984741211,63.0,63.400001525878906,265403,0.0,0.0
2017-09-18 00:00:00+05:30,63.75,64.25,62.0,62.400001525878906,203432,0.0,0.0
2017-09-19 00:00:00+05:30,62.54999923706055,63.900001525878906,62.0,62.349998474121094,170209,0.0,0.0
2017-09-20 00:00:00+05:30,63.0,63.900001525878906,61.75,62.29999923706055,147568,0.0,0.0
2017-09-21 00:00:00+05:30,62.349998474121094,62.900001525878906,59.650001525878906,60.29999923706055,226319,0.0,0.0
2017-09-22 00:00:00+05:30,60.79999923706055,60.900001525878906,56.79999923706055,57.70000076293945,286841,0.0,0.0
2017-09-25 00:00:00+05:30,58.29999923706055,58.29999923706055,55.0,56.349998474121094,138261,0.0,0.0
2017-09-26 00:00:00+05:30,57.45000076293945,57.70000076293945,56.099998474121094,56.75,91216,0.0,0.0
2017-09-27 00:00:00+05:30,57.75,58.599998474121094,55.349998474121094,55.95000076293945,144074,0.0,0.0
2017-09-28 00:00:00+05:30,55.54999923706055,57.0,55.0,56.849998474121094,74044,0.0,0.0
2017-09-29 00:00:00+05:30,56.599998474121094,57.150001525878906,55.79999923706055,56.04999923706055,50008,0.0,0.0
2017-10-03 00:00:00+05:30,56.5,57.25,55.0,55.54999923706055,52628,0.0,0.0
2017-10-04 00:00:00+05:30,55.70000076293945,60.599998474121094,55.29999923706055,58.900001525878906,187126,0.0,0.0
2017-10-05 00:00:00+05:30,61.20000076293945,61.650001525878906,58.29999923706055,58.599998474121094,66464,0.0,0.0
2017-10-06 00:00:00+05:30,58.099998474121094,62.0,57.95000076293945,60.400001525878906,187593,0.0,0.0
2017-10-09 00:00:00+05:30,61.95000076293945,61.95000076293945,59.54999923706055,60.099998474121094,116889,0.0,0.0
2017-10-10 00:00:00+05:30,60.599998474121094,61.849998474121094,59.900001525878906,61.29999923706055,102074,0.0,0.0
2017-10-11 00:00:00+05:30,61.25,63.29999923706055,60.45000076293945,60.75,123121,0.0,0.0
2017-10-12 00:00:00+05:30,61.0,61.5,60.75,61.0,32991,0.0,0.0
2017-10-13 00:00:00+05:30,61.04999923706055,61.75,60.25,61.0,66391,0.0,0.0
2017-10-16 00:00:00+05:30,61.70000076293945,63.25,60.75,62.20000076293945,150604,0.0,0.0
2017-10-17 00:00:00+05:30,61.349998474121094,62.0,60.75,61.04999923706055,52967,0.0,0.0
2017-10-18 00:00:00+05:30,60.650001525878906,62.400001525878906,60.29999923706055,61.45000076293945,59197,0.0,0.0
2017-10-19 00:00:00+05:30,61.54999923706055,63.0,61.54999923706055,62.5,37409,0.0,0.0
2017-10-23 00:00:00+05:30,63.45000076293945,64.0,62.5,63.04999923706055,82078,0.0,0.0
2017-10-24 00:00:00+05:30,64.3499984741211,65.3499984741211,63.20000076293945,63.75,321150,0.0,0.0
2017-10-25 00:00:00+05:30,64.05000305175781,64.25,62.0,62.25,62969,0.0,0.0
2017-10-26 00:00:00+05:30,62.0,64.25,61.45000076293945,62.400001525878906,164312,0.0,0.0
2017-10-27 00:00:00+05:30,62.79999923706055,63.099998474121094,61.75,61.95000076293945,83115,0.0,0.0
2017-10-30 00:00:00+05:30,62.400001525878906,63.400001525878906,61.5,62.70000076293945,58070,0.0,0.0
2017-10-31 00:00:00+05:30,62.95000076293945,62.95000076293945,61.54999923706055,61.900001525878906,66251,0.0,0.0
2017-11-01 00:00:00+05:30,62.5,62.900001525878906,61.75,61.95000076293945,66144,0.0,0.0
2017-11-02 00:00:00+05:30,61.95000076293945,62.849998474121094,60.099998474121094,60.849998474121094,85088,0.0,0.0
2017-11-03 00:00:00+05:30,60.25,62.70000076293945,60.25,60.599998474121094,92159,0.0,0.0
2017-11-06 00:00:00+05:30,60.5,61.599998474121094,59.79999923706055,60.150001525878906,76764,0.0,0.0
2017-11-07 00:00:00+05:30,60.75,60.849998474121094,58.04999923706055,58.650001525878906,122543,0.0,0.0
2017-11-08 00:00:00+05:30,59.79999923706055,59.79999923706055,57.900001525878906,58.349998474121094,52206,0.0,0.0
2017-11-09 00:00:00+05:30,58.04999923706055,60.29999923706055,58.04999923706055,58.5,45517,0.0,0.0
2017-11-10 00:00:00+05:30,58.75,58.75,57.54999923706055,57.95000076293945,50193,0.0,0.0
2017-11-13 00:00:00+05:30,57.599998474121094,59.0,56.150001525878906,57.400001525878906,47851,0.0,0.0
2017-11-14 00:00:00+05:30,59.0,60.25,57.54999923706055,59.45000076293945,184103,0.0,0.0
2017-11-15 00:00:00+05:30,59.0,59.25,57.0,57.349998474121094,35500,0.0,0.0
2017-11-16 00:00:00+05:30,57.45000076293945,59.0,56.0,57.150001525878906,50717,0.0,0.0
2017-11-17 00:00:00+05:30,58.45000076293945,58.900001525878906,56.5,56.95000076293945,55229,0.0,0.0
2017-11-20 00:00:00+05:30,57.900001525878906,58.0,56.79999923706055,56.95000076293945,42664,0.0,0.0
2017-11-21 00:00:00+05:30,57.70000076293945,57.70000076293945,55.54999923706055,56.04999923706055,86593,0.0,0.0
2017-11-22 00:00:00+05:30,56.099998474121094,57.45000076293945,56.099998474121094,57.20000076293945,62807,0.0,0.0
2017-11-23 00:00:00+05:30,57.099998474121094,68.5999984741211,57.099998474121094,68.5999984741211,1570621,0.0,0.0
2017-11-24 00:00:00+05:30,72.5999984741211,75.9000015258789,71.19999694824219,72.4000015258789,1968201,0.0,0.0
2017-11-27 00:00:00+05:30,72.94999694824219,77.5999984741211,69.1500015258789,70.3499984741211,1085299,0.0,0.0
2017-11-28 00:00:00+05:30,70.0,75.44999694824219,70.0,74.75,600280,0.0,0.0
2017-11-29 00:00:00+05:30,74.5999984741211,75.6500015258789,72.0999984741211,72.8499984741211,311726,0.0,0.0
2017-11-30 00:00:00+05:30,73.0,84.9000015258789,71.25,82.0999984741211,2796408,0.0,0.0
2017-12-01 00:00:00+05:30,82.9000015258789,87.5,77.0,81.5,2623025,0.0,0.0
2017-12-04 00:00:00+05:30,85.0,92.75,78.5999984741211,80.1500015258789,1996721,0.0,0.0
2017-12-05 00:00:00+05:30,78.8499984741211,79.0,70.0,71.5,865202,0.0,0.0
2017-12-06 00:00:00+05:30,72.19999694824219,76.4000015258789,71.0999984741211,73.44999694824219,667159,0.0,0.0
2017-12-07 00:00:00+05:30,70.5,75.5,70.3499984741211,72.69999694824219,296379,0.0,0.0
2017-12-08 00:00:00+05:30,72.30000305175781,74.25,72.0999984741211,73.69999694824219,103608,0.0,0.0
2017-12-11 00:00:00+05:30,72.1500015258789,73.69999694824219,70.30000305175781,70.69999694824219,133142,0.0,0.0
2017-12-12 00:00:00+05:30,67.55000305175781,69.9000015258789,67.19999694824219,67.19999694824219,110260,0.0,0.0
2017-12-13 00:00:00+05:30,63.849998474121094,68.5999984741211,63.849998474121094,63.849998474121094,238207,0.0,0.0
2017-12-14 00:00:00+05:30,63.75,63.849998474121094,60.70000076293945,61.400001525878906,192866,0.0,0.0
2017-12-15 00:00:00+05:30,60.0,63.900001525878906,60.0,62.45000076293945,61599,0.0,0.0
2017-12-18 00:00:00+05:30,60.04999923706055,62.45000076293945,59.349998474121094,60.150001525878906,127303,0.0,0.0
2017-12-19 00:00:00+05:30,60.29999923706055,63.150001525878906,60.0,63.150001525878906,68150,0.0,0.0
2017-12-20 00:00:00+05:30,64.0,66.30000305175781,64.0,66.30000305175781,51771,0.0,0.0
2017-12-21 00:00:00+05:30,67.0,69.5999984741211,66.0999984741211,67.19999694824219,101318,0.0,0.0
2017-12-22 00:00:00+05:30,67.30000305175781,67.8499984741211,63.900001525878906,66.19999694824219,61159,0.0,0.0
2017-12-26 00:00:00+05:30,65.0,67.5,63.0,64.30000305175781,65831,0.0,0.0
2017-12-27 00:00:00+05:30,63.099998474121094,66.0,63.0,64.0,56169,0.0,0.0
2017-12-28 00:00:00+05:30,63.75,65.8499984741211,63.04999923706055,64.05000305175781,30982,0.0,0.0
2017-12-29 00:00:00+05:30,65.5,65.9000015258789,62.25,64.0999984741211,53129,0.0,0.0
2018-01-01 00:00:00+05:30,65.0,65.0,63.0,63.54999923706055,26140,0.0,0.0
2018-01-02 00:00:00+05:30,62.849998474121094,64.0,61.099998474121094,62.150001525878906,47844,0.0,0.0
2018-01-03 00:00:00+05:30,62.0,64.0,61.29999923706055,62.650001525878906,41112,0.0,0.0
2018-01-04 00:00:00+05:30,64.25,64.5,62.54999923706055,63.099998474121094,250418,0.0,0.0
2018-01-05 00:00:00+05:30,63.099998474121094,64.0,62.0,63.25,65976,0.0,0.0
2018-01-08 00:00:00+05:30,63.0,63.900001525878906,62.79999923706055,63.29999923706055,101393,0.0,0.0
2018-01-09 00:00:00+05:30,63.45000076293945,63.849998474121094,61.5,62.45000076293945,130799,0.0,0.0
2018-01-10 00:00:00+05:30,62.79999923706055,63.95000076293945,59.900001525878906,60.150001525878906,357786,0.0,0.0
2018-01-11 00:00:00+05:30,60.150001525878906,60.95000076293945,58.25,58.70000076293945,219422,0.0,0.0
2018-01-12 00:00:00+05:30,58.75,59.849998474121094,56.0,58.04999923706055,139605,0.0,0.0
2018-01-15 00:00:00+05:30,58.04999923706055,59.5,57.599998474121094,58.20000076293945,46169,0.0,0.0
2018-01-16 00:00:00+05:30,60.0,60.95000076293945,57.20000076293945,57.54999923706055,183594,0.0,0.0
2018-01-17 00:00:00+05:30,58.0,58.20000076293945,56.5,57.25,229766,0.0,0.0
2018-01-18 00:00:00+05:30,58.29999923706055,58.75,55.0,55.54999923706055,87333,0.0,0.0
2018-01-19 00:00:00+05:30,55.900001525878906,57.79999923706055,55.0,57.70000076293945,128561,0.0,0.0
2018-01-22 00:00:00+05:30,57.70000076293945,59.0,55.79999923706055,57.95000076293945,146569,0.0,0.0
2018-01-23 00:00:00+05:30,59.0,59.0,56.25,58.20000076293945,71872,0.0,0.0
2018-01-24 00:00:00+05:30,58.0,58.900001525878906,56.349998474121094,57.25,55769,0.0,0.0
2018-01-25 00:00:00+05:30,57.0,57.95000076293945,55.5,55.79999923706055,72811,0.0,0.0
2018-01-29 00:00:00+05:30,55.849998474121094,56.75,55.0,55.099998474121094,39879,0.0,0.0
2018-01-30 00:00:00+05:30,55.099998474121094,56.400001525878906,55.0,56.0,44050,0.0,0.0
2018-01-31 00:00:00+05:30,55.5,57.0,54.0,54.900001525878906,272292,0.0,0.0
2018-02-01 00:00:00+05:30,56.25,57.599998474121094,54.349998474121094,57.599998474121094,91887,0.0,0.0
2018-02-02 00:00:00+05:30,56.0,57.75,55.75,56.099998474121094,115180,0.0,0.0
2018-02-05 00:00:00+05:30,53.29999923706055,57.900001525878906,53.29999923706055,55.75,99631,0.0,0.0
2018-02-06 00:00:00+05:30,54.0,57.5,53.5,55.900001525878906,146414,0.0,0.0
2018-02-07 00:00:00+05:30,55.75,58.650001525878906,55.75,58.650001525878906,113347,0.0,0.0
2018-02-08 00:00:00+05:30,58.650001525878906,61.54999923706055,58.650001525878906,61.54999923706055,64340,0.0,0.0
2018-02-09 00:00:00+05:30,64.5999984741211,64.5999984741211,60.099998474121094,64.5999984741211,361484,0.0,0.0
2018-02-12 00:00:00+05:30,67.80000305175781,67.80000305175781,67.80000305175781,67.80000305175781,56833,0.0,0.0
2018-02-14 00:00:00+05:30,71.1500015258789,71.1500015258789,68.1500015258789,71.0,3435122,0.0,0.0
2018-02-15 00:00:00+05:30,74.55000305175781,74.55000305175781,71.0,71.30000305175781,1479827,0.0,0.0
2018-02-16 00:00:00+05:30,72.8499984741211,73.75,69.0,70.05000305175781,973481,0.0,0.0
2018-02-19 00:00:00+05:30,69.1500015258789,71.19999694824219,69.0,70.5999984741211,520933,0.0,0.0
2018-02-20 00:00:00+05:30,70.4000015258789,70.9000015258789,70.0,70.3499984741211,173724,0.0,0.0
2018-02-21 00:00:00+05:30,70.80000305175781,70.80000305175781,70.05000305175781,70.3499984741211,93867,0.0,0.0
2018-02-22 00:00:00+05:30,70.0,70.55000305175781,70.0,70.30000305175781,154406,0.0,0.0
2018-02-23 00:00:00+05:30,70.19999694824219,70.5,69.55000305175781,70.3499984741211,100054,0.0,0.0
2018-02-26 00:00:00+05:30,70.3499984741211,73.8499984741211,70.0999984741211,70.5999984741211,292067,0.0,0.0
2018-02-27 00:00:00+05:30,71.4000015258789,71.4000015258789,70.05000305175781,70.55000305175781,62470,0.0,0.0
2018-02-28 00:00:00+05:30,70.0,70.4000015258789,69.5999984741211,70.30000305175781,38128,0.0,0.0
2018-03-01 00:00:00+05:30,71.80000305175781,71.80000305175781,70.05000305175781,70.55000305175781,126876,0.0,0.0
2018-03-05 00:00:00+05:30,70.0999984741211,70.94999694824219,70.0999984741211,70.55000305175781,124860,0.0,0.0
2018-03-06 00:00:00+05:30,70.19999694824219,70.6500015258789,70.0,70.25,128081,0.0,0.0
2018-03-07 00:00:00+05:30,70.05000305175781,70.5,69.5,69.75,168841,0.0,0.0
2018-03-08 00:00:00+05:30,69.8499984741211,70.9000015258789,69.19999694824219,70.44999694824219,379646,0.0,0.0
2018-03-09 00:00:00+05:30,70.05000305175781,70.75,69.75,70.0,142104,0.0,0.0
2018-03-12 00:00:00+05:30,70.0,70.55000305175781,69.8499984741211,70.3499984741211,109252,0.0,0.0
2018-03-13 00:00:00+05:30,69.05000305175781,70.4000015258789,69.05000305175781,70.0999984741211,46719,0.0,0.0
2018-03-14 00:00:00+05:30,69.05000305175781,70.5,69.05000305175781,70.19999694824219,101552,0.0,0.0
2018-03-15 00:00:00+05:30,70.19999694824219,70.4000015258789,69.55000305175781,70.19999694824219,261424,0.0,0.0
2018-03-16 00:00:00+05:30,70.25,70.55000305175781,69.94999694824219,70.30000305175781,183273,0.0,0.0
2018-03-19 00:00:00+05:30,70.55000305175781,70.55000305175781,69.75,69.94999694824219,90259,0.0,0.0
2018-03-20 00:00:00+05:30,70.05000305175781,73.0,69.55000305175781,70.5,194335,0.0,0.0
2018-03-21 00:00:00+05:30,70.30000305175781,71.0,70.0999984741211,70.19999694824219,138476,0.0,0.0
2018-03-22 00:00:00+05:30,70.19999694824219,70.5,70.0,70.30000305175781,109866,0.0,0.0
2018-03-23 00:00:00+05:30,69.55000305175781,70.5,69.5,70.30000305175781,620191,0.0,0.0
2018-03-26 00:00:00+05:30,69.6500015258789,70.30000305175781,69.5,69.69999694824219,449520,0.0,0.0
2018-03-27 00:00:00+05:30,69.75,70.5,69.75,70.1500015258789,414574,0.0,0.0
2018-03-28 00:00:00+05:30,70.44999694824219,70.5,70.0,70.19999694824219,95882,0.0,0.0
2018-04-02 00:00:00+05:30,71.9000015258789,71.9000015258789,70.19999694824219,70.5999984741211,85490,0.0,0.0
2018-04-03 00:00:00+05:30,70.5999984741211,71.5,70.4000015258789,70.9000015258789,37988,0.0,0.0
2018-04-04 00:00:00+05:30,70.5999984741211,71.6500015258789,70.55000305175781,70.6500015258789,36847,0.0,0.0
2018-04-05 00:00:00+05:30,70.6500015258789,73.0,70.55000305175781,71.0999984741211,376656,0.0,0.0
2018-04-06 00:00:00+05:30,71.75,71.75,70.75,71.0999984741211,40679,0.0,0.0
2018-04-09 00:00:00+05:30,70.80000305175781,71.4000015258789,70.80000305175781,71.0,22797,0.0,0.0
2018-04-10 00:00:00+05:30,71.0,71.25,70.9000015258789,71.0,29991,0.0,0.0
2018-04-11 00:00:00+05:30,71.05000305175781,71.5999984741211,70.80000305175781,71.05000305175781,39763,0.0,0.0
2018-04-12 00:00:00+05:30,71.1500015258789,71.44999694824219,71.0,71.0,28891,0.0,0.0
2018-04-13 00:00:00+05:30,71.0999984741211,71.3499984741211,70.69999694824219,70.80000305175781,42286,0.0,0.0
2018-04-16 00:00:00+05:30,70.5999984741211,71.0,70.55000305175781,70.8499984741211,12772,0.0,0.0
2018-04-17 00:00:00+05:30,71.0,71.4000015258789,71.0,71.0,23840,0.0,0.0
2018-04-18 00:00:00+05:30,71.0,71.69999694824219,70.94999694824219,71.4000015258789,51738,0.0,0.0
2018-04-19 00:00:00+05:30,71.05000305175781,71.5,71.05000305175781,71.19999694824219,22227,0.0,0.0
2018-04-20 00:00:00+05:30,71.19999694824219,71.6500015258789,71.19999694824219,71.30000305175781,24080,0.0,0.0
2018-04-23 00:00:00+05:30,71.30000305175781,71.9000015258789,71.30000305175781,71.6500015258789,35529,0.0,0.0
2018-04-24 00:00:00+05:30,71.6500015258789,71.9000015258789,71.30000305175781,71.69999694824219,29991,0.0,0.0
2018-04-25 00:00:00+05:30,72.0,72.5,71.69999694824219,72.1500015258789,72475,0.0,0.0
2018-04-26 00:00:00+05:30,72.4000015258789,72.4000015258789,71.80000305175781,72.1500015258789,84372,0.0,0.0
2018-04-27 00:00:00+05:30,72.0,72.4000015258789,72.0,72.0999984741211,62565,0.0,0.0
2018-04-30 00:00:00+05:30,71.5999984741211,72.44999694824219,71.5999984741211,72.05000305175781,30208,0.0,0.0
2018-05-02 00:00:00+05:30,72.05000305175781,72.3499984741211,72.0,72.0999984741211,42734,0.0,0.0
2018-05-03 00:00:00+05:30,72.05000305175781,72.25,71.9000015258789,72.05000305175781,69846,0.0,0.0
2018-05-04 00:00:00+05:30,72.44999694824219,72.44999694824219,72.0,72.30000305175781,164454,0.0,0.0
2018-05-07 00:00:00+05:30,72.25,72.44999694824219,71.9000015258789,72.0999984741211,69764,0.0,0.0
2018-05-08 00:00:00+05:30,72.0,72.3499984741211,72.0,72.1500015258789,28298,0.0,0.0
2018-05-09 00:00:00+05:30,70.55000305175781,72.19999694824219,70.55000305175781,72.0999984741211,86333,0.0,0.0
2018-05-10 00:00:00+05:30,72.0,72.30000305175781,72.0,72.05000305175781,17447,0.0,0.0
2018-05-11 00:00:00+05:30,71.69999694824219,72.0999984741211,71.6500015258789,72.05000305175781,24090,0.0,0.0
2018-05-14 00:00:00+05:30,70.05000305175781,72.0999984741211,65.25,71.94999694824219,65090,0.0,0.0
2018-05-15 00:00:00+05:30,68.80000305175781,72.4000015258789,67.80000305175781,68.4000015258789,29899,0.0,0.0
2018-05-16 00:00:00+05:30,68.4000015258789,70.94999694824219,68.0,70.1500015258789,60000,0.0,0.0
2018-05-17 00:00:00+05:30,69.0,70.19999694824219,65.05000305175781,68.5,39099,0.0,0.0
2018-05-18 00:00:00+05:30,70.0,70.44999694824219,66.5,67.05000305175781,12832,0.0,0.0
2018-05-21 00:00:00+05:30,64.5,66.5999984741211,60.75,61.349998474121094,52514,0.0,0.0
2018-05-22 00:00:00+05:30,61.0,67.3499984741211,58.04999923706055,58.849998474121094,27970,0.0,0.0
2018-05-23 00:00:00+05:30,61.400001525878906,61.400001525878906,58.400001525878906,58.95000076293945,13667,0.0,0.0
2018-05-24 00:00:00+05:30,59.70000076293945,60.400001525878906,58.0,59.099998474121094,16527,0.0,0.0
2018-05-25 00:00:00+05:30,60.349998474121094,61.0,58.20000076293945,59.54999923706055,8301,0.0,0.0
2018-05-28 00:00:00+05:30,59.54999923706055,61.849998474121094,59.0,61.0,16944,0.0,0.0
2018-05-29 00:00:00+05:30,61.900001525878906,61.95000076293945,60.599998474121094,61.54999923706055,17897,0.0,0.0
2018-05-30 00:00:00+05:30,61.5,61.5,59.29999923706055,60.5,22009,0.0,0.0
2018-05-31 00:00:00+05:30,59.0,59.5,56.650001525878906,56.95000076293945,85495,0.0,0.0
2018-06-01 00:00:00+05:30,56.75,58.45000076293945,56.0,57.0,8164,0.0,0.0
2018-06-04 00:00:00+05:30,59.150001525878906,59.150001525878906,55.0,55.29999923706055,48468,0.0,0.0
2018-06-05 00:00:00+05:30,55.900001525878906,55.900001525878906,50.0,51.849998474121094,34144,0.0,0.0
2018-06-06 00:00:00+05:30,51.400001525878906,53.0,48.25,51.349998474121094,30831,0.0,0.0
2018-06-07 00:00:00+05:30,50.20000076293945,52.400001525878906,50.20000076293945,50.75,36583,0.0,0.0
2018-06-08 00:00:00+05:30,49.5,54.0,49.099998474121094,50.900001525878906,67480,0.0,0.0
2018-06-11 00:00:00+05:30,51.0,54.0,49.20000076293945,52.849998474121094,32437,0.0,0.0
2018-06-12 00:00:00+05:30,54.25,54.25,51.54999923706055,52.0,26299,0.0,0.0
2018-06-13 00:00:00+05:30,52.29999923706055,53.900001525878906,50.5,52.04999923706055,20745,0.0,0.0
2018-06-14 00:00:00+05:30,52.45000076293945,52.45000076293945,51.099998474121094,51.79999923706055,8873,0.0,0.0
2018-06-15 00:00:00+05:30,52.79999923706055,52.79999923706055,51.25,51.599998474121094,6370,0.0,0.0
2018-06-18 00:00:00+05:30,51.5,52.0,51.0,51.650001525878906,3124,0.0,0.0
2018-06-19 00:00:00+05:30,52.0,52.0,50.5,50.54999923706055,3921,0.0,0.0
2018-06-20 00:00:00+05:30,50.5,51.79999923706055,50.20000076293945,50.79999923706055,4253,0.0,0.0
2018-06-21 00:00:00+05:30,50.5,60.95000076293945,50.0,60.95000076293945,215535,0.0,0.0
2018-06-22 00:00:00+05:30,64.9000015258789,69.75,58.29999923706055,60.20000076293945,1492396,0.0,0.0
2018-06-25 00:00:00+05:30,60.849998474121094,62.54999923706055,57.54999923706055,59.45000076293945,137561,0.0,0.0
2018-06-26 00:00:00+05:30,59.0,59.400001525878906,52.0,55.099998474121094,52574,0.0,0.0
2018-06-27 00:00:00+05:30,54.0,55.400001525878906,50.5,51.04999923706055,90883,0.0,0.0
2018-06-28 00:00:00+05:30,51.0,52.400001525878906,49.79999923706055,51.45000076293945,46806,0.0,0.0
2018-06-29 00:00:00+05:30,51.5,56.70000076293945,50.25,51.599998474121094,100348,0.0,0.0
2018-07-02 00:00:00+05:30,53.70000076293945,53.70000076293945,51.099998474121094,51.95000076293945,30874,0.0,0.0
2018-07-03 00:00:00+05:30,52.95000076293945,54.25,51.0,53.29999923706055,23773,0.0,0.0
2018-07-04 00:00:00+05:30,55.349998474121094,58.0,52.099998474121094,56.5,54576,0.0,0.0
2018-07-05 00:00:00+05:30,55.400001525878906,57.0,53.0,55.04999923706055,22588,0.0,0.0
2018-07-06 00:00:00+05:30,55.5,56.0,53.5,54.70000076293945,13164,0.0,0.0
2018-07-09 00:00:00+05:30,54.0,54.599998474121094,52.0,52.900001525878906,20444,0.0,0.0
2018-07-10 00:00:00+05:30,52.5,55.849998474121094,52.150001525878906,54.900001525878906,25943,0.0,0.0
2018-07-11 00:00:00+05:30,54.5,54.599998474121094,53.349998474121094,54.099998474121094,9589,0.0,0.0
2018-07-12 00:00:00+05:30,54.0,54.95000076293945,52.20000076293945,53.04999923706055,10828,0.0,0.0
2018-07-13 00:00:00+05:30,53.0,53.0,52.04999923706055,52.400001525878906,18854,0.0,0.0
2018-07-16 00:00:00+05:30,52.400001525878906,52.400001525878906,50.5,50.54999923706055,14962,0.0,0.0
2018-07-17 00:00:00+05:30,50.25,51.95000076293945,48.5,50.95000076293945,18897,0.0,0.0
2018-07-18 00:00:00+05:30,50.900001525878906,53.5,50.150001525878906,50.5,7891,0.0,0.0
2018-07-19 00:00:00+05:30,50.0,51.0,48.900001525878906,49.29999923706055,25467,0.0,0.0
2018-07-20 00:00:00+05:30,49.29999923706055,49.95000076293945,48.099998474121094,48.400001525878906,8274,0.0,0.0
2018-07-23 00:00:00+05:30,48.0,50.0,46.75,48.79999923706055,9698,0.0,0.0
2018-07-24 00:00:00+05:30,48.79999923706055,49.650001525878906,48.20000076293945,49.25,38307,0.0,0.0
2018-07-25 00:00:00+05:30,49.25,50.5,48.79999923706055,49.20000076293945,22431,0.0,0.0
2018-07-26 00:00:00+05:30,49.25,49.79999923706055,48.099998474121094,48.650001525878906,6849,0.0,0.0
2018-07-27 00:00:00+05:30,48.5,51.20000076293945,48.150001525878906,49.25,17706,0.0,0.0
2018-07-30 00:00:00+05:30,49.099998474121094,53.0,48.5,51.54999923706055,33418,0.0,0.0
2018-07-31 00:00:00+05:30,59.79999923706055,61.849998474121094,56.900001525878906,58.150001525878906,927790,0.0,0.0
2018-08-01 00:00:00+05:30,57.5,57.5,52.5,53.29999923706055,90168,0.0,0.0
2018-08-02 00:00:00+05:30,53.0,53.400001525878906,51.79999923706055,52.04999923706055,29501,0.0,0.0
2018-08-03 00:00:00+05:30,51.79999923706055,57.70000076293945,51.75,53.04999923706055,67498,0.0,0.0
2018-08-06 00:00:00+05:30,52.54999923706055,54.0,51.20000076293945,51.849998474121094,28294,0.0,0.0
2018-08-07 00:00:00+05:30,52.599998474121094,52.900001525878906,51.0,51.400001525878906,27252,0.0,0.0
2018-08-08 00:00:00+05:30,51.099998474121094,55.0,51.099998474121094,51.900001525878906,71967,0.0,0.0
2018-08-09 00:00:00+05:30,52.25,53.400001525878906,51.099998474121094,52.150001525878906,27699,0.0,0.0
2018-08-10 00:00:00+05:30,53.0,54.25,51.599998474121094,52.70000076293945,31153,0.0,0.0
2018-08-13 00:00:00+05:30,51.5,52.95000076293945,51.5,52.04999923706055,16235,0.0,0.0
2018-08-14 00:00:00+05:30,52.900001525878906,53.5,52.400001525878906,53.150001525878906,20486,0.0,0.0
2018-08-16 00:00:00+05:30,52.599998474121094,53.5,52.0,53.349998474121094,33627,0.0,0.0
2018-08-17 00:00:00+05:30,52.650001525878906,53.849998474121094,52.0,53.5,25054,0.0,0.0
2018-08-20 00:00:00+05:30,53.0,53.75,52.5,52.70000076293945,13970,0.0,0.0
2018-08-21 00:00:00+05:30,52.650001525878906,55.5,52.650001525878906,54.45000076293945,38272,0.0,0.0
2018-08-23 00:00:00+05:30,54.0,54.0,51.150001525878906,51.54999923706055,33990,0.0,0.0
2018-08-24 00:00:00+05:30,51.5,52.70000076293945,51.0,52.25,19375,0.0,0.0
2018-08-27 00:00:00+05:30,52.25,53.849998474121094,52.0,53.29999923706055,16184,0.0,0.0
2018-08-28 00:00:00+05:30,53.0,55.099998474121094,52.099998474121094,54.099998474121094,21532,0.0,0.0
2018-08-29 00:00:00+05:30,53.099998474121094,55.45000076293945,53.0,54.70000076293945,29978,0.0,0.0
2018-08-30 00:00:00+05:30,54.70000076293945,57.0,53.150001525878906,54.54999923706055,32568,0.0,0.0
2018-08-31 00:00:00+05:30,54.04999923706055,56.900001525878906,53.099998474121094,55.75,26741,0.0,0.0
2018-09-03 00:00:00+05:30,55.29999923706055,61.5,54.20000076293945,57.54999923706055,198773,0.0,0.0
2018-09-04 00:00:00+05:30,57.45000076293945,58.0,54.150001525878906,56.5,115021,0.0,0.0
2018-09-05 00:00:00+05:30,56.5,56.5,52.849998474121094,54.45000076293945,21466,0.0,0.0
2018-09-06 00:00:00+05:30,54.45000076293945,55.400001525878906,53.54999923706055,54.599998474121094,16978,0.0,0.0
2018-09-07 00:00:00+05:30,53.599998474121094,57.25,52.75,56.5,43457,0.0,0.0
2018-09-10 00:00:00+05:30,56.0,57.400001525878906,54.20000076293945,56.400001525878906,17195,0.0,0.0
2018-09-11 00:00:00+05:30,56.400001525878906,56.400001525878906,54.0,54.099998474121094,14273,0.0,0.0
2018-09-12 00:00:00+05:30,53.599998474121094,55.099998474121094,53.04999923706055,53.95000076293945,16044,0.0,0.0
2018-09-14 00:00:00+05:30,53.599998474121094,55.45000076293945,53.099998474121094,54.75,14611,0.0,0.0
2018-09-17 00:00:00+05:30,54.099998474121094,54.650001525878906,52.5,53.150001525878906,10429,0.0,0.0
2018-09-18 00:00:00+05:30,53.70000076293945,55.0,52.54999923706055,52.79999923706055,7791,0.0,0.0
2018-09-19 00:00:00+05:30,52.79999923706055,52.900001525878906,52.0,52.400001525878906,7212,0.0,0.0
2018-09-21 00:00:00+05:30,52.20000076293945,54.25,50.099998474121094,51.400001525878906,27434,0.0,0.0
2018-09-24 00:00:00+05:30,51.0,52.349998474121094,45.099998474121094,48.650001525878906,66568,0.0,0.0
2018-09-25 00:00:00+05:30,49.54999923706055,50.0,45.0,46.04999923706055,41237,0.0,0.0
2018-09-26 00:00:00+05:30,46.900001525878906,49.400001525878906,46.0,46.45000076293945,23150,0.0,0.0
2018-09-27 00:00:00+05:30,46.54999923706055,47.599998474121094,44.0,44.150001525878906,21351,0.0,0.0
2018-09-28 00:00:00+05:30,43.099998474121094,46.0,41.75,43.150001525878906,52836,0.0,0.0
2018-10-01 00:00:00+05:30,43.0,44.0,40.0,42.45000076293945,54722,0.0,0.0
2018-10-03 00:00:00+05:30,43.0,44.79999923706055,41.099998474121094,41.79999923706055,24263,0.0,0.0
2018-10-04 00:00:00+05:30,42.5,43.75,41.79999923706055,42.650001525878906,12260,0.0,0.0
2018-10-05 00:00:00+05:30,42.650001525878906,47.0,42.25,44.70000076293945,76435,0.0,0.0
2018-10-08 00:00:00+05:30,45.0,45.400001525878906,42.54999923706055,44.95000076293945,47255,0.0,0.0
2018-10-09 00:00:00+05:30,44.099998474121094,46.45000076293945,41.20000076293945,45.25,25626,0.0,0.0
2018-10-10 00:00:00+05:30,45.0,46.400001525878906,43.75,45.900001525878906,10392,0.0,0.0
2018-10-11 00:00:00+05:30,45.5,46.5,43.5,45.45000076293945,7286,0.0,0.0
2018-10-12 00:00:00+05:30,44.150001525878906,50.400001525878906,44.150001525878906,46.70000076293945,26811,0.0,0.0
2018-10-15 00:00:00+05:30,47.0,56.0,46.29999923706055,54.099998474121094,328526,0.0,0.0
2018-10-16 00:00:00+05:30,55.0,56.95000076293945,52.0,52.5,93318,0.0,0.0
2018-10-17 00:00:00+05:30,53.0,54.150001525878906,50.150001525878906,52.79999923706055,103348,0.0,0.0
2018-10-19 00:00:00+05:30,53.849998474121094,55.0,51.25,53.25,81203,0.0,0.0
2018-10-22 00:00:00+05:30,53.0,53.29999923706055,50.5,50.5,10842,0.0,0.0
2018-10-23 00:00:00+05:30,50.20000076293945,51.45000076293945,50.0,50.20000076293945,9727,0.0,0.0
2018-10-24 00:00:00+05:30,50.150001525878906,52.0,49.04999923706055,50.849998474121094,24769,0.0,0.0
2018-10-25 00:00:00+05:30,50.79999923706055,53.04999923706055,49.150001525878906,52.349998474121094,23098,0.0,0.0
2018-10-26 00:00:00+05:30,52.0,53.349998474121094,51.150001525878906,52.150001525878906,20292,0.0,0.0
2018-10-29 00:00:00+05:30,52.0,55.45000076293945,51.25,54.349998474121094,28529,0.0,0.0
2018-10-30 00:00:00+05:30,53.54999923706055,56.5,52.79999923706055,55.0,41547,0.0,0.0
2018-10-31 00:00:00+05:30,54.5,55.849998474121094,52.400001525878906,54.95000076293945,17437,0.0,0.0
2018-11-01 00:00:00+05:30,54.54999923706055,55.900001525878906,52.599998474121094,53.25,7849,0.0,0.0
2018-11-02 00:00:00+05:30,52.75,54.0,52.54999923706055,53.0,8834,0.0,0.0
2018-11-05 00:00:00+05:30,53.45000076293945,54.5,50.099998474121094,53.0,16995,0.0,0.0
2018-11-06 00:00:00+05:30,52.79999923706055,53.0,51.599998474121094,52.150001525878906,5782,0.0,0.0
2018-11-07 00:00:00+05:30,52.900001525878906,55.400001525878906,52.0,54.45000076293945,9020,0.0,0.0
2018-11-09 00:00:00+05:30,54.45000076293945,54.45000076293945,52.150001525878906,53.04999923706055,4668,0.0,0.0
2018-11-12 00:00:00+05:30,53.099998474121094,53.45000076293945,51.599998474121094,52.79999923706055,8652,0.0,0.0
2018-11-13 00:00:00+05:30,53.95000076293945,55.0,52.0,53.70000076293945,16425,0.0,0.0
2018-11-14 00:00:00+05:30,55.849998474121094,55.849998474121094,53.54999923706055,55.0,36214,0.0,0.0
2018-11-15 00:00:00+05:30,54.400001525878906,54.95000076293945,52.5,52.900001525878906,8675,0.0,0.0
2018-11-16 00:00:00+05:30,52.5,53.400001525878906,52.04999923706055,52.650001525878906,5907,0.0,0.0
2018-11-19 00:00:00+05:30,51.45000076293945,53.45000076293945,50.54999923706055,52.70000076293945,35150,0.0,0.0
2018-11-20 00:00:00+05:30,52.45000076293945,54.0,50.5,51.20000076293945,14600,0.0,0.0
2018-11-21 00:00:00+05:30,53.0,53.04999923706055,51.099998474121094,51.75,2105,0.0,0.0
2018-11-22 00:00:00+05:30,53.95000076293945,55.04999923706055,52.150001525878906,54.099998474121094,39213,0.0,0.0
2018-11-26 00:00:00+05:30,54.099998474121094,55.349998474121094,52.849998474121094,54.5,30199,0.0,0.0
2018-11-27 00:00:00+05:30,54.04999923706055,55.0,51.150001525878906,51.900001525878906,63549,0.0,0.0
2018-11-28 00:00:00+05:30,51.95000076293945,54.5,50.5,53.849998474121094,40680,0.0,0.0
2018-11-29 00:00:00+05:30,53.099998474121094,55.400001525878906,52.25,54.650001525878906,30215,0.0,0.0
2018-11-30 00:00:00+05:30,54.0,55.79999923706055,52.5,54.75,29518,0.0,0.0
2018-12-03 00:00:00+05:30,54.04999923706055,56.20000076293945,52.5,55.400001525878906,13852,0.0,0.0
2018-12-04 00:00:00+05:30,55.349998474121094,57.70000076293945,53.54999923706055,54.400001525878906,42812,0.0,0.0
2018-12-05 00:00:00+05:30,54.349998474121094,55.20000076293945,53.5,54.45000076293945,8155,0.0,0.0
2018-12-06 00:00:00+05:30,54.45000076293945,54.54999923706055,52.5,53.400001525878906,5734,0.0,0.0
2018-12-07 00:00:00+05:30,53.54999923706055,53.95000076293945,53.0,53.150001525878906,10196,0.0,0.0
2018-12-10 00:00:00+05:30,52.79999923706055,53.0,49.400001525878906,51.54999923706055,22193,0.0,0.0
2018-12-11 00:00:00+05:30,51.04999923706055,56.75,51.0,54.79999923706055,30927,0.0,0.0
2018-12-12 00:00:00+05:30,57.0,57.900001525878906,54.70000076293945,55.95000076293945,34673,0.0,0.0
2018-12-13 00:00:00+05:30,55.5,61.0,54.0,59.349998474121094,37324,0.0,0.0
2018-12-14 00:00:00+05:30,59.20000076293945,62.0,56.25,60.349998474121094,45786,0.0,0.0
2018-12-17 00:00:00+05:30,60.95000076293945,62.95000076293945,58.900001525878906,61.29999923706055,43380,0.0,0.0
2018-12-18 00:00:00+05:30,61.0,63.95000076293945,59.099998474121094,63.400001525878906,34228,0.0,0.0
2018-12-19 00:00:00+05:30,63.349998474121094,65.0,62.099998474121094,64.3499984741211,23638,0.0,0.0
2018-12-20 00:00:00+05:30,64.0,66.5,63.0,65.30000305175781,34203,0.0,0.0
2018-12-21 00:00:00+05:30,67.30000305175781,68.9000015258789,61.099998474121094,62.75,103522,0.0,0.0
2018-12-24 00:00:00+05:30,63.95000076293945,63.95000076293945,59.70000076293945,60.150001525878906,11143,0.0,0.0
2018-12-26 00:00:00+05:30,59.70000076293945,59.70000076293945,57.0,58.04999923706055,11845,0.0,0.0
2018-12-27 00:00:00+05:30,58.0,58.95000076293945,57.20000076293945,57.400001525878906,6416,0.0,0.0
2018-12-28 00:00:00+05:30,57.0,63.0,57.0,61.349998474121094,29618,0.0,0.0
2018-12-31 00:00:00+05:30,60.5,64.80000305175781,59.79999923706055,62.95000076293945,24957,0.0,0.0
2019-01-01 00:00:00+05:30,62.04999923706055,64.75,61.900001525878906,64.1500015258789,19123,0.0,0.0
2019-01-02 00:00:00+05:30,63.349998474121094,64.5,62.0,64.0,35473,0.0,0.0
2019-01-03 00:00:00+05:30,63.650001525878906,66.4000015258789,62.5,64.8499984741211,45465,0.0,0.0
2019-01-04 00:00:00+05:30,62.650001525878906,66.5,62.650001525878906,65.94999694824219,30237,0.0,0.0
2019-01-07 00:00:00+05:30,65.5,67.5,64.44999694824219,66.55000305175781,21142,0.0,0.0
2019-01-08 00:00:00+05:30,66.6500015258789,66.6500015258789,62.79999923706055,65.0,39788,0.0,0.0
2019-01-09 00:00:00+05:30,64.44999694824219,65.6500015258789,63.0,64.4000015258789,30681,0.0,0.0
2019-01-10 00:00:00+05:30,64.05000305175781,64.0999984741211,56.70000076293945,61.20000076293945,47161,0.0,0.0
2019-01-11 00:00:00+05:30,62.95000076293945,62.95000076293945,58.25,60.599998474121094,11217,0.0,0.0
2019-01-14 00:00:00+05:30,60.5,63.79999923706055,58.099998474121094,63.04999923706055,25052,0.0,0.0
2019-01-15 00:00:00+05:30,63.04999923706055,63.70000076293945,61.900001525878906,63.0,9192,0.0,0.0
2019-01-16 00:00:00+05:30,62.54999923706055,65.5,61.0,65.0,16447,0.0,0.0
2019-01-17 00:00:00+05:30,64.0,64.19999694824219,62.25,64.0,11517,0.0,0.0
2019-01-18 00:00:00+05:30,64.4000015258789,74.5999984741211,62.0,67.44999694824219,627521,0.0,0.0
2019-01-21 00:00:00+05:30,67.44999694824219,67.44999694824219,61.75,64.4000015258789,85063,0.0,0.0
2019-01-22 00:00:00+05:30,63.54999923706055,65.4000015258789,62.29999923706055,64.75,24595,0.0,0.0
2019-01-23 00:00:00+05:30,64.0,64.75,62.70000076293945,64.0999984741211,15048,0.0,0.0
2019-01-24 00:00:00+05:30,64.0,68.0,62.0,65.80000305175781,64402,0.0,0.0
2019-01-25 00:00:00+05:30,65.5,65.5,57.45000076293945,60.099998474121094,38900,0.0,0.0
2019-01-28 00:00:00+05:30,58.54999923706055,59.20000076293945,55.0,58.0,40150,0.0,0.0
2019-01-29 00:00:00+05:30,59.04999923706055,59.29999923706055,56.0,57.150001525878906,35811,0.0,0.0
2019-01-30 00:00:00+05:30,57.45000076293945,58.0,53.45000076293945,57.0,44064,0.0,0.0
2019-01-31 00:00:00+05:30,57.75,59.099998474121094,57.0,57.099998474121094,17674,0.0,0.0
2019-02-01 00:00:00+05:30,57.650001525878906,57.900001525878906,55.0,55.54999923706055,7036,0.0,0.0
2019-02-04 00:00:00+05:30,55.04999923706055,56.54999923706055,53.54999923706055,54.150001525878906,9340,0.0,0.0
2019-02-05 00:00:00+05:30,54.5,55.04999923706055,51.0,51.650001525878906,61677,0.0,0.0
2019-02-06 00:00:00+05:30,51.45000076293945,51.849998474121094,47.0,49.599998474121094,49746,0.0,0.0
2019-02-07 00:00:00+05:30,50.04999923706055,52.54999923706055,50.0,50.75,11799,0.0,0.0
2019-02-08 00:00:00+05:30,50.95000076293945,51.25,48.75,49.20000076293945,12006,0.0,0.0
2019-02-11 00:00:00+05:30,49.04999923706055,49.099998474121094,42.5,44.900001525878906,20017,0.0,0.0
2019-02-12 00:00:00+05:30,44.75,47.95000076293945,43.70000076293945,45.099998474121094,38052,0.0,0.0
2019-02-14 00:00:00+05:30,44.650001525878906,45.0,42.95000076293945,43.599998474121094,9867,0.0,0.0
2019-02-15 00:00:00+05:30,43.54999923706055,45.0,42.0,44.5,31783,0.0,0.0
2019-02-18 00:00:00+05:30,44.04999923706055,45.0,43.29999923706055,43.79999923706055,43139,0.0,0.0
2019-02-19 00:00:00+05:30,44.0,49.79999923706055,44.0,48.75,117609,0.0,0.0
2019-02-20 00:00:00+05:30,49.70000076293945,52.400001525878906,48.150001525878906,51.849998474121094,39519,0.0,0.0
2019-02-21 00:00:00+05:30,52.0,58.0,51.099998474121094,57.29999923706055,153186,0.0,0.0
2019-02-22 00:00:00+05:30,55.54999923706055,60.79999923706055,55.5,59.349998474121094,171105,0.0,0.0
2019-02-25 00:00:00+05:30,61.25,61.900001525878906,59.20000076293945,60.150001525878906,62527,0.0,0.0
2019-02-26 00:00:00+05:30,61.900001525878906,61.900001525878906,57.5,60.20000076293945,63266,0.0,0.0
2019-02-27 00:00:00+05:30,61.0,61.599998474121094,59.20000076293945,59.79999923706055,156900,0.0,0.0
2019-02-28 00:00:00+05:30,59.5,61.5,57.79999923706055,60.20000076293945,118720,0.0,0.0
2019-03-01 00:00:00+05:30,61.0,62.79999923706055,60.099998474121094,62.20000076293945,125642,0.0,0.0
2019-03-05 00:00:00+05:30,62.25,62.75,60.0,60.900001525878906,45569,0.0,0.0
2019-03-06 00:00:00+05:30,62.25,64.80000305175781,61.5,63.29999923706055,42026,0.0,0.0
2019-03-07 00:00:00+05:30,64.75,65.05000305175781,63.5,63.900001525878906,25594,0.0,0.0
2019-03-08 00:00:00+05:30,64.6500015258789,64.75,63.25,64.4000015258789,27717,0.0,0.0
2019-03-11 00:00:00+05:30,77.0,77.0,66.25,68.1500015258789,293392,0.0,0.0
2019-03-12 00:00:00+05:30,70.25,70.25,66.25,68.44999694824219,130801,0.0,0.0
2019-03-13 00:00:00+05:30,68.94999694824219,70.0,67.0999984741211,68.4000015258789,109885,0.0,0.0
2019-03-14 00:00:00+05:30,68.4000015258789,70.25,67.80000305175781,68.05000305175781,92218,0.0,0.0
2019-03-15 00:00:00+05:30,68.94999694824219,73.0,67.69999694824219,71.75,151524,0.0,0.0
2019-03-18 00:00:00+05:30,73.05000305175781,74.0,68.8499984741211,70.0,267664,0.0,0.0
2019-03-19 00:00:00+05:30,71.25,72.19999694824219,69.25,70.1500015258789,84390,0.0,0.0
2019-03-20 00:00:00+05:30,70.94999694824219,72.0,65.5999984741211,68.4000015258789,289585,0.0,0.0
2019-03-22 00:00:00+05:30,69.25,69.9000015258789,67.0,67.55000305175781,72520,0.0,0.0
2019-03-25 00:00:00+05:30,69.5,70.25,65.80000305175781,66.5999984741211,114212,0.0,0.0
2019-03-26 00:00:00+05:30,67.5,68.3499984741211,63.5,64.0,150451,0.0,0.0
2019-03-27 00:00:00+05:30,65.1500015258789,65.3499984741211,61.79999923706055,64.30000305175781,219775,0.0,0.0
2019-03-28 00:00:00+05:30,66.25,70.9000015258789,64.5,69.9000015258789,474352,0.0,0.0
2019-04-01 00:00:00+05:30,75.9000015258789,82.3499984741211,75.75,80.55000305175781,832444,0.0,0.0
2019-04-02 00:00:00+05:30,80.69999694824219,84.30000305175781,80.69999694824219,81.55000305175781,718816,0.0,0.0
2019-04-03 00:00:00+05:30,82.0999984741211,84.5,81.3499984741211,82.6500015258789,647745,0.0,0.0
2019-04-04 00:00:00+05:30,84.0,85.0,76.55000305175781,80.5,325813,0.0,0.0
2019-04-05 00:00:00+05:30,80.69999694824219,81.0,77.8499984741211,78.1500015258789,94537,0.0,0.0
2019-04-08 00:00:00+05:30,78.80000305175781,81.69999694824219,78.25,80.25,176811,0.0,0.0
2019-04-09 00:00:00+05:30,81.5,82.5,79.94999694824219,81.44999694824219,188014,0.0,0.0
2019-04-10 00:00:00+05:30,81.8499984741211,82.5,80.5,82.30000305175781,200212,0.0,0.0
2019-04-11 00:00:00+05:30,82.5,83.4000015258789,81.19999694824219,81.69999694824219,147305,0.0,0.0
2019-04-12 00:00:00+05:30,82.69999694824219,83.4000015258789,81.6500015258789,82.05000305175781,359996,0.0,0.0
2019-04-15 00:00:00+05:30,82.5,82.8499984741211,78.6500015258789,79.8499984741211,269034,0.0,0.0
2019-04-16 00:00:00+05:30,80.30000305175781,81.9000015258789,79.5,80.5,302247,0.0,0.0
2019-04-18 00:00:00+05:30,82.0,87.0,81.75,82.1500015258789,601648,0.0,0.0
2019-04-22 00:00:00+05:30,82.0,84.0999984741211,80.30000305175781,82.55000305175781,253293,0.0,0.0
2019-04-23 00:00:00+05:30,83.44999694824219,87.6500015258789,82.19999694824219,84.4000015258789,610468,0.0,0.0
2019-04-24 00:00:00+05:30,85.0,85.5,83.4000015258789,83.94999694824219,277471,0.0,0.0
2019-04-25 00:00:00+05:30,84.6500015258789,85.05000305175781,83.0,84.05000305175781,389030,0.0,0.0
2019-04-26 00:00:00+05:30,84.05000305175781,88.0,83.1500015258789,85.80000305175781,562272,0.0,0.0
2019-04-30 00:00:00+05:30,85.8499984741211,87.44999694824219,83.94999694824219,86.25,329567,0.0,0.0
2019-05-02 00:00:00+05:30,86.30000305175781,86.9000015258789,80.5,82.30000305175781,283136,0.0,0.0
2019-05-03 00:00:00+05:30,83.0,90.0,72.44999694824219,87.6500015258789,547293,0.0,0.0
2019-05-06 00:00:00+05:30,88.5999984741211,89.5999984741211,85.05000305175781,86.9000015258789,375329,0.0,0.0
2019-05-07 00:00:00+05:30,87.69999694824219,88.0,85.0,85.6500015258789,529882,0.0,0.0
2019-05-08 00:00:00+05:30,85.25,87.05000305175781,84.9000015258789,86.05000305175781,315391,0.0,0.0
2019-05-09 00:00:00+05:30,87.0,89.9000015258789,86.75,88.69999694824219,332780,0.0,0.0
2019-05-10 00:00:00+05:30,89.6500015258789,92.9000015258789,88.69999694824219,91.6500015258789,494880,0.0,0.0
2019-05-13 00:00:00+05:30,94.19999694824219,94.25,87.05000305175781,87.8499984741211,580619,0.0,0.0
2019-05-14 00:00:00+05:30,88.0,88.0,79.5,86.25,421958,0.0,0.0
2019-05-15 00:00:00+05:30,86.94999694824219,87.80000305175781,79.0999984741211,80.5,637470,0.0,0.0
2019-05-16 00:00:00+05:30,81.5,81.9000015258789,75.94999694824219,77.5,524194,0.0,0.0
2019-05-17 00:00:00+05:30,76.69999694824219,80.5,68.5,71.69999694824219,517405,0.0,0.0
2019-05-20 00:00:00+05:30,71.44999694824219,72.9000015258789,66.55000305175781,69.3499984741211,205169,0.0,0.0
2019-05-21 00:00:00+05:30,70.5999984741211,72.5999984741211,67.6500015258789,68.69999694824219,222411,0.0,0.0
2019-05-22 00:00:00+05:30,70.0999984741211,70.3499984741211,67.6500015258789,68.75,376523,0.0,0.0
2019-05-23 00:00:00+05:30,70.69999694824219,70.69999694824219,66.0,68.0,377130,0.0,0.0
2019-05-24 00:00:00+05:30,68.5,70.9000015258789,68.0999984741211,69.8499984741211,189227,0.0,0.0
2019-05-27 00:00:00+05:30,70.25,71.5,69.0,69.6500015258789,279266,0.0,0.0
2019-05-28 00:00:00+05:30,70.4000015258789,71.0,68.0,68.80000305175781,178119,0.0,0.0
2019-05-29 00:00:00+05:30,68.9000015258789,70.1500015258789,67.69999694824219,68.44999694824219,224470,0.0,0.0
2019-05-30 00:00:00+05:30,68.5,69.3499984741211,68.0,68.1500015258789,203402,0.0,0.0
2019-05-31 00:00:00+05:30,68.69999694824219,69.0,67.25,67.69999694824219,179630,0.0,0.0
2019-06-03 00:00:00+05:30,67.9000015258789,68.80000305175781,67.0,67.94999694824219,235515,0.0,0.0
2019-06-04 00:00:00+05:30,67.94999694824219,69.69999694824219,67.5,68.0999984741211,209778,0.0,0.0
2019-06-06 00:00:00+05:30,68.6500015258789,69.25,65.1500015258789,67.30000305175781,223317,0.0,0.0
2019-06-07 00:00:00+05:30,67.5,68.9000015258789,65.05000305175781,66.0,207957,0.0,0.0
2019-06-10 00:00:00+05:30,66.25,67.0,65.55000305175781,66.69999694824219,238037,0.0,0.0
2019-06-11 00:00:00+05:30,66.69999694824219,71.0,66.05000305175781,69.94999694824219,532657,0.0,0.0
2019-06-12 00:00:00+05:30,68.80000305175781,71.44999694824219,68.0,70.44999694824219,382303,0.0,0.0
2019-06-13 00:00:00+05:30,70.25,71.0999984741211,69.5,70.19999694824219,354771,0.0,0.0
2019-06-14 00:00:00+05:30,70.19999694824219,70.19999694824219,67.05000305175781,67.80000305175781,180130,0.0,0.0
2019-06-17 00:00:00+05:30,67.55000305175781,68.3499984741211,66.3499984741211,67.55000305175781,410341,0.0,0.0
2019-06-18 00:00:00+05:30,68.05000305175781,69.55000305175781,61.650001525878906,68.3499984741211,341238,0.0,0.0
2019-06-19 00:00:00+05:30,69.44999694824219,69.44999694824219,63.400001525878906,67.30000305175781,358399,0.0,0.0
2019-06-20 00:00:00+05:30,68.0,68.44999694824219,65.5999984741211,66.4000015258789,160586,0.0,0.0
2019-06-21 00:00:00+05:30,66.8499984741211,67.75,64.5,65.4000015258789,273715,0.0,0.0
2019-06-24 00:00:00+05:30,65.0999984741211,66.0,63.650001525878906,64.3499984741211,250483,0.0,0.0
2019-06-25 00:00:00+05:30,64.44999694824219,68.0,61.0,63.849998474121094,320761,0.0,0.0
2019-06-26 00:00:00+05:30,62.95000076293945,63.29999923706055,61.599998474121094,62.20000076293945,186351,0.0,0.0
2019-06-27 00:00:00+05:30,62.0,63.650001525878906,61.099998474121094,62.150001525878906,161195,0.0,0.0
2019-06-28 00:00:00+05:30,62.0,64.5,61.29999923706055,62.650001525878906,196855,0.0,0.0
2019-07-01 00:00:00+05:30,62.54999923706055,63.400001525878906,57.04999923706055,59.04999923706055,185159,0.0,0.0
2019-07-02 00:00:00+05:30,57.79999923706055,57.79999923706055,47.25,47.25,232525,0.0,0.0
2019-07-03 00:00:00+05:30,37.79999923706055,37.79999923706055,37.79999923706055,37.79999923706055,59972,0.0,0.0
2019-07-04 00:00:00+05:30,34.04999923706055,41.54999923706055,34.04999923706055,40.099998474121094,1035505,0.0,0.0
2019-07-05 00:00:00+05:30,42.5,42.5,40.099998474121094,40.75,179624,0.0,0.0
2019-07-08 00:00:00+05:30,40.0,40.849998474121094,38.0,39.400001525878906,83164,0.0,0.0
2019-07-09 00:00:00+05:30,38.70000076293945,40.54999923706055,38.599998474121094,39.150001525878906,116614,0.0,0.0
2019-07-10 00:00:00+05:30,40.5,40.5,38.04999923706055,38.5,24469,0.0,0.0
2019-07-11 00:00:00+05:30,38.95000076293945,39.29999923706055,34.650001525878906,35.400001525878906,113134,0.0,0.0
2019-07-12 00:00:00+05:30,35.650001525878906,36.75,31.899999618530273,34.25,321803,0.0,0.0
2019-07-15 00:00:00+05:30,34.5,35.150001525878906,31.149999618530273,33.150001525878906,92416,0.0,0.0
2019-07-16 00:00:00+05:30,34.0,35.0,32.0,32.54999923706055,64313,0.0,0.0
2019-07-17 00:00:00+05:30,33.150001525878906,34.25,31.799999237060547,32.79999923706055,95713,0.0,0.0
2019-07-18 00:00:00+05:30,31.600000381469727,33.20000076293945,31.049999237060547,32.5,38770,0.0,0.0
2019-07-19 00:00:00+05:30,31.850000381469727,32.5,30.799999237060547,30.950000762939453,26368,0.0,0.0
2019-07-22 00:00:00+05:30,30.100000381469727,31.799999237060547,29.799999237060547,30.100000381469727,20939,0.0,0.0
2019-07-23 00:00:00+05:30,30.049999237060547,33.0,29.5,30.350000381469727,49120,0.0,0.0
2019-07-24 00:00:00+05:30,30.600000381469727,32.79999923706055,30.149999618530273,32.29999923706055,32594,0.0,0.0
2019-07-25 00:00:00+05:30,33.95000076293945,34.0,31.5,32.400001525878906,14402,0.0,0.0
2019-07-26 00:00:00+05:30,32.599998474121094,33.25,31.799999237060547,31.899999618530273,32930,0.0,0.0
2019-07-29 00:00:00+05:30,32.650001525878906,32.95000076293945,28.75,28.75,70790,0.0,0.0
2019-07-30 00:00:00+05:30,28.850000381469727,29.799999237060547,25.899999618530273,25.950000762939453,63010,0.0,0.0
2019-07-31 00:00:00+05:30,24.700000762939453,24.700000762939453,24.700000762939453,24.700000762939453,37006,0.0,0.0
2019-08-01 00:00:00+05:30,23.5,23.5,23.5,23.5,4613,0.0,0.0
2019-08-02 00:00:00+05:30,22.350000381469727,24.649999618530273,22.350000381469727,22.950000762939453,135758,0.0,0.0
2019-08-05 00:00:00+05:30,21.850000381469727,23.25,21.850000381469727,22.700000762939453,36452,0.0,0.0
2019-08-06 00:00:00+05:30,21.649999618530273,23.799999237060547,21.649999618530273,23.200000762939453,35785,0.0,0.0
2019-08-07 00:00:00+05:30,22.799999237060547,24.350000381469727,22.799999237060547,24.350000381469727,19729,0.0,0.0
2019-08-08 00:00:00+05:30,25.399999618530273,25.549999237060547,24.5,25.549999237060547,10216,0.0,0.0
2019-08-09 00:00:00+05:30,26.799999237060547,26.799999237060547,26.799999237060547,26.799999237060547,2432,0.0,0.0
2019-08-13 00:00:00+05:30,28.100000381469727,28.100000381469727,28.100000381469727,28.100000381469727,8563,0.0,0.0
2019-08-14 00:00:00+05:30,29.450000762939453,29.5,28.200000762939453,29.5,29616,0.0,0.0
2019-08-16 00:00:00+05:30,30.950000762939453,30.950000762939453,28.549999237060547,30.950000762939453,41815,0.0,0.0
2019-08-19 00:00:00+05:30,32.45000076293945,32.45000076293945,32.20000076293945,32.45000076293945,21955,0.0,0.0
2019-08-20 00:00:00+05:30,33.75,34.04999923706055,32.400001525878906,34.0,69335,0.0,0.0
2019-08-21 00:00:00+05:30,35.599998474121094,35.70000076293945,35.0,35.70000076293945,14339,0.0,0.0
2019-08-22 00:00:00+05:30,37.45000076293945,37.45000076293945,37.45000076293945,37.45000076293945,13799,0.0,0.0
2019-08-23 00:00:00+05:30,39.29999923706055,39.29999923706055,35.599998474121094,35.599998474121094,68076,0.0,0.0
2019-08-26 00:00:00+05:30,33.849998474121094,33.849998474121094,33.849998474121094,33.849998474121094,6313,0.0,0.0
2019-08-27 00:00:00+05:30,32.29999923706055,32.29999923706055,32.20000076293945,32.20000076293945,6811,0.0,0.0
2019-08-28 00:00:00+05:30,30.600000381469727,30.600000381469727,30.600000381469727,30.600000381469727,3766,0.0,0.0
2019-08-29 00:00:00+05:30,29.100000381469727,29.100000381469727,29.100000381469727,29.100000381469727,2014,0.0,0.0
2019-08-30 00:00:00+05:30,27.649999618530273,27.649999618530273,27.649999618530273,27.649999618530273,7888,0.0,0.0
2019-09-03 00:00:00+05:30,26.850000381469727,29.0,26.299999237060547,26.600000381469727,48727,0.0,0.0
2019-09-04 00:00:00+05:30,26.75,27.600000381469727,25.549999237060547,26.950000762939453,12516,0.0,0.0
2019-09-05 00:00:00+05:30,28.200000762939453,28.200000762939453,26.0,26.399999618530273,42158,0.0,0.0
2019-09-06 00:00:00+05:30,25.5,27.200000762939453,25.5,26.25,13889,0.0,0.0
2019-09-09 00:00:00+05:30,25.149999618530273,27.549999237060547,25.100000381469727,27.450000762939453,26439,0.0,0.0
2019-09-11 00:00:00+05:30,28.5,28.75,27.049999237060547,27.350000381469727,42740,0.0,0.0
2019-09-12 00:00:00+05:30,27.5,27.5,26.0,26.450000762939453,148266,0.0,0.0
2019-09-13 00:00:00+05:30,26.899999618530273,26.899999618530273,25.799999237060547,26.200000762939453,56918,0.0,0.0
2019-09-16 00:00:00+05:30,27.25,27.5,25.399999618530273,27.25,69980,0.0,0.0
2019-09-17 00:00:00+05:30,28.25,28.600000381469727,26.5,27.100000381469727,66655,0.0,0.0
2019-09-18 00:00:00+05:30,28.200000762939453,28.200000762939453,25.75,25.75,50271,0.0,0.0
2019-09-19 00:00:00+05:30,25.149999618530273,26.299999237060547,24.5,24.549999237060547,25278,0.0,0.0
2019-09-20 00:00:00+05:30,23.549999237060547,24.799999237060547,23.350000381469727,24.149999618530273,36276,0.0,0.0
2019-09-23 00:00:00+05:30,25.299999237060547,25.299999237060547,22.950000762939453,22.950000762939453,37414,0.0,0.0
2019-09-24 00:00:00+05:30,22.950000762939453,23.0,22.0,22.899999618530273,96700,0.0,0.0
2019-09-25 00:00:00+05:30,23.25,23.5,22.549999237060547,22.950000762939453,67481,0.0,0.0
2019-09-26 00:00:00+05:30,22.350000381469727,23.950000762939453,22.149999618530273,22.75,84856,0.0,0.0
2019-09-27 00:00:00+05:30,22.549999237060547,23.200000762939453,22.149999618530273,22.549999237060547,34924,0.0,0.0
2019-09-30 00:00:00+05:30,22.549999237060547,22.549999237060547,21.450000762939453,21.450000762939453,18687,0.0,0.0
2019-10-01 00:00:00+05:30,20.5,22.5,20.5,20.700000762939453,79379,0.0,0.0
2019-10-03 00:00:00+05:30,19.850000381469727,21.149999618530273,19.700000762939453,19.700000762939453,20568,0.0,0.0
2019-10-04 00:00:00+05:30,19.0,19.0,18.75,18.75,8989,0.0,0.0
2019-10-07 00:00:00+05:30,17.899999618530273,18.0,17.850000381469727,17.850000381469727,7757,0.0,0.0
2019-10-09 00:00:00+05:30,17.850000381469727,17.850000381469727,17.0,17.0,3720,0.0,0.0
2019-10-10 00:00:00+05:30,16.149999618530273,16.149999618530273,16.149999618530273,16.149999618530273,3273,0.0,0.0
2019-10-11 00:00:00+05:30,15.350000381469727,15.350000381469727,15.350000381469727,15.350000381469727,3940,0.0,0.0
2019-10-14 00:00:00+05:30,15.699999809265137,16.100000381469727,14.600000381469727,14.600000381469727,222582,0.0,0.0
2019-10-15 00:00:00+05:30,14.899999618530273,14.899999618530273,13.899999618530273,14.0,39850,0.0,0.0
2019-10-16 00:00:00+05:30,13.300000190734863,13.699999809265137,13.300000190734863,13.300000190734863,40303,0.0,0.0
2019-10-17 00:00:00+05:30,12.649999618530273,13.949999809265137,12.649999618530273,13.949999809265137,26761,0.0,0.0
2019-10-18 00:00:00+05:30,14.25,14.600000381469727,14.25,14.600000381469727,7246,0.0,0.0
2019-10-22 00:00:00+05:30,15.300000190734863,15.300000190734863,15.300000190734863,15.300000190734863,2666,0.0,0.0
2019-10-23 00:00:00+05:30,16.049999237060547,16.049999237060547,16.049999237060547,16.049999237060547,3300,0.0,0.0
2019-10-24 00:00:00+05:30,16.850000381469727,16.850000381469727,16.850000381469727,16.850000381469727,4183,0.0,0.0
2019-10-25 00:00:00+05:30,17.649999618530273,17.649999618530273,17.0,17.649999618530273,14658,0.0,0.0
2019-10-27 00:00:00+05:30,18.5,18.5,18.5,18.5,5401,0.0,0.0
2019-10-29 00:00:00+05:30,19.399999618530273,19.399999618530273,19.399999618530273,19.399999618530273,10468,0.0,0.0
2019-10-30 00:00:00+05:30,20.350000381469727,20.350000381469727,18.600000381469727,20.350000381469727,30657,0.0,0.0
2019-10-31 00:00:00+05:30,21.299999237060547,21.350000381469727,21.299999237060547,21.350000381469727,8543,0.0,0.0
2019-11-01 00:00:00+05:30,22.350000381469727,22.399999618530273,22.350000381469727,22.399999618530273,2246,0.0,0.0
2019-11-04 00:00:00+05:30,23.5,23.5,23.5,23.5,13872,0.0,0.0
2019-11-05 00:00:00+05:30,24.649999618530273,24.649999618530273,24.0,24.600000381469727,75414,0.0,0.0
2019-11-06 00:00:00+05:30,25.700000762939453,25.75,23.399999618530273,23.399999618530273,52203,0.0,0.0
2019-11-07 00:00:00+05:30,22.25,23.899999618530273,22.25,22.25,50112,0.0,0.0
2019-11-08 00:00:00+05:30,21.149999618530273,22.0,21.149999618530273,21.299999237060547,30308,0.0,0.0
2019-11-11 00:00:00+05:30,21.299999237060547,22.350000381469727,20.25,20.399999618530273,64057,0.0,0.0
2019-11-13 00:00:00+05:30,21.399999618530273,21.399999618530273,19.399999618530273,19.399999618530273,36298,0.0,0.0
2019-11-14 00:00:00+05:30,18.5,18.600000381469727,18.450000762939453,18.450000762939453,8635,0.0,0.0
2019-11-15 00:00:00+05:30,17.600000381469727,18.899999618530273,17.549999237060547,18.700000762939453,143070,0.0,0.0
2019-11-18 00:00:00+05:30,19.600000381469727,19.600000381469727,18.75,19.600000381469727,167404,0.0,0.0
2019-11-19 00:00:00+05:30,20.200000762939453,20.450000762939453,18.649999618530273,18.700000762939453,114743,0.0,0.0
2019-11-20 00:00:00+05:30,18.850000381469727,18.850000381469727,17.799999237060547,17.799999237060547,129772,0.0,0.0
2019-11-21 00:00:00+05:30,18.25,18.649999618530273,16.950000762939453,17.049999237060547,117842,0.0,0.0
2019-11-22 00:00:00+05:30,17.0,17.649999618530273,16.200000762939453,16.649999618530273,38579,0.0,0.0
2019-11-25 00:00:00+05:30,17.299999237060547,17.299999237060547,16.149999618530273,17.0,30013,0.0,0.0
2019-11-26 00:00:00+05:30,17.0,17.75,16.75,16.950000762939453,25141,0.0,0.0
2019-11-27 00:00:00+05:30,17.0,17.75,16.799999237060547,16.899999618530273,11705,0.0,0.0
2019-11-28 00:00:00+05:30,16.799999237060547,17.200000762939453,16.100000381469727,16.649999618530273,35993,0.0,0.0
2019-11-29 00:00:00+05:30,16.549999237060547,17.25,15.899999618530273,16.850000381469727,16326,0.0,0.0
2019-12-02 00:00:00+05:30,17.0,17.649999618530273,16.299999237060547,17.649999618530273,36623,0.0,0.0
2019-12-03 00:00:00+05:30,18.0,18.399999618530273,17.149999618530273,17.950000762939453,36400,0.0,0.0
2019-12-04 00:00:00+05:30,18.799999237060547,18.799999237060547,17.399999618530273,18.299999237060547,30117,0.0,0.0
2019-12-05 00:00:00+05:30,19.0,19.0,17.899999618530273,18.350000381469727,17111,0.0,0.0
2019-12-06 00:00:00+05:30,17.5,19.0,16.700000762939453,17.450000762939453,30630,0.0,0.0
2019-12-09 00:00:00+05:30,17.049999237060547,17.799999237060547,16.399999618530273,16.700000762939453,15883,0.0,0.0
2019-12-10 00:00:00+05:30,17.950000762939453,17.950000762939453,16.5,17.049999237060547,17647,0.0,0.0
2019-12-11 00:00:00+05:30,17.600000381469727,17.600000381469727,15.350000381469727,16.149999618530273,64358,0.0,0.0
2019-12-12 00:00:00+05:30,16.149999618530273,17.450000762939453,15.399999618530273,16.700000762939453,16565,0.0,0.0
2019-12-13 00:00:00+05:30,16.649999618530273,16.950000762939453,15.199999809265137,15.600000381469727,38334,0.0,0.0
2019-12-16 00:00:00+05:30,15.600000381469727,16.149999618530273,14.300000190734863,15.199999809265137,56103,0.0,0.0
2019-12-17 00:00:00+05:30,15.949999809265137,16.200000762939453,15.0,15.850000381469727,32046,0.0,0.0
2019-12-18 00:00:00+05:30,15.949999809265137,16.399999618530273,15.0,15.050000190734863,35623,0.0,0.0
2019-12-19 00:00:00+05:30,16.0,16.0,14.699999809265137,15.199999809265137,25163,0.0,0.0
2019-12-20 00:00:00+05:30,15.0,15.699999809265137,15.0,15.149999618530273,9786,0.0,0.0
2019-12-23 00:00:00+05:30,15.199999809265137,15.399999618530273,14.5,14.600000381469727,31367,0.0,0.0
2019-12-24 00:00:00+05:30,14.949999809265137,15.0,13.25,14.050000190734863,48396,0.0,0.0
2019-12-26 00:00:00+05:30,14.75,15.449999809265137,14.0,15.300000190734863,243737,0.0,0.0
2019-12-27 00:00:00+05:30,15.600000381469727,15.600000381469727,14.0,14.149999618530273,115916,0.0,0.0
2019-12-30 00:00:00+05:30,14.5,14.949999809265137,14.0,14.149999618530273,58237,0.0,0.0
2019-12-31 00:00:00+05:30,14.149999618530273,14.399999618530273,13.5,13.800000190734863,45698,0.0,0.0
2020-01-01 00:00:00+05:30,13.649999618530273,14.399999618530273,13.5,14.25,31560,0.0,0.0
2020-01-02 00:00:00+05:30,14.0,14.550000190734863,13.5,14.050000190734863,61428,0.0,0.0
2020-01-03 00:00:00+05:30,13.949999809265137,14.399999618530273,13.649999618530273,13.949999809265137,46605,0.0,0.0
2020-01-06 00:00:00+05:30,13.899999618530273,14.25,13.649999618530273,13.850000381469727,27934,0.0,0.0
2020-01-07 00:00:00+05:30,13.850000381469727,14.199999809265137,13.649999618530273,13.800000190734863,53365,0.0,0.0
2020-01-08 00:00:00+05:30,14.149999618530273,14.300000190734863,13.5,13.949999809265137,42803,0.0,0.0
2020-01-09 00:00:00+05:30,14.399999618530273,15.199999809265137,14.100000381469727,14.25,71391,0.0,0.0
2020-01-10 00:00:00+05:30,14.100000381469727,14.550000190734863,14.050000190734863,14.350000381469727,26676,0.0,0.0
2020-01-13 00:00:00+05:30,14.5,14.5,13.5,13.899999618530273,50417,0.0,0.0
2020-01-14 00:00:00+05:30,14.300000190734863,14.300000190734863,13.800000190734863,14.0,34102,0.0,0.0
2020-01-15 00:00:00+05:30,14.0,14.199999809265137,13.5,13.899999618530273,27568,0.0,0.0
2020-01-16 00:00:00+05:30,13.899999618530273,15.199999809265137,13.800000190734863,14.399999618530273,50668,0.0,0.0
2020-01-17 00:00:00+05:30,14.399999618530273,15.0,13.699999809265137,13.800000190734863,112246,0.0,0.0
2020-01-20 00:00:00+05:30,14.149999618530273,14.350000381469727,13.5,13.75,56262,0.0,0.0
2020-01-21 00:00:00+05:30,13.800000190734863,14.100000381469727,13.5,13.850000381469727,22497,0.0,0.0
2020-01-22 00:00:00+05:30,14.199999809265137,14.25,13.5,13.600000381469727,33231,0.0,0.0
2020-01-23 00:00:00+05:30,13.899999618530273,13.899999618530273,13.399999618530273,13.600000381469727,27236,0.0,0.0
2020-01-24 00:00:00+05:30,13.649999618530273,14.0,13.149999618530273,13.75,33613,0.0,0.0
2020-01-27 00:00:00+05:30,13.699999809265137,13.949999809265137,13.449999809265137,13.600000381469727,72276,0.0,0.0
2020-01-28 00:00:00+05:30,14.0,14.949999809265137,13.75,14.949999809265137,132122,0.0,0.0
2020-01-29 00:00:00+05:30,15.649999618530273,16.399999618530273,15.449999809265137,16.399999618530273,175223,0.0,0.0
2020-01-30 00:00:00+05:30,17.700000762939453,17.899999618530273,14.800000190734863,16.950000762939453,212541,0.0,0.0
2020-01-31 00:00:00+05:30,17.0,17.399999618530273,16.149999618530273,16.149999618530273,67158,0.0,0.0
2020-02-03 00:00:00+05:30,16.299999237060547,16.350000381469727,15.300000190734863,15.300000190734863,45974,0.0,0.0
2020-02-04 00:00:00+05:30,15.0,15.350000381469727,14.550000190734863,14.550000190734863,16617,0.0,0.0
2020-02-05 00:00:00+05:30,14.5,14.5,13.850000381469727,13.850000381469727,28659,0.0,0.0
2020-02-06 00:00:00+05:30,13.350000381469727,13.800000190734863,13.25,13.550000190734863,46477,0.0,0.0
2020-02-07 00:00:00+05:30,13.5,14.199999809265137,13.149999618530273,14.199999809265137,29087,0.0,0.0
2020-02-10 00:00:00+05:30,14.199999809265137,14.850000381469727,13.550000190734863,14.199999809265137,31079,0.0,0.0
2020-02-11 00:00:00+05:30,14.75,14.75,13.649999618530273,14.100000381469727,19091,0.0,0.0
2020-02-12 00:00:00+05:30,14.100000381469727,14.800000190734863,13.899999618530273,14.550000190734863,43379,0.0,0.0
2020-02-13 00:00:00+05:30,15.0,15.25,14.050000190734863,14.899999618530273,67861,0.0,0.0
2020-02-14 00:00:00+05:30,14.850000381469727,15.600000381469727,14.350000381469727,15.550000190734863,78934,0.0,0.0
2020-02-17 00:00:00+05:30,15.5,15.5,14.800000190734863,14.850000381469727,102850,0.0,0.0
2020-02-18 00:00:00+05:30,14.899999618530273,15.25,14.149999618530273,14.75,190541,0.0,0.0
2020-02-19 00:00:00+05:30,14.050000190734863,14.050000190734863,14.050000190734863,14.050000190734863,9636,0.0,0.0
2020-02-20 00:00:00+05:30,13.550000190734863,14.399999618530273,13.350000381469727,13.550000190734863,173524,0.0,0.0
2020-02-24 00:00:00+05:30,13.350000381469727,13.899999618530273,12.899999618530273,13.050000190734863,88934,0.0,0.0
2020-02-25 00:00:00+05:30,13.100000381469727,13.399999618530273,12.399999618530273,12.5,63398,0.0,0.0
2020-02-26 00:00:00+05:30,12.449999809265137,12.5,11.899999618530273,11.899999618530273,41154,0.0,0.0
2020-02-27 00:00:00+05:30,11.899999618530273,11.899999618530273,11.350000381469727,11.350000381469727,19360,0.0,0.0
2020-02-28 00:00:00+05:30,10.800000190734863,11.0,10.800000190734863,10.800000190734863,42816,0.0,0.0
2020-03-02 00:00:00+05:30,10.300000190734863,11.25,10.300000190734863,11.050000190734863,125642,0.0,0.0
2020-03-03 00:00:00+05:30,11.050000190734863,11.149999618530273,10.5,10.850000381469727,84710,0.0,0.0
2020-03-04 00:00:00+05:30,10.5,10.800000190734863,10.350000381469727,10.350000381469727,74775,0.0,0.0
2020-03-05 00:00:00+05:30,10.0,10.300000190734863,9.850000381469727,9.850000381469727,74847,0.0,0.0
2020-03-06 00:00:00+05:30,9.850000381469727,9.850000381469727,9.399999618530273,9.399999618530273,14869,0.0,0.0
2020-03-09 00:00:00+05:30,9.0,9.350000381469727,8.949999809265137,8.949999809265137,36086,0.0,0.0
2020-03-11 00:00:00+05:30,8.550000190734863,9.199999809265137,8.550000190734863,8.899999618530273,142547,0.0,0.0
2020-03-12 00:00:00+05:30,8.5,9.0,8.5,8.800000190734863,42337,0.0,0.0
2020-03-13 00:00:00+05:30,9.0,9.100000381469727,8.399999618530273,8.600000381469727,21782,0.0,0.0
2020-03-16 00:00:00+05:30,8.5,8.899999618530273,8.199999809265137,8.199999809265137,26301,0.0,0.0
2020-03-17 00:00:00+05:30,8.199999809265137,8.600000381469727,8.0,8.550000190734863,28413,0.0,0.0
2020-03-18 00:00:00+05:30,8.75,8.949999809265137,8.149999618530273,8.449999809265137,55480,0.0,0.0
2020-03-19 00:00:00+05:30,8.050000190734863,8.550000190734863,8.050000190734863,8.050000190734863,29701,0.0,0.0
2020-03-20 00:00:00+05:30,7.699999809265137,8.350000381469727,7.650000095367432,7.699999809265137,59965,0.0,0.0
2020-03-23 00:00:00+05:30,7.5,7.599999904632568,7.349999904632568,7.400000095367432,6931,0.0,0.0
2020-03-24 00:00:00+05:30,7.400000095367432,7.550000190734863,7.050000190734863,7.050000190734863,6354,0.0,0.0
2020-03-25 00:00:00+05:30,6.800000190734863,6.800000190734863,6.699999809265137,6.699999809265137,7134,0.0,0.0
2020-03-26 00:00:00+05:30,6.699999809265137,7.0,6.400000095367432,6.449999809265137,33799,0.0,0.0
2020-03-27 00:00:00+05:30,6.449999809265137,6.75,6.449999809265137,6.550000190734863,6345,0.0,0.0
2020-03-30 00:00:00+05:30,6.550000190734863,6.849999904632568,6.25,6.650000095367432,11154,0.0,0.0
2020-03-31 00:00:00+05:30,6.650000095367432,6.949999809265137,6.550000190734863,6.949999809265137,12329,0.0,0.0
2020-04-01 00:00:00+05:30,7.25,7.25,7.0,7.25,5630,0.0,0.0
2020-04-03 00:00:00+05:30,7.599999904632568,7.599999904632568,7.599999904632568,7.599999904632568,5675,0.0,0.0
2020-04-07 00:00:00+05:30,7.800000190734863,7.949999809265137,7.800000190734863,7.949999809265137,7987,0.0,0.0
2020-04-08 00:00:00+05:30,8.300000190734863,8.300000190734863,8.300000190734863,8.300000190734863,5696,0.0,0.0
2020-04-09 00:00:00+05:30,8.699999809265137,8.699999809265137,8.0,8.699999809265137,33514,0.0,0.0
2020-04-13 00:00:00+05:30,9.100000381469727,9.100000381469727,9.100000381469727,9.100000381469727,20299,0.0,0.0
2020-04-15 00:00:00+05:30,9.550000190734863,9.550000190734863,9.300000190734863,9.550000190734863,50844,0.0,0.0
2020-04-16 00:00:00+05:30,10.0,10.0,10.0,10.0,10296,0.0,0.0
2020-04-17 00:00:00+05:30,10.5,10.5,10.5,10.5,27943,0.0,0.0
2020-04-20 00:00:00+05:30,11.0,11.0,10.0,10.0,129607,0.0,0.0
2020-04-21 00:00:00+05:30,9.600000381469727,10.300000190734863,9.5,9.949999809265137,57347,0.0,0.0
2020-04-22 00:00:00+05:30,10.399999618530273,10.399999618530273,9.600000381469727,9.949999809265137,26346,0.0,0.0
2020-04-23 00:00:00+05:30,10.0,10.199999809265137,9.5,9.949999809265137,108546,0.0,0.0
2020-04-24 00:00:00+05:30,10.399999618530273,10.399999618530273,9.649999618530273,10.199999809265137,60193,0.0,0.0
2020-04-27 00:00:00+05:30,10.699999809265137,10.699999809265137,10.300000190734863,10.600000381469727,53639,0.0,0.0
2020-04-28 00:00:00+05:30,11.0,11.100000381469727,10.600000381469727,11.100000381469727,23753,0.0,0.0
2020-04-29 00:00:00+05:30,11.649999618530273,11.649999618530273,11.399999618530273,11.600000381469727,51395,0.0,0.0
2020-04-30 00:00:00+05:30,12.149999618530273,12.149999618530273,11.75,11.949999809265137,98151,0.0,0.0
2020-05-04 00:00:00+05:30,11.399999618530273,11.399999618530273,11.399999618530273,11.399999618530273,46679,0.0,0.0
2020-05-05 00:00:00+05:30,10.850000381469727,11.75,10.850000381469727,10.850000381469727,59905,0.0,0.0
2020-05-06 00:00:00+05:30,10.350000381469727,10.699999809265137,10.350000381469727,10.350000381469727,24649,0.0,0.0
2020-05-07 00:00:00+05:30,9.850000381469727,10.5,9.850000381469727,10.149999618530273,42454,0.0,0.0
2020-05-08 00:00:00+05:30,10.5,10.5,9.850000381469727,10.100000381469727,20195,0.0,0.0
2020-05-11 00:00:00+05:30,9.649999618530273,10.600000381469727,9.649999618530273,10.149999618530273,33301,0.0,0.0
2020-05-12 00:00:00+05:30,10.449999809265137,10.600000381469727,9.699999809265137,10.25,28202,0.0,0.0
2020-05-13 00:00:00+05:30,10.5,10.5,9.899999618530273,9.949999809265137,29648,0.0,0.0
2020-05-14 00:00:00+05:30,9.800000190734863,10.300000190734863,9.800000190734863,10.0,10982,0.0,0.0
2020-05-15 00:00:00+05:30,10.0,10.350000381469727,9.75,10.100000381469727,11726,0.0,0.0
2020-05-18 00:00:00+05:30,10.199999809265137,10.5,9.899999618530273,9.949999809265137,30879,0.0,0.0
2020-05-19 00:00:00+05:30,9.699999809265137,10.199999809265137,9.600000381469727,9.800000190734863,15027,0.0,0.0
2020-05-20 00:00:00+05:30,9.649999618530273,10.149999618530273,9.5,9.649999618530273,16459,0.0,0.0
2020-05-21 00:00:00+05:30,10.050000190734863,10.050000190734863,9.5,9.649999618530273,16228,0.0,0.0
2020-05-22 00:00:00+05:30,9.949999809265137,9.949999809265137,9.25,9.449999809265137,18873,0.0,0.0
2020-05-26 00:00:00+05:30,9.449999809265137,9.899999618530273,9.050000190734863,9.699999809265137,19182,0.0,0.0
2020-05-27 00:00:00+05:30,9.399999618530273,9.850000381469727,9.25,9.399999618530273,14850,0.0,0.0
2020-05-28 00:00:00+05:30,9.699999809265137,9.800000190734863,9.25,9.75,21126,0.0,0.0
2020-05-29 00:00:00+05:30,9.399999618530273,10.0,9.300000190734863,9.449999809265137,72661,0.0,0.0
2020-06-01 00:00:00+05:30,9.199999809265137,9.800000190734863,9.199999809265137,9.350000381469727,60871,0.0,0.0
2020-06-02 00:00:00+05:30,9.699999809265137,9.699999809265137,9.199999809265137,9.449999809265137,105675,0.0,0.0
2020-06-03 00:00:00+05:30,9.399999618530273,9.899999618530273,9.050000190734863,9.649999618530273,95044,0.0,0.0
2020-06-04 00:00:00+05:30,9.649999618530273,10.0,9.5,9.800000190734863,73752,0.0,0.0
2020-06-05 00:00:00+05:30,10.0,10.0,9.649999618530273,10.0,71448,0.0,0.0
2020-06-08 00:00:00+05:30,10.449999809265137,11.0,9.649999618530273,11.0,205552,0.0,0.0
2020-06-09 00:00:00+05:30,11.850000381469727,12.100000381469727,11.0,12.100000381469727,165356,0.0,0.0
2020-06-10 00:00:00+05:30,13.300000190734863,13.300000190734863,12.149999618530273,13.300000190734863,1008999,0.0,0.0
2020-06-11 00:00:00+05:30,13.949999809265137,13.949999809265137,13.949999809265137,13.949999809265137,200906,0.0,0.0
2020-06-12 00:00:00+05:30,14.600000381469727,14.600000381469727,13.300000190734863,14.0,544880,0.0,0.0
2020-06-15 00:00:00+05:30,14.699999809265137,14.699999809265137,13.399999618530273,14.649999618530273,568436,0.0,0.0
2020-06-16 00:00:00+05:30,15.350000381469727,15.350000381469727,14.550000190734863,15.0,397992,0.0,0.0
2020-06-17 00:00:00+05:30,14.75,15.199999809265137,14.25,14.75,245526,0.0,0.0
2020-06-18 00:00:00+05:30,14.5,14.899999618530273,14.050000190734863,14.100000381469727,157650,0.0,0.0
2020-06-19 00:00:00+05:30,14.100000381469727,14.100000381469727,13.399999618530273,13.600000381469727,239211,0.0,0.0
2020-06-22 00:00:00+05:30,14.100000381469727,14.25,13.050000190734863,14.199999809265137,156008,0.0,0.0
2020-06-23 00:00:00+05:30,14.75,14.899999618530273,14.5,14.899999618530273,138036,0.0,0.0
2020-06-24 00:00:00+05:30,15.600000381469727,15.600000381469727,15.600000381469727,15.600000381469727,76157,0.0,0.0
2020-06-25 00:00:00+05:30,16.350000381469727,16.350000381469727,16.0,16.350000381469727,88347,0.0,0.0
2020-06-26 00:00:00+05:30,17.149999618530273,17.149999618530273,17.149999618530273,17.149999618530273,17691,0.0,0.0
2020-06-29 00:00:00+05:30,18.0,18.0,16.299999237060547,16.299999237060547,395238,0.0,0.0
2020-06-30 00:00:00+05:30,15.649999618530273,16.299999237060547,15.5,15.5,75777,0.0,0.0
2020-07-01 00:00:00+05:30,14.75,14.75,14.75,14.75,36104,0.0,0.0
2020-07-02 00:00:00+05:30,14.050000190734863,14.699999809265137,14.050000190734863,14.050000190734863,91458,0.0,0.0
2020-07-03 00:00:00+05:30,13.350000381469727,14.75,13.350000381469727,14.75,246058,0.0,0.0
2020-07-06 00:00:00+05:30,15.449999809265137,15.449999809265137,14.25,14.800000190734863,268796,0.0,0.0
2020-07-07 00:00:00+05:30,15.199999809265137,15.5,14.149999618530273,15.399999618530273,252786,0.0,0.0
2020-07-08 00:00:00+05:30,16.100000381469727,16.149999618530273,15.600000381469727,15.800000190734863,274007,0.0,0.0
2020-07-09 00:00:00+05:30,16.100000381469727,16.100000381469727,15.100000381469727,15.25,117615,0.0,0.0
2020-07-10 00:00:00+05:30,14.649999618530273,15.350000381469727,14.550000190734863,14.949999809265137,102452,0.0,0.0
2020-07-13 00:00:00+05:30,15.300000190734863,15.350000381469727,14.350000381469727,14.449999809265137,75552,0.0,0.0
2020-07-14 00:00:00+05:30,14.449999809265137,15.0,13.75,13.850000381469727,74340,0.0,0.0
2020-07-15 00:00:00+05:30,14.199999809265137,14.5,13.5,13.600000381469727,73370,0.0,0.0
2020-07-16 00:00:00+05:30,14.25,14.25,12.949999809265137,13.25,149093,0.0,0.0
2020-07-17 00:00:00+05:30,13.100000381469727,13.800000190734863,13.0,13.25,42160,0.0,0.0
2020-07-20 00:00:00+05:30,13.75,13.75,13.25,13.649999618530273,46303,0.0,0.0
2020-07-21 00:00:00+05:30,14.199999809265137,14.199999809265137,13.149999618530273,13.699999809265137,38686,0.0,0.0
2020-07-22 00:00:00+05:30,14.0,14.100000381469727,13.149999618530273,13.25,88605,0.0,0.0
2020-07-23 00:00:00+05:30,13.0,13.699999809265137,13.0,13.550000190734863,43294,0.0,0.0
2020-07-24 00:00:00+05:30,13.149999618530273,13.649999618530273,12.899999618530273,13.149999618530273,84424,0.0,0.0
2020-07-27 00:00:00+05:30,13.100000381469727,13.350000381469727,12.5,12.649999618530273,70875,0.0,0.0
2020-07-28 00:00:00+05:30,13.199999809265137,13.199999809265137,12.5,13.199999809265137,110723,0.0,0.0
2020-07-29 00:00:00+05:30,13.600000381469727,13.800000190734863,12.800000190734863,13.0,171670,0.0,0.0
2020-07-30 00:00:00+05:30,13.600000381469727,13.600000381469727,12.5,12.600000381469727,107926,0.0,0.0
2020-07-31 00:00:00+05:30,12.75,13.0,12.100000381469727,12.550000190734863,62598,0.0,0.0
2020-08-03 00:00:00+05:30,12.899999618530273,12.899999618530273,12.100000381469727,12.199999809265137,39983,0.0,0.0
2020-08-04 00:00:00+05:30,12.449999809265137,12.449999809265137,11.75,12.199999809265137,59827,0.0,0.0
2020-08-05 00:00:00+05:30,12.300000190734863,12.449999809265137,11.899999618530273,12.399999618530273,35794,0.0,0.0
2020-08-06 00:00:00+05:30,12.449999809265137,12.699999809265137,12.199999809265137,12.399999618530273,17753,0.0,0.0
2020-08-07 00:00:00+05:30,12.699999809265137,12.699999809265137,12.300000190734863,12.550000190734863,23932,0.0,0.0
2020-08-10 00:00:00+05:30,12.550000190734863,13.800000190734863,12.100000381469727,13.800000190734863,148415,0.0,0.0
2020-08-11 00:00:00+05:30,14.5,15.149999618530273,13.850000381469727,14.300000190734863,212535,0.0,0.0
2020-08-12 00:00:00+05:30,14.899999618530273,14.899999618530273,13.850000381469727,14.050000190734863,480697,0.0,0.0
2020-08-13 00:00:00+05:30,14.050000190734863,14.050000190734863,13.600000381469727,13.75,428183,0.0,0.0
2020-08-14 00:00:00+05:30,13.300000190734863,14.399999618530273,13.100000381469727,13.800000190734863,379775,0.0,0.0
2020-08-17 00:00:00+05:30,14.300000190734863,14.300000190734863,13.800000190734863,14.0,184474,0.0,0.0
2020-08-18 00:00:00+05:30,14.0,14.050000190734863,13.399999618530273,13.600000381469727,116491,0.0,0.0
2020-08-19 00:00:00+05:30,13.949999809265137,13.949999809265137,13.199999809265137,13.350000381469727,134914,0.0,0.0
2020-08-20 00:00:00+05:30,13.449999809265137,13.699999809265137,13.300000190734863,13.350000381469727,176744,0.0,0.0
2020-08-21 00:00:00+05:30,13.5,13.550000190734863,13.199999809265137,13.300000190734863,168656,0.0,0.0
2020-08-24 00:00:00+05:30,13.300000190734863,13.5,13.0,13.199999809265137,131767,0.0,0.0
2020-08-25 00:00:00+05:30,13.449999809265137,13.449999809265137,13.050000190734863,13.199999809265137,63724,0.0,0.0
2020-08-26 00:00:00+05:30,13.199999809265137,13.350000381469727,13.050000190734863,13.149999618530273,85569,0.0,0.0
2020-08-27 00:00:00+05:30,13.149999618530273,13.899999618530273,11.899999618530273,13.350000381469727,187286,0.0,0.0
2020-08-28 00:00:00+05:30,13.300000190734863,13.75,12.899999618530273,13.149999618530273,100643,0.0,0.0
2020-08-31 00:00:00+05:30,13.0,13.399999618530273,12.800000190734863,12.899999618530273,84302,0.0,0.0
2020-09-01 00:00:00+05:30,12.850000381469727,13.100000381469727,12.050000190734863,12.75,77543,0.0,0.0
2020-09-02 00:00:00+05:30,13.25,13.25,12.300000190734863,12.850000381469727,37693,0.0,0.0
2020-09-03 00:00:00+05:30,12.850000381469727,13.0,12.5,12.649999618530273,66587,0.0,0.0
2020-09-04 00:00:00+05:30,12.25,13.0,12.199999809265137,12.399999618530273,68701,0.0,0.0
2020-09-07 00:00:00+05:30,12.0,12.699999809265137,12.0,12.350000381469727,42660,0.0,0.0
2020-09-08 00:00:00+05:30,12.25,12.75,12.050000190734863,12.199999809265137,38798,0.0,0.0
2020-09-09 00:00:00+05:30,12.300000190734863,12.5,11.899999618530273,11.949999809265137,36182,0.0,0.0
2020-09-10 00:00:00+05:30,12.25,12.25,11.850000381469727,11.899999618530273,50574,0.0,0.0
2020-09-11 00:00:00+05:30,12.899999618530273,12.899999618530273,11.800000190734863,11.899999618530273,29542,0.0,0.0
2020-09-14 00:00:00+05:30,11.899999618530273,12.350000381469727,11.649999618530273,11.949999809265137,47562,0.0,0.0
2020-09-15 00:00:00+05:30,11.800000190734863,12.199999809265137,11.5,11.949999809265137,75840,0.0,0.0
2020-09-16 00:00:00+05:30,11.949999809265137,12.25,11.699999809265137,11.800000190734863,23961,0.0,0.0
2020-09-17 00:00:00+05:30,11.800000190734863,12.25,11.550000190734863,11.899999618530273,41684,0.0,0.0
2020-09-18 00:00:00+05:30,12.25,12.25,11.600000381469727,11.75,61271,0.0,0.0
2020-09-21 00:00:00+05:30,12.0,12.0,10.899999618530273,11.350000381469727,47265,0.0,0.0
2020-09-22 00:00:00+05:30,11.0,11.449999809265137,10.800000190734863,11.199999809265137,33498,0.0,0.0
2020-09-23 00:00:00+05:30,11.350000381469727,11.449999809265137,10.949999809265137,11.100000381469727,14992,0.0,0.0
2020-09-24 00:00:00+05:30,10.850000381469727,11.199999809265137,10.800000190734863,11.0,36781,0.0,0.0
2020-09-25 00:00:00+05:30,11.199999809265137,11.800000190734863,10.800000190734863,11.199999809265137,19837,0.0,0.0
2020-09-28 00:00:00+05:30,11.0,11.649999618530273,10.75,10.899999618530273,54937,0.0,0.0
2020-09-29 00:00:00+05:30,11.449999809265137,11.449999809265137,10.699999809265137,11.050000190734863,22050,0.0,0.0
2020-09-30 00:00:00+05:30,11.0,11.149999618530273,10.5,10.75,27414,0.0,0.0
2020-10-01 00:00:00+05:30,11.0,11.0,10.300000190734863,10.550000190734863,85607,0.0,0.0
2020-10-05 00:00:00+05:30,10.550000190734863,10.550000190734863,10.149999618530273,10.25,45426,0.0,0.0
2020-10-06 00:00:00+05:30,10.199999809265137,10.399999618530273,10.100000381469727,10.25,21813,0.0,0.0
2020-10-07 00:00:00+05:30,10.25,10.350000381469727,10.100000381469727,10.25,19116,0.0,0.0
2020-10-08 00:00:00+05:30,10.300000190734863,10.399999618530273,10.100000381469727,10.300000190734863,30465,0.0,0.0
2020-10-09 00:00:00+05:30,10.300000190734863,10.399999618530273,10.0,10.050000190734863,38076,0.0,0.0
2020-10-12 00:00:00+05:30,9.699999809265137,10.350000381469727,9.600000381469727,9.800000190734863,47730,0.0,0.0
2020-10-13 00:00:00+05:30,10.050000190734863,10.149999618530273,9.600000381469727,9.75,28239,0.0,0.0
2020-10-14 00:00:00+05:30,9.699999809265137,9.899999618530273,9.25,9.5,33792,0.0,0.0
2020-10-15 00:00:00+05:30,9.800000190734863,9.800000190734863,9.0,9.149999618530273,44494,0.0,0.0
2020-10-16 00:00:00+05:30,9.5,9.600000381469727,9.0,9.149999618530273,24863,0.0,0.0
2020-10-19 00:00:00+05:30,9.449999809265137,9.449999809265137,9.0,9.050000190734863,29224,0.0,0.0
2020-10-20 00:00:00+05:30,9.0,9.199999809265137,8.949999809265137,9.0,28082,0.0,0.0
2020-10-21 00:00:00+05:30,9.0,9.199999809265137,8.75,8.850000381469727,30461,0.0,0.0
2020-10-22 00:00:00+05:30,8.850000381469727,9.899999618530273,8.75,9.399999618530273,50055,0.0,0.0
2020-10-23 00:00:00+05:30,9.699999809265137,9.75,9.350000381469727,9.649999618530273,19128,0.0,0.0
2020-10-26 00:00:00+05:30,9.649999618530273,9.949999809265137,9.350000381469727,9.800000190734863,34672,0.0,0.0
2020-10-27 00:00:00+05:30,9.699999809265137,10.0,9.300000190734863,9.600000381469727,26775,0.0,0.0
2020-10-28 00:00:00+05:30,9.5,9.75,9.0,9.199999809265137,41971,0.0,0.0
2020-10-29 00:00:00+05:30,9.199999809265137,9.300000190734863,9.050000190734863,9.199999809265137,6896,0.0,0.0
2020-10-30 00:00:00+05:30,9.199999809265137,9.5,9.050000190734863,9.199999809265137,13012,0.0,0.0
2020-11-02 00:00:00+05:30,9.5,10.0,8.649999618530273,9.100000381469727,107994,0.0,0.0
2020-11-03 00:00:00+05:30,9.649999618530273,9.649999618530273,8.800000190734863,8.899999618530273,59931,0.0,0.0
2020-11-04 00:00:00+05:30,9.0,9.800000190734863,9.0,9.050000190734863,45950,0.0,0.0
2020-11-05 00:00:00+05:30,9.399999618530273,9.399999618530273,9.0,9.050000190734863,39356,0.0,0.0
2020-11-06 00:00:00+05:30,9.100000381469727,9.300000190734863,8.600000381469727,9.050000190734863,16855,0.0,0.0
2020-11-09 00:00:00+05:30,9.399999618530273,9.399999618530273,9.0,9.300000190734863,19050,0.0,0.0
2020-11-10 00:00:00+05:30,9.100000381469727,9.300000190734863,9.050000190734863,9.25,13887,0.0,0.0
2020-11-11 00:00:00+05:30,9.350000381469727,9.350000381469727,8.699999809265137,9.050000190734863,103264,0.0,0.0
2020-11-12 00:00:00+05:30,9.25,9.5,8.899999618530273,9.149999618530273,47863,0.0,0.0
2020-11-13 00:00:00+05:30,9.449999809265137,9.449999809265137,8.800000190734863,9.149999618530273,25032,0.0,0.0
2020-11-14 00:00:00+05:30,9.449999809265137,9.449999809265137,9.100000381469727,9.25,17445,0.0,0.0
2020-11-17 00:00:00+05:30,9.350000381469727,9.350000381469727,9.050000190734863,9.100000381469727,32340,0.0,0.0
2020-11-18 00:00:00+05:30,9.25,9.850000381469727,9.050000190734863,9.350000381469727,53224,0.0,0.0
2020-11-19 00:00:00+05:30,9.25,9.699999809265137,8.75,9.199999809265137,261885,0.0,0.0
2020-11-20 00:00:00+05:30,9.149999618530273,9.399999618530273,9.100000381469727,9.25,18749,0.0,0.0
2020-11-23 00:00:00+05:30,9.449999809265137,9.449999809265137,9.149999618530273,9.399999618530273,46802,0.0,0.0
2020-11-24 00:00:00+05:30,9.350000381469727,9.399999618530273,9.100000381469727,9.300000190734863,22056,0.0,0.0
2020-11-25 00:00:00+05:30,9.5,9.5,9.149999618530273,9.300000190734863,22135,0.0,0.0
2020-11-26 00:00:00+05:30,9.300000190734863,9.449999809265137,9.149999618530273,9.399999618530273,44573,0.0,0.0
2020-11-27 00:00:00+05:30,9.300000190734863,9.800000190734863,9.199999809265137,9.600000381469727,49224,0.0,0.0
2020-12-01 00:00:00+05:30,9.600000381469727,9.75,9.350000381469727,9.649999618530273,37063,0.0,0.0
2020-12-02 00:00:00+05:30,9.850000381469727,11.550000190734863,9.850000381469727,11.550000190734863,308395,0.0,0.0
2020-12-03 00:00:00+05:30,12.449999809265137,13.850000381469727,12.300000190734863,12.949999809265137,2318886,0.0,0.0
2020-12-04 00:00:00+05:30,13.449999809265137,13.449999809265137,11.149999618530273,11.399999618530273,625669,0.0,0.0
2020-12-07 00:00:00+05:30,11.800000190734863,12.300000190734863,11.0,11.25,186779,0.0,0.0
2020-12-08 00:00:00+05:30,11.25,11.600000381469727,11.199999809265137,11.300000190734863,167867,0.0,0.0
2020-12-09 00:00:00+05:30,11.550000190734863,11.550000190734863,10.899999618530273,11.300000190734863,137667,0.0,0.0
2020-12-10 00:00:00+05:30,12.050000190734863,12.199999809265137,11.350000381469727,11.649999618530273,255075,0.0,0.0
2020-12-11 00:00:00+05:30,11.5,11.649999618530273,11.199999809265137,11.25,140344,0.0,0.0
2020-12-14 00:00:00+05:30,11.699999809265137,11.699999809265137,11.199999809265137,11.300000190734863,154896,0.0,0.0
2020-12-15 00:00:00+05:30,11.199999809265137,11.550000190734863,11.199999809265137,11.300000190734863,93885,0.0,0.0
2020-12-16 00:00:00+05:30,11.449999809265137,11.600000381469727,11.100000381469727,11.350000381469727,190618,0.0,0.0
2020-12-17 00:00:00+05:30,11.350000381469727,11.449999809265137,11.0,11.149999618530273,81295,0.0,0.0
2020-12-18 00:00:00+05:30,11.399999618530273,11.399999618530273,10.5,10.600000381469727,197218,0.0,0.0
2020-12-21 00:00:00+05:30,10.600000381469727,10.699999809265137,10.0,10.050000190734863,140620,0.0,0.0
2020-12-22 00:00:00+05:30,10.0,10.050000190734863,9.5,9.75,82413,0.0,0.0
2020-12-23 00:00:00+05:30,9.800000190734863,10.199999809265137,9.800000190734863,10.050000190734863,81754,0.0,0.0
2020-12-24 00:00:00+05:30,10.199999809265137,10.199999809265137,9.800000190734863,9.899999618530273,118237,0.0,0.0
2020-12-28 00:00:00+05:30,10.149999618530273,11.850000381469727,10.0,10.75,300930,0.0,0.0
2020-12-29 00:00:00+05:30,11.0,11.399999618530273,10.050000190734863,10.199999809265137,289881,0.0,0.0
2020-12-30 00:00:00+05:30,10.300000190734863,10.300000190734863,8.949999809265137,9.100000381469727,1752511,0.0,0.0
2020-12-31 00:00:00+05:30,9.350000381469727,9.800000190734863,8.800000190734863,9.0,1691969,0.0,0.0
2021-01-01 00:00:00+05:30,9.25,9.25,8.850000381469727,9.0,732571,0.0,0.0
2021-01-04 00:00:00+05:30,9.199999809265137,9.199999809265137,9.0,9.050000190734863,372545,0.0,0.0
2021-01-05 00:00:00+05:30,9.050000190734863,9.399999618530273,8.949999809265137,9.199999809265137,1396155,0.0,0.0
2021-01-06 00:00:00+05:30,9.350000381469727,9.350000381469727,9.0,9.149999618530273,573402,0.0,0.0
2021-01-07 00:00:00+05:30,9.350000381469727,9.350000381469727,9.100000381469727,9.199999809265137,338881,0.0,0.0
2021-01-08 00:00:00+05:30,9.300000190734863,9.899999618530273,9.149999618530273,9.649999618530273,1276946,0.0,0.0
2021-01-11 00:00:00+05:30,9.800000190734863,9.800000190734863,9.300000190734863,9.550000190734863,276519,0.0,0.0
2021-01-12 00:00:00+05:30,9.600000381469727,10.050000190734863,9.199999809265137,9.5,678179,0.0,0.0
2021-01-13 00:00:00+05:30,9.5,9.949999809265137,9.300000190734863,9.5,315992,0.0,0.0
2021-01-14 00:00:00+05:30,9.5,9.600000381469727,9.25,9.399999618530273,138268,0.0,0.0
2021-01-15 00:00:00+05:30,9.600000381469727,9.600000381469727,9.100000381469727,9.300000190734863,224498,0.0,0.0
2021-01-18 00:00:00+05:30,9.149999618530273,9.350000381469727,9.050000190734863,9.199999809265137,215006,0.0,0.0
2021-01-19 00:00:00+05:30,9.399999618530273,9.399999618530273,9.0,9.050000190734863,248235,0.0,0.0
2021-01-20 00:00:00+05:30,9.149999618530273,9.25,9.0,9.100000381469727,155180,0.0,0.0
2021-01-21 00:00:00+05:30,9.050000190734863,9.100000381469727,8.899999618530273,8.949999809265137,152266,0.0,0.0
2021-01-22 00:00:00+05:30,9.100000381469727,9.100000381469727,7.400000095367432,8.75,343376,0.0,0.0
2021-01-25 00:00:00+05:30,8.899999618530273,8.899999618530273,8.100000381469727,8.550000190734863,297694,0.0,0.0
2021-01-27 00:00:00+05:30,8.75,8.75,8.5,8.550000190734863,87025,0.0,0.0
2021-01-28 00:00:00+05:30,8.600000381469727,8.600000381469727,8.199999809265137,8.5,115224,0.0,0.0
2021-01-29 00:00:00+05:30,8.5,8.75,8.300000190734863,8.399999618530273,142931,0.0,0.0
2021-02-01 00:00:00+05:30,8.850000381469727,9.25,8.399999618530273,8.949999809265137,568732,0.0,0.0
2021-02-02 00:00:00+05:30,9.100000381469727,9.25,8.649999618530273,8.800000190734863,102412,0.0,0.0
2021-02-03 00:00:00+05:30,8.699999809265137,9.050000190734863,8.649999618530273,8.800000190734863,152167,0.0,0.0
2021-02-04 00:00:00+05:30,9.0,9.0,8.699999809265137,8.800000190734863,70212,0.0,0.0
2021-02-05 00:00:00+05:30,9.0,9.0,8.75,8.75,46338,0.0,0.0
2021-02-08 00:00:00+05:30,8.949999809265137,9.0,8.699999809265137,8.800000190734863,77660,0.0,0.0
2021-02-09 00:00:00+05:30,8.550000190734863,8.949999809265137,8.550000190734863,8.75,62089,0.0,0.0
2021-02-10 00:00:00+05:30,8.949999809265137,8.949999809265137,8.649999618530273,8.699999809265137,33767,0.0,0.0
2021-02-11 00:00:00+05:30,8.800000190734863,8.800000190734863,8.199999809265137,8.5,140259,0.0,0.0
2021-02-12 00:00:00+05:30,8.5,8.800000190734863,8.5,8.550000190734863,76129,0.0,0.0
2021-02-15 00:00:00+05:30,8.899999618530273,8.899999618530273,8.350000381469727,8.5,57756,0.0,0.0
2021-02-16 00:00:00+05:30,8.550000190734863,8.550000190734863,8.300000190734863,8.300000190734863,79749,0.0,0.0
2021-02-17 00:00:00+05:30,8.199999809265137,8.5,8.199999809265137,8.449999809265137,69973,0.0,0.0
2021-02-18 00:00:00+05:30,8.399999618530273,8.550000190734863,8.25,8.350000381469727,61626,0.0,0.0
2021-02-19 00:00:00+05:30,8.350000381469727,8.5,8.199999809265137,8.25,69310,0.0,0.0
2021-02-22 00:00:00+05:30,8.449999809265137,8.449999809265137,7.949999809265137,8.0,139232,0.0,0.0
2021-02-23 00:00:00+05:30,8.399999618530273,8.399999618530273,8.100000381469727,8.199999809265137,116154,0.0,0.0
2021-02-24 00:00:00+05:30,8.350000381469727,9.699999809265137,8.100000381469727,8.350000381469727,877317,0.0,0.0
2021-02-25 00:00:00+05:30,8.5,8.800000190734863,8.25,8.300000190734863,372192,0.0,0.0
2021-02-26 00:00:00+05:30,8.350000381469727,8.449999809265137,8.100000381469727,8.25,138926,0.0,0.0
2021-03-01 00:00:00+05:30,8.25,8.399999618530273,8.100000381469727,8.149999618530273,134730,0.0,0.0
2021-03-02 00:00:00+05:30,8.0,8.5,7.949999809265137,8.050000190734863,335715,0.0,0.0
2021-03-03 00:00:00+05:30,8.25,8.300000190734863,8.0,8.050000190734863,272845,0.0,0.0
2021-03-04 00:00:00+05:30,8.199999809265137,8.600000381469727,7.949999809265137,8.149999618530273,436145,0.0,0.0
2021-03-05 00:00:00+05:30,8.25,8.25,7.449999809265137,8.0,323744,0.0,0.0
2021-03-08 00:00:00+05:30,8.0,8.149999618530273,7.949999809265137,8.0,175834,0.0,0.0
2021-03-09 00:00:00+05:30,8.050000190734863,8.300000190734863,7.650000095367432,7.849999904632568,376843,0.0,0.0
2021-03-10 00:00:00+05:30,7.949999809265137,8.050000190734863,7.599999904632568,7.849999904632568,282209,0.0,0.0
2021-03-12 00:00:00+05:30,8.0,8.050000190734863,7.800000190734863,7.900000095367432,135295,0.0,0.0
2021-03-15 00:00:00+05:30,8.050000190734863,8.050000190734863,7.550000190734863,7.800000190734863,175487,0.0,0.0
2021-03-16 00:00:00+05:30,7.800000190734863,7.949999809265137,7.75,7.800000190734863,113516,0.0,0.0
2021-03-17 00:00:00+05:30,7.800000190734863,7.900000095367432,7.550000190734863,7.599999904632568,120618,0.0,0.0
2021-03-18 00:00:00+05:30,7.599999904632568,7.75,7.050000190734863,7.25,150428,0.0,0.0
2021-03-19 00:00:00+05:30,7.400000095367432,7.400000095367432,6.900000095367432,7.099999904632568,187010,0.0,0.0
2021-03-22 00:00:00+05:30,7.599999904632568,7.599999904632568,6.949999809265137,7.0,208190,0.0,0.0
2021-03-23 00:00:00+05:30,7.25,7.25,6.949999809265137,7.0,64093,0.0,0.0
2021-03-24 00:00:00+05:30,7.050000190734863,7.199999809265137,6.900000095367432,7.050000190734863,269481,0.0,0.0
2021-03-25 00:00:00+05:30,7.0,7.0,6.650000095367432,7.0,195247,0.0,0.0
2021-03-26 00:00:00+05:30,7.0,7.0,6.25,6.650000095367432,316836,0.0,0.0
2021-03-30 00:00:00+05:30,6.550000190734863,6.800000190734863,6.449999809265137,6.550000190734863,129649,0.0,0.0
2021-03-31 00:00:00+05:30,6.650000095367432,6.650000095367432,6.25,6.400000095367432,223526,0.0,0.0
2021-04-01 00:00:00+05:30,6.599999904632568,7.300000190734863,6.449999809265137,7.0,437011,0.0,0.0
2021-04-05 00:00:00+05:30,7.099999904632568,7.199999809265137,6.5,7.0,245196,0.0,0.0
2021-04-06 00:00:00+05:30,7.099999904632568,7.099999904632568,6.75,6.849999904632568,172528,0.0,0.0
2021-04-07 00:00:00+05:30,7.0,7.0,6.800000190734863,6.849999904632568,107324,0.0,0.0
2021-04-08 00:00:00+05:30,6.75,7.050000190734863,6.699999809265137,6.800000190734863,187121,0.0,0.0
2021-04-09 00:00:00+05:30,6.800000190734863,6.900000095367432,6.75,6.800000190734863,61678,0.0,0.0
2021-04-12 00:00:00+05:30,6.849999904632568,6.849999904632568,6.400000095367432,6.449999809265137,96552,0.0,0.0
2021-04-13 00:00:00+05:30,6.400000095367432,6.949999809265137,6.400000095367432,6.849999904632568,433074,0.0,0.0
2021-04-15 00:00:00+05:30,6.949999809265137,6.949999809265137,6.449999809265137,6.75,109025,0.0,0.0
2021-04-16 00:00:00+05:30,6.849999904632568,6.849999904632568,6.650000095367432,6.75,60382,0.0,0.0
2021-04-19 00:00:00+05:30,6.800000190734863,6.800000190734863,6.400000095367432,6.599999904632568,108635,0.0,0.0
2021-04-20 00:00:00+05:30,6.449999809265137,6.800000190734863,6.449999809265137,6.550000190734863,64889,0.0,0.0
2021-04-22 00:00:00+05:30,6.849999904632568,7.5,6.550000190734863,6.599999904632568,144886,0.0,0.0
2021-04-23 00:00:00+05:30,6.900000095367432,6.900000095367432,6.650000095367432,6.800000190734863,62217,0.0,0.0
2021-04-26 00:00:00+05:30,6.900000095367432,7.0,6.699999809265137,6.800000190734863,103612,0.0,0.0
2021-04-27 00:00:00+05:30,6.949999809265137,6.949999809265137,6.550000190734863,6.900000095367432,115062,0.0,0.0
2021-04-28 00:00:00+05:30,6.800000190734863,6.949999809265137,6.699999809265137,6.849999904632568,79833,0.0,0.0
2021-04-29 00:00:00+05:30,6.949999809265137,6.949999809265137,6.75,6.800000190734863,60057,0.0,0.0
2021-04-30 00:00:00+05:30,7.099999904632568,7.099999904632568,6.650000095367432,6.800000190734863,91542,0.0,0.0
2021-05-03 00:00:00+05:30,6.800000190734863,6.949999809265137,6.800000190734863,6.900000095367432,64392,0.0,0.0
2021-05-04 00:00:00+05:30,6.900000095367432,6.949999809265137,6.699999809265137,6.75,102262,0.0,0.0
2021-05-05 00:00:00+05:30,6.849999904632568,6.849999904632568,6.699999809265137,6.800000190734863,75498,0.0,0.0
2021-05-06 00:00:00+05:30,6.949999809265137,7.199999809265137,6.75,6.849999904632568,144367,0.0,0.0
2021-05-07 00:00:00+05:30,7.099999904632568,7.199999809265137,6.849999904632568,7.0,468369,0.0,0.0
2021-05-10 00:00:00+05:30,7.0,7.099999904632568,6.900000095367432,7.050000190734863,125564,0.0,0.0
2021-05-11 00:00:00+05:30,7.099999904632568,8.300000190734863,6.800000190734863,7.900000095367432,1160800,0.0,0.0
2021-05-12 00:00:00+05:30,8.300000190734863,8.300000190734863,7.449999809265137,7.550000190734863,372400,0.0,0.0
2021-05-14 00:00:00+05:30,7.900000095367432,7.900000095367432,7.400000095367432,7.550000190734863,122318,0.0,0.0
2021-05-17 00:00:00+05:30,7.699999809265137,7.75,7.349999904632568,7.400000095367432,160338,0.0,0.0
2021-05-18 00:00:00+05:30,7.300000190734863,7.699999809265137,7.300000190734863,7.449999809265137,81267,0.0,0.0
2021-05-19 00:00:00+05:30,7.599999904632568,7.599999904632568,7.300000190734863,7.300000190734863,104557,0.0,0.0
2021-05-20 00:00:00+05:30,7.449999809265137,7.75,7.300000190734863,7.449999809265137,126392,0.0,0.0
2021-05-21 00:00:00+05:30,7.599999904632568,7.599999904632568,7.349999904632568,7.449999809265137,57622,0.0,0.0
2021-05-24 00:00:00+05:30,7.5,7.699999809265137,7.449999809265137,7.599999904632568,80816,0.0,0.0
2021-05-25 00:00:00+05:30,7.650000095367432,8.0,7.550000190734863,7.900000095367432,359367,0.0,0.0
2021-05-26 00:00:00+05:30,7.949999809265137,8.399999618530273,7.800000190734863,8.300000190734863,525165,0.0,0.0
2021-05-27 00:00:00+05:30,8.5,8.800000190734863,8.300000190734863,8.550000190734863,501218,0.0,0.0
2021-05-28 00:00:00+05:30,8.600000381469727,8.699999809265137,8.100000381469727,8.149999618530273,205914,0.0,0.0
2021-05-31 00:00:00+05:30,8.350000381469727,8.5,8.149999618530273,8.300000190734863,217238,0.0,0.0
2021-06-01 00:00:00+05:30,8.149999618530273,8.399999618530273,7.900000095367432,8.100000381469727,161175,0.0,0.0
2021-06-02 00:00:00+05:30,7.949999809265137,8.199999809265137,7.75,8.0,107081,0.0,0.0
2021-06-03 00:00:00+05:30,8.199999809265137,8.300000190734863,8.0,8.100000381469727,126354,0.0,0.0
2021-06-04 00:00:00+05:30,8.199999809265137,8.899999618530273,7.900000095367432,8.449999809265137,676346,0.0,0.0
2021-06-07 00:00:00+05:30,9.050000190734863,9.699999809265137,8.649999618530273,9.25,1244995,0.0,0.0
2021-06-08 00:00:00+05:30,9.0,9.25,8.800000190734863,8.899999618530273,938642,0.0,0.0
2021-06-09 00:00:00+05:30,8.949999809265137,9.649999618530273,8.949999809265137,9.149999618530273,1529367,0.0,0.0
2021-06-10 00:00:00+05:30,9.399999618530273,10.949999809265137,9.199999809265137,10.949999809265137,4173074,0.0,0.0
2021-06-11 00:00:00+05:30,11.399999618530273,11.800000190734863,10.399999618530273,10.5,2309740,0.0,0.0
2021-06-14 00:00:00+05:30,10.649999618530273,10.899999618530273,9.300000190734863,10.649999618530273,1274614,0.0,0.0
2021-06-15 00:00:00+05:30,10.850000381469727,12.75,10.5,12.75,3674406,0.0,0.0
2021-06-16 00:00:00+05:30,13.100000381469727,13.699999809265137,12.25,12.949999809265137,2597609,0.0,0.0
2021-06-17 00:00:00+05:30,12.350000381469727,13.0,12.350000381469727,12.350000381469727,271071,0.0,0.0
2021-06-18 00:00:00+05:30,12.0,12.050000190734863,11.75,11.75,85837,0.0,0.0
2021-06-21 00:00:00+05:30,11.199999809265137,11.199999809265137,11.199999809265137,11.199999809265137,95911,0.0,0.0
2021-06-22 00:00:00+05:30,10.649999618530273,11.75,10.649999618530273,11.550000190734863,577128,0.0,0.0
2021-06-23 00:00:00+05:30,12.0,12.0,11.0,11.149999618530273,219420,0.0,0.0
2021-06-24 00:00:00+05:30,11.649999618530273,11.649999618530273,10.600000381469727,10.800000190734863,156309,0.0,0.0
2021-06-25 00:00:00+05:30,10.600000381469727,10.600000381469727,10.300000190734863,10.300000190734863,197139,0.0,0.0
2021-06-28 00:00:00+05:30,9.800000190734863,10.199999809265137,9.800000190734863,9.800000190734863,264374,0.0,0.0
2021-06-29 00:00:00+05:30,10.0,10.25,9.800000190734863,10.25,139481,0.0,0.0
2021-06-30 00:00:00+05:30,10.399999618530273,10.449999809265137,9.850000381469727,10.149999618530273,130780,0.0,0.0
2021-07-01 00:00:00+05:30,10.350000381469727,10.399999618530273,9.699999809265137,9.800000190734863,155821,0.0,0.0
2021-07-02 00:00:00+05:30,9.899999618530273,10.0,9.350000381469727,9.550000190734863,240086,0.0,0.0
2021-07-05 00:00:00+05:30,9.350000381469727,9.949999809265137,9.350000381469727,9.850000381469727,114455,0.0,0.0
2021-07-06 00:00:00+05:30,10.050000190734863,10.300000190734863,9.850000381469727,10.300000190734863,359753,0.0,0.0
2021-07-07 00:00:00+05:30,10.75,10.75,9.949999809265137,10.25,116479,0.0,0.0
2021-07-08 00:00:00+05:30,10.5,10.600000381469727,9.899999618530273,10.050000190734863,137463,0.0,0.0
2021-07-09 00:00:00+05:30,10.25,10.399999618530273,9.800000190734863,10.050000190734863,91705,0.0,0.0
2021-07-12 00:00:00+05:30,9.949999809265137,10.449999809265137,9.800000190734863,9.899999618530273,109340,0.0,0.0
2021-07-13 00:00:00+05:30,9.899999618530273,10.25,9.899999618530273,9.899999618530273,44373,0.0,0.0
2021-07-14 00:00:00+05:30,9.899999618530273,10.100000381469727,9.550000190734863,9.800000190734863,66773,0.0,0.0
2021-07-15 00:00:00+05:30,10.0,10.0,9.5,9.75,102198,0.0,0.0
2021-07-16 00:00:00+05:30,9.800000190734863,9.949999809265137,9.550000190734863,9.649999618530273,46265,0.0,0.0
2021-07-19 00:00:00+05:30,9.649999618530273,9.699999809265137,9.199999809265137,9.550000190734863,92025,0.0,0.0
2021-07-20 00:00:00+05:30,9.25,9.699999809265137,9.100000381469727,9.149999618530273,158799,0.0,0.0
2021-07-22 00:00:00+05:30,9.100000381469727,9.350000381469727,8.75,8.949999809265137,172707,0.0,0.0
2021-07-23 00:00:00+05:30,9.199999809265137,9.199999809265137,8.600000381469727,8.649999618530273,310395,0.0,0.0
2021-07-26 00:00:00+05:30,8.899999618530273,8.949999809265137,8.649999618530273,8.75,148864,0.0,0.0
2021-07-27 00:00:00+05:30,8.699999809265137,9.149999618530273,8.699999809265137,9.149999618530273,166006,0.0,0.0
2021-07-28 00:00:00+05:30,9.25,9.600000381469727,9.199999809265137,9.25,193495,0.0,0.0
2021-07-29 00:00:00+05:30,9.5,9.699999809265137,9.300000190734863,9.699999809265137,251947,0.0,0.0
2021-07-30 00:00:00+05:30,10.149999618530273,10.149999618530273,9.600000381469727,9.800000190734863,195000,0.0,0.0
2021-08-02 00:00:00+05:30,9.550000190734863,10.149999618530273,9.550000190734863,9.800000190734863,171472,0.0,0.0
2021-08-03 00:00:00+05:30,10.100000381469727,10.25,9.350000381469727,9.5,325292,0.0,0.0
2021-08-04 00:00:00+05:30,9.699999809265137,9.699999809265137,9.050000190734863,9.050000190734863,230377,0.0,0.0
2021-08-05 00:00:00+05:30,9.050000190734863,9.199999809265137,8.649999618530273,8.800000190734863,178202,0.0,0.0
2021-08-06 00:00:00+05:30,8.800000190734863,9.600000381469727,8.5,8.800000190734863,236768,0.0,0.0
2021-08-09 00:00:00+05:30,8.800000190734863,9.0,8.550000190734863,8.600000381469727,100789,0.0,0.0
2021-08-10 00:00:00+05:30,8.850000381469727,8.850000381469727,7.800000190734863,7.949999809265137,281366,0.0,0.0
2021-08-11 00:00:00+05:30,8.100000381469727,8.25,7.199999809265137,7.75,332004,0.0,0.0
2021-08-12 00:00:00+05:30,8.100000381469727,8.5,7.599999904632568,8.449999809265137,222883,0.0,0.0
2021-08-13 00:00:00+05:30,8.800000190734863,8.800000190734863,8.100000381469727,8.399999618530273,203680,0.0,0.0
2021-08-16 00:00:00+05:30,8.5,8.5,7.900000095367432,8.050000190734863,68556,0.0,0.0
2021-08-17 00:00:00+05:30,8.149999618530273,8.350000381469727,7.900000095367432,7.949999809265137,118247,0.0,0.0
2021-08-18 00:00:00+05:30,8.25,8.25,7.599999904632568,7.699999809265137,88987,0.0,0.0
2021-08-20 00:00:00+05:30,7.900000095367432,7.900000095367432,7.300000190734863,7.650000095367432,71902,0.0,0.0
2021-08-23 00:00:00+05:30,8.050000190734863,8.050000190734863,7.699999809265137,7.800000190734863,56362,0.0,0.0
2021-08-24 00:00:00+05:30,7.349999904632568,8.0,7.349999904632568,7.800000190734863,88853,0.0,0.0
2021-08-25 00:00:00+05:30,7.800000190734863,8.399999618530273,7.75,8.199999809265137,120038,0.0,0.0
2021-08-26 00:00:00+05:30,8.649999618530273,8.649999618530273,8.100000381469727,8.199999809265137,98714,0.0,0.0
2021-08-27 00:00:00+05:30,8.399999618530273,8.399999618530273,7.800000190734863,8.050000190734863,114944,0.0,0.0
2021-08-30 00:00:00+05:30,8.0,8.350000381469727,8.0,8.149999618530273,63097,0.0,0.0
2021-08-31 00:00:00+05:30,8.149999618530273,8.199999809265137,7.900000095367432,7.949999809265137,124516,0.0,0.0
2021-09-01 00:00:00+05:30,7.900000095367432,8.050000190734863,7.650000095367432,7.849999904632568,149412,0.0,0.0
2021-09-02 00:00:00+05:30,7.400000095367432,7.900000095367432,7.400000095367432,7.849999904632568,127975,0.0,0.0
2021-09-03 00:00:00+05:30,7.800000190734863,8.600000381469727,7.449999809265137,7.849999904632568,823177,0.0,0.0
2021-09-06 00:00:00+05:30,8.199999809265137,8.199999809265137,7.75,7.849999904632568,88043,0.0,0.0
2021-09-07 00:00:00+05:30,8.199999809265137,8.199999809265137,7.699999809265137,7.849999904632568,81033,0.0,0.0
2021-09-08 00:00:00+05:30,7.800000190734863,8.0,7.650000095367432,7.800000190734863,104190,0.0,0.0
2021-09-09 00:00:00+05:30,7.699999809265137,8.0,7.699999809265137,7.849999904632568,58422,0.0,0.0
2021-09-13 00:00:00+05:30,8.0,8.0,7.75,7.849999904632568,63044,0.0,0.0
2021-09-14 00:00:00+05:30,7.949999809265137,8.600000381469727,7.800000190734863,8.600000381469727,809412,0.0,0.0
2021-09-15 00:00:00+05:30,8.600000381469727,9.449999809265137,8.5,9.399999618530273,1095579,0.0,0.0
2021-09-16 00:00:00+05:30,9.550000190734863,9.949999809265137,8.649999618530273,8.949999809265137,602106,0.0,0.0
2021-09-17 00:00:00+05:30,8.949999809265137,8.949999809265137,8.300000190734863,8.75,311947,0.0,0.0
2021-09-20 00:00:00+05:30,8.5,8.949999809265137,8.050000190734863,8.25,237873,0.0,0.0
2021-09-21 00:00:00+05:30,8.100000381469727,8.699999809265137,8.100000381469727,8.449999809265137,111563,0.0,0.0
2021-09-22 00:00:00+05:30,8.550000190734863,9.100000381469727,8.5,8.75,424199,0.0,0.0
2021-09-23 00:00:00+05:30,8.75,9.100000381469727,8.649999618530273,8.699999809265137,120216,0.0,0.0
2021-09-24 00:00:00+05:30,8.850000381469727,9.25,8.449999809265137,8.899999618530273,186187,0.0,0.0
2021-09-27 00:00:00+05:30,8.899999618530273,8.899999618530273,8.600000381469727,8.699999809265137,66015,0.0,0.0
2021-09-28 00:00:00+05:30,8.649999618530273,8.850000381469727,8.350000381469727,8.449999809265137,142041,0.0,0.0
2021-09-29 00:00:00+05:30,8.399999618530273,8.649999618530273,7.800000190734863,8.449999809265137,177634,0.0,0.0
2021-09-30 00:00:00+05:30,8.600000381469727,8.600000381469727,8.350000381469727,8.449999809265137,163733,0.0,0.0
2021-10-01 00:00:00+05:30,8.399999618530273,8.550000190734863,8.350000381469727,8.449999809265137,80702,0.0,0.0
2021-10-04 00:00:00+05:30,8.5,8.800000190734863,8.149999618530273,8.449999809265137,149779,0.0,0.0
2021-10-05 00:00:00+05:30,8.449999809265137,8.600000381469727,8.300000190734863,8.399999618530273,110478,0.0,0.0
2021-10-06 00:00:00+05:30,8.5,8.699999809265137,8.350000381469727,8.399999618530273,115758,0.0,0.0
2021-10-07 00:00:00+05:30,8.600000381469727,9.199999809265137,8.399999618530273,9.0,553311,0.0,0.0
2021-10-08 00:00:00+05:30,9.25,9.350000381469727,8.800000190734863,8.949999809265137,179457,0.0,0.0
2021-10-11 00:00:00+05:30,9.149999618530273,9.5,8.899999618530273,9.25,237409,0.0,0.0
2021-10-12 00:00:00+05:30,9.449999809265137,9.550000190734863,9.0,9.100000381469727,160558,0.0,0.0
2021-10-13 00:00:00+05:30,9.300000190734863,9.350000381469727,8.800000190734863,9.100000381469727,104351,0.0,0.0
2021-10-14 00:00:00+05:30,9.25,9.25,8.850000381469727,8.949999809265137,165601,0.0,0.0
2021-10-18 00:00:00+05:30,9.25,9.25,8.899999618530273,8.949999809265137,180086,0.0,0.0
2021-10-19 00:00:00+05:30,8.949999809265137,9.100000381469727,8.800000190734863,8.850000381469727,152620,0.0,0.0
2021-10-20 00:00:00+05:30,8.850000381469727,9.0,8.600000381469727,8.75,167331,0.0,0.0
2021-10-21 00:00:00+05:30,8.850000381469727,8.899999618530273,8.550000190734863,8.600000381469727,130873,0.0,0.0
2021-10-22 00:00:00+05:30,8.850000381469727,8.899999618530273,8.5,8.699999809265137,104254,0.0,0.0
2021-10-25 00:00:00+05:30,8.600000381469727,8.800000190734863,8.100000381469727,8.449999809265137,180899,0.0,0.0
2021-10-26 00:00:00+05:30,8.649999618530273,8.699999809265137,8.25,8.449999809265137,53421,0.0,0.0
2021-10-27 00:00:00+05:30,8.550000190734863,8.550000190734863,8.050000190734863,8.149999618530273,244006,0.0,0.0
2021-10-28 00:00:00+05:30,8.350000381469727,8.350000381469727,8.050000190734863,8.100000381469727,105273,0.0,0.0
2021-10-29 00:00:00+05:30,8.0,8.399999618530273,8.0,8.149999618530273,86286,0.0,0.0
2021-11-01 00:00:00+05:30,8.300000190734863,8.300000190734863,7.900000095367432,8.100000381469727,40007,0.0,0.0
2021-11-02 00:00:00+05:30,8.25,8.25,8.100000381469727,8.199999809265137,48788,0.0,0.0
2021-11-03 00:00:00+05:30,8.350000381469727,8.350000381469727,8.100000381469727,8.149999618530273,53624,0.0,0.0
2021-11-04 00:00:00+05:30,8.100000381469727,8.399999618530273,8.100000381469727,8.25,35395,0.0,0.0
2021-11-08 00:00:00+05:30,8.399999618530273,8.399999618530273,8.050000190734863,8.100000381469727,75198,0.0,0.0
2021-11-09 00:00:00+05:30,8.199999809265137,8.199999809265137,8.050000190734863,8.100000381469727,43590,0.0,0.0
2021-11-10 00:00:00+05:30,8.25,8.699999809265137,8.050000190734863,8.25,197510,0.0,0.0
2021-11-11 00:00:00+05:30,8.25,8.350000381469727,8.100000381469727,8.149999618530273,104045,0.0,0.0
2021-11-12 00:00:00+05:30,8.25,8.25,7.949999809265137,8.149999618530273,66862,0.0,0.0
2021-11-15 00:00:00+05:30,8.149999618530273,8.350000381469727,7.949999809265137,8.050000190734863,66232,0.0,0.0
2021-11-16 00:00:00+05:30,8.199999809265137,8.199999809265137,8.0,8.100000381469727,44635,0.0,0.0
2021-11-17 00:00:00+05:30,8.199999809265137,8.199999809265137,7.849999904632568,7.949999809265137,70707,0.0,0.0
2021-11-18 00:00:00+05:30,8.100000381469727,8.100000381469727,7.800000190734863,7.949999809265137,42757,0.0,0.0
2021-11-22 00:00:00+05:30,7.900000095367432,8.050000190734863,7.199999809265137,7.75,67419,0.0,0.0
2021-11-23 00:00:00+05:30,7.949999809265137,8.199999809265137,7.75,8.050000190734863,163069,0.0,0.0
2021-11-24 00:00:00+05:30,8.0,8.449999809265137,8.0,8.050000190734863,177763,0.0,0.0
2021-11-25 00:00:00+05:30,7.949999809265137,8.149999618530273,7.949999809265137,8.0,88868,0.0,0.0
2021-11-26 00:00:00+05:30,8.0,8.100000381469727,7.699999809265137,7.849999904632568,80995,0.0,0.0
2021-11-29 00:00:00+05:30,7.849999904632568,8.050000190734863,7.5,7.849999904632568,73362,0.0,0.0
2021-11-30 00:00:00+05:30,7.699999809265137,8.0,7.599999904632568,7.650000095367432,123092,0.0,0.0
2021-12-01 00:00:00+05:30,7.650000095367432,7.849999904632568,7.650000095367432,7.699999809265137,33321,0.0,0.0
2021-12-02 00:00:00+05:30,8.0,8.0,7.650000095367432,7.800000190734863,57460,0.0,0.0
2021-12-03 00:00:00+05:30,8.0,9.199999809265137,7.949999809265137,8.300000190734863,1902638,0.0,0.0
2021-12-06 00:00:00+05:30,8.5,8.600000381469727,7.400000095367432,7.5,1631431,0.0,0.0
2021-12-07 00:00:00+05:30,7.900000095367432,8.050000190734863,7.449999809265137,7.550000190734863,936723,0.0,0.0
2021-12-08 00:00:00+05:30,7.650000095367432,7.900000095367432,7.449999809265137,7.5,899186,0.0,0.0
2021-12-09 00:00:00+05:30,7.5,7.75,7.449999809265137,7.5,625511,0.0,0.0
2021-12-10 00:00:00+05:30,7.599999904632568,9.0,7.449999809265137,9.0,4189009,0.0,0.0
2021-12-13 00:00:00+05:30,9.949999809265137,9.949999809265137,8.800000190734863,9.0,3405741,0.0,0.0
2021-12-14 00:00:00+05:30,9.25,10.800000190734863,9.100000381469727,10.800000190734863,4868356,0.0,0.0
2021-12-15 00:00:00+05:30,11.350000381469727,11.850000381469727,10.350000381469727,10.600000381469727,8352078,0.0,0.0
2021-12-16 00:00:00+05:30,10.649999618530273,11.199999809265137,10.0,10.149999618530273,2401343,0.0,0.0
2021-12-17 00:00:00+05:30,10.350000381469727,10.449999809265137,9.300000190734863,9.5,1030604,0.0,0.0
2021-12-20 00:00:00+05:30,9.5,9.800000190734863,8.550000190734863,9.25,735819,0.0,0.0
2021-12-21 00:00:00+05:30,9.600000381469727,9.850000381469727,9.050000190734863,9.350000381469727,493287,0.0,0.0
2021-12-22 00:00:00+05:30,9.350000381469727,9.699999809265137,9.149999618530273,9.300000190734863,412234,0.0,0.0
2021-12-23 00:00:00+05:30,9.75,9.75,9.100000381469727,9.149999618530273,405986,0.0,0.0
2021-12-24 00:00:00+05:30,9.399999618530273,9.449999809265137,8.949999809265137,9.199999809265137,293146,0.0,0.0
2021-12-27 00:00:00+05:30,9.449999809265137,9.449999809265137,9.050000190734863,9.149999618530273,217331,0.0,0.0
2021-12-28 00:00:00+05:30,9.149999618530273,9.899999618530273,9.100000381469727,9.600000381469727,788900,0.0,0.0
2021-12-29 00:00:00+05:30,9.949999809265137,10.0,9.399999618530273,9.649999618530273,677953,0.0,0.0
2021-12-30 00:00:00+05:30,9.75,9.949999809265137,9.399999618530273,9.649999618530273,432511,0.0,0.0
2021-12-31 00:00:00+05:30,9.399999618530273,9.75,9.399999618530273,9.5,285779,0.0,0.0
2022-01-03 00:00:00+05:30,9.800000190734863,10.199999809265137,9.5,9.899999618530273,617828,0.0,0.0
2022-01-04 00:00:00+05:30,10.0,10.199999809265137,9.550000190734863,9.600000381469727,409353,0.0,0.0
2022-01-05 00:00:00+05:30,9.699999809265137,10.050000190734863,9.449999809265137,9.75,381243,0.0,0.0
2022-01-06 00:00:00+05:30,9.5,10.699999809265137,9.350000381469727,10.699999809265137,1632764,0.0,0.0
2022-01-07 00:00:00+05:30,11.75,11.75,11.0,11.399999618530273,2442486,0.0,0.0
2022-01-10 00:00:00+05:30,11.699999809265137,12.5,11.449999809265137,12.350000381469727,1970215,0.0,0.0
2022-01-11 00:00:00+05:30,12.399999618530273,13.550000190734863,11.649999618530273,13.449999809265137,2790463,0.0,0.0
2022-01-12 00:00:00+05:30,14.100000381469727,14.100000381469727,13.550000190734863,14.100000381469727,3054319,0.0,0.0
2022-01-13 00:00:00+05:30,14.699999809265137,14.75,13.399999618530273,13.800000190734863,2406282,0.0,0.0
2022-01-14 00:00:00+05:30,13.449999809265137,14.399999618530273,13.449999809265137,13.800000190734863,765961,0.0,0.0
2022-01-17 00:00:00+05:30,14.0,14.350000381469727,13.149999618530273,13.149999618530273,829606,0.0,0.0
2022-01-18 00:00:00+05:30,12.800000190734863,13.300000190734863,12.5,12.5,431009,0.0,0.0
2022-01-19 00:00:00+05:30,11.949999809265137,12.25,11.899999618530273,11.899999618530273,589801,0.0,0.0
2022-01-20 00:00:00+05:30,11.699999809265137,12.449999809265137,11.699999809265137,12.449999809265137,610338,0.0,0.0
2022-01-21 00:00:00+05:30,13.0,13.0,11.850000381469727,12.050000190734863,947393,0.0,0.0
2022-01-24 00:00:00+05:30,12.050000190734863,12.350000381469727,11.449999809265137,11.449999809265137,388893,0.0,0.0
2022-01-25 00:00:00+05:30,10.899999618530273,11.800000190734863,10.899999618530273,11.449999809265137,885973,0.0,0.0
2022-01-27 00:00:00+05:30,11.449999809265137,11.800000190734863,11.100000381469727,11.25,261965,0.0,0.0
2022-01-28 00:00:00+05:30,11.25,11.550000190734863,11.0,11.100000381469727,438136,0.0,0.0
2022-01-31 00:00:00+05:30,11.449999809265137,11.449999809265137,10.800000190734863,10.899999618530273,187334,0.0,0.0
2022-02-01 00:00:00+05:30,10.800000190734863,11.399999618530273,10.75,11.300000190734863,407795,0.0,0.0
2022-02-02 00:00:00+05:30,11.5,11.850000381469727,11.050000190734863,11.75,461351,0.0,0.0
2022-02-03 00:00:00+05:30,11.550000190734863,11.699999809265137,11.199999809265137,11.25,394769,0.0,0.0
2022-02-04 00:00:00+05:30,11.25,11.5,11.0,11.100000381469727,234708,0.0,0.0
2022-02-07 00:00:00+05:30,11.149999618530273,11.300000190734863,10.75,10.800000190734863,255343,0.0,0.0
2022-02-08 00:00:00+05:30,11.050000190734863,11.050000190734863,10.399999618530273,10.600000381469727,237150,0.0,0.0
2022-02-09 00:00:00+05:30,10.600000381469727,10.850000381469727,10.399999618530273,10.449999809265137,103091,0.0,0.0
2022-02-10 00:00:00+05:30,10.449999809265137,10.949999809265137,10.449999809265137,10.75,211678,0.0,0.0
2022-02-11 00:00:00+05:30,10.899999618530273,10.899999618530273,10.300000190734863,10.399999618530273,111017,0.0,0.0
2022-02-14 00:00:00+05:30,10.050000190734863,10.350000381469727,9.899999618530273,9.899999618530273,222993,0.0,0.0
2022-02-15 00:00:00+05:30,9.899999618530273,10.050000190734863,9.449999809265137,9.600000381469727,439105,0.0,0.0
2022-02-16 00:00:00+05:30,9.850000381469727,10.050000190734863,9.75,10.050000190734863,220742,0.0,0.0
2022-02-17 00:00:00+05:30,10.5,10.550000190734863,9.899999618530273,10.300000190734863,148591,0.0,0.0
2022-02-18 00:00:00+05:30,10.0,10.399999618530273,9.800000190734863,9.800000190734863,349186,0.0,0.0
2022-02-21 00:00:00+05:30,10.0,10.0,9.350000381469727,9.399999618530273,150137,0.0,0.0
2022-02-22 00:00:00+05:30,9.050000190734863,9.25,8.949999809265137,8.949999809265137,260750,0.0,0.0
2022-02-23 00:00:00+05:30,9.25,9.25,8.600000381469727,8.949999809265137,114021,0.0,0.0
2022-02-24 00:00:00+05:30,8.899999618530273,8.899999618530273,8.550000190734863,8.550000190734863,199596,0.0,0.0
2022-02-25 00:00:00+05:30,8.399999618530273,8.949999809265137,8.399999618530273,8.949999809265137,145238,0.0,0.0
2022-02-28 00:00:00+05:30,9.100000381469727,9.350000381469727,8.600000381469727,9.100000381469727,94027,0.0,0.0
2022-03-02 00:00:00+05:30,9.25,9.449999809265137,8.899999618530273,8.899999618530273,144182,0.0,0.0
2022-03-03 00:00:00+05:30,9.25,9.25,8.649999618530273,8.699999809265137,127114,0.0,0.0
2022-03-04 00:00:00+05:30,8.649999618530273,8.850000381469727,8.300000190734863,8.399999618530273,182092,0.0,0.0
2022-03-07 00:00:00+05:30,8.5,8.600000381469727,8.100000381469727,8.300000190734863,108375,0.0,0.0
2022-03-08 00:00:00+05:30,8.399999618530273,8.699999809265137,8.199999809265137,8.399999618530273,112062,0.0,0.0
2022-03-09 00:00:00+05:30,8.649999618530273,8.800000190734863,8.550000190734863,8.800000190734863,49416,0.0,0.0
2022-03-10 00:00:00+05:30,9.199999809265137,9.199999809265137,9.0,9.149999618530273,88156,0.0,0.0
2022-03-11 00:00:00+05:30,9.449999809265137,9.449999809265137,8.75,8.949999809265137,272853,0.0,0.0
2022-03-14 00:00:00+05:30,8.800000190734863,9.300000190734863,8.800000190734863,9.050000190734863,107252,0.0,0.0
2022-03-15 00:00:00+05:30,9.25,9.25,8.699999809265137,8.800000190734863,84148,0.0,0.0
2022-03-16 00:00:00+05:30,9.0,9.100000381469727,8.800000190734863,8.899999618530273,75129,0.0,0.0
2022-03-17 00:00:00+05:30,9.100000381469727,9.149999618530273,8.850000381469727,8.899999618530273,107608,0.0,0.0
2022-03-21 00:00:00+05:30,9.100000381469727,9.149999618530273,8.850000381469727,8.899999618530273,73338,0.0,0.0
2022-03-22 00:00:00+05:30,9.050000190734863,9.100000381469727,8.850000381469727,8.949999809265137,79263,0.0,0.0
2022-03-23 00:00:00+05:30,9.100000381469727,9.100000381469727,8.800000190734863,8.850000381469727,91524,0.0,0.0
2022-03-24 00:00:00+05:30,9.0,9.100000381469727,8.75,8.850000381469727,166240,0.0,0.0
2022-03-25 00:00:00+05:30,9.100000381469727,9.100000381469727,8.550000190734863,8.600000381469727,343401,0.0,0.0
2022-03-28 00:00:00+05:30,8.300000190734863,8.649999618530273,8.199999809265137,8.199999809265137,365556,0.0,0.0
2022-03-29 00:00:00+05:30,8.300000190734863,8.300000190734863,7.849999904632568,7.849999904632568,234546,0.0,0.0
2022-03-30 00:00:00+05:30,8.100000381469727,8.100000381469727,7.75,7.849999904632568,191971,0.0,0.0
2022-03-31 00:00:00+05:30,7.849999904632568,8.050000190734863,7.800000190734863,7.849999904632568,149451,0.0,0.0
2022-04-01 00:00:00+05:30,7.949999809265137,8.199999809265137,7.849999904632568,8.199999809265137,91178,0.0,0.0
2022-04-04 00:00:00+05:30,8.550000190734863,8.600000381469727,8.350000381469727,8.600000381469727,73568,0.0,0.0
2022-04-05 00:00:00+05:30,9.0,9.0,8.399999618530273,8.949999809265137,287784,0.0,0.0
2022-04-06 00:00:00+05:30,8.949999809265137,9.100000381469727,8.850000381469727,8.949999809265137,112472,0.0,0.0
2022-04-07 00:00:00+05:30,9.25,9.75,8.949999809265137,9.199999809265137,245308,0.0,0.0
2022-04-08 00:00:00+05:30,9.149999618530273,10.100000381469727,9.100000381469727,9.949999809265137,636281,0.0,0.0
2022-04-11 00:00:00+05:30,9.800000190734863,10.399999618530273,9.800000190734863,10.0,338677,0.0,0.0
2022-04-12 00:00:00+05:30,10.149999618530273,10.149999618530273,9.399999618530273,9.550000190734863,182379,0.0,0.0
2022-04-13 00:00:00+05:30,9.649999618530273,9.699999809265137,9.350000381469727,9.399999618530273,123783,0.0,0.0
2022-04-18 00:00:00+05:30,9.350000381469727,9.550000190734863,9.050000190734863,9.300000190734863,100434,0.0,0.0
2022-04-19 00:00:00+05:30,9.649999618530273,9.949999809265137,9.0,9.050000190734863,235517,0.0,0.0
2022-04-20 00:00:00+05:30,9.350000381469727,9.350000381469727,8.949999809265137,9.050000190734863,79707,0.0,0.0
2022-04-21 00:00:00+05:30,9.050000190734863,9.899999618530273,9.050000190734863,9.350000381469727,194064,0.0,0.0
2022-04-22 00:00:00+05:30,9.399999618530273,9.550000190734863,9.100000381469727,9.25,125220,0.0,0.0
2022-04-25 00:00:00+05:30,9.0,9.25,8.899999618530273,8.949999809265137,96867,0.0,0.0
2022-04-26 00:00:00+05:30,8.699999809265137,9.100000381469727,8.600000381469727,8.699999809265137,169173,0.0,0.0
2022-04-27 00:00:00+05:30,8.699999809265137,9.0,8.5,8.800000190734863,62196,0.0,0.0
2022-04-28 00:00:00+05:30,9.0,9.0,8.100000381469727,8.350000381469727,265700,0.0,0.0
2022-04-29 00:00:00+05:30,8.149999618530273,8.75,8.149999618530273,8.350000381469727,140816,0.0,0.0
2022-05-02 00:00:00+05:30,8.5,8.5,7.800000190734863,7.849999904632568,383745,0.0,0.0
2022-05-04 00:00:00+05:30,8.050000190734863,8.149999618530273,7.650000095367432,7.800000190734863,129594,0.0,0.0
2022-05-05 00:00:00+05:30,7.800000190734863,8.550000190734863,7.800000190734863,8.550000190734863,340545,0.0,0.0
2022-05-06 00:00:00+05:30,8.100000381469727,8.550000190734863,7.949999809265137,8.199999809265137,245208,0.0,0.0
2022-05-09 00:00:00+05:30,8.449999809265137,8.449999809265137,7.800000190734863,7.900000095367432,113525,0.0,0.0
2022-05-10 00:00:00+05:30,8.100000381469727,8.100000381469727,7.75,7.800000190734863,109455,0.0,0.0
2022-05-11 00:00:00+05:30,7.699999809265137,8.0,7.599999904632568,7.949999809265137,81148,0.0,0.0
2022-05-12 00:00:00+05:30,7.949999809265137,8.149999618530273,7.550000190734863,7.699999809265137,163356,0.0,0.0
2022-05-13 00:00:00+05:30,8.050000190734863,8.149999618530273,7.599999904632568,7.800000190734863,55993,0.0,0.0
2022-05-16 00:00:00+05:30,7.949999809265137,8.550000190734863,7.699999809265137,8.100000381469727,224125,0.0,0.0
2022-05-17 00:00:00+05:30,8.149999618530273,8.399999618530273,8.050000190734863,8.25,81530,0.0,0.0
2022-05-18 00:00:00+05:30,8.399999618530273,8.600000381469727,8.100000381469727,8.350000381469727,109223,0.0,0.0
2022-05-19 00:00:00+05:30,8.050000190734863,8.649999618530273,7.599999904632568,7.800000190734863,125249,0.0,0.0
2022-05-20 00:00:00+05:30,8.0,8.149999618530273,7.900000095367432,8.0,61488,0.0,0.0
2022-05-23 00:00:00+05:30,7.800000190734863,8.300000190734863,7.800000190734863,8.0,73974,0.0,0.0
2022-05-24 00:00:00+05:30,8.100000381469727,8.100000381469727,7.699999809265137,7.75,110413,0.0,0.0
2022-05-25 00:00:00+05:30,7.75,7.949999809265137,7.599999904632568,7.650000095367432,66896,0.0,0.0
2022-05-26 00:00:00+05:30,7.650000095367432,7.699999809265137,6.900000095367432,7.199999809265137,308802,0.0,0.0
2022-05-27 00:00:00+05:30,7.300000190734863,7.599999904632568,7.25,7.449999809265137,60252,0.0,0.0
2022-05-30 00:00:00+05:30,7.599999904632568,8.100000381469727,7.550000190734863,7.75,162783,0.0,0.0
2022-05-31 00:00:00+05:30,7.650000095367432,7.800000190734863,7.599999904632568,7.650000095367432,24602,0.0,0.0
2022-06-01 00:00:00+05:30,7.650000095367432,7.800000190734863,7.5,7.599999904632568,50715,0.0,0.0
2022-06-02 00:00:00+05:30,7.75,8.050000190734863,7.449999809265137,7.75,103672,0.0,0.0
2022-06-03 00:00:00+05:30,8.100000381469727,8.100000381469727,7.599999904632568,7.650000095367432,30605,0.0,0.0
2022-06-06 00:00:00+05:30,7.5,7.75,7.5,7.75,19261,0.0,0.0
2022-06-07 00:00:00+05:30,8.0,8.0,7.5,7.699999809265137,56557,0.0,0.0
2022-06-08 00:00:00+05:30,7.75,7.849999904632568,7.449999809265137,7.650000095367432,60685,0.0,0.0
2022-06-09 00:00:00+05:30,7.75,9.149999618530273,7.650000095367432,9.149999618530273,481817,0.0,0.0
2022-06-10 00:00:00+05:30,9.350000381469727,10.75,9.350000381469727,9.75,3189541,0.0,0.0
2022-06-13 00:00:00+05:30,9.350000381469727,9.699999809265137,8.5,8.600000381469727,630539,0.0,0.0
2022-06-14 00:00:00+05:30,8.5,10.300000190734863,8.449999809265137,10.300000190734863,1228255,0.0,0.0
2022-06-15 00:00:00+05:30,10.899999618530273,12.199999809265137,10.449999809265137,10.600000381469727,4162267,0.0,0.0
2022-06-16 00:00:00+05:30,10.899999618530273,11.899999618530273,9.0,10.399999618530273,1266835,0.0,0.0
2022-06-17 00:00:00+05:30,10.699999809265137,10.699999809265137,9.550000190734863,9.850000381469727,329893,0.0,0.0
2022-06-20 00:00:00+05:30,10.0,10.0,8.899999618530273,9.25,379167,0.0,0.0
2022-06-21 00:00:00+05:30,9.600000381469727,9.600000381469727,7.650000095367432,8.800000190734863,471219,0.0,0.0
2022-06-22 00:00:00+05:30,9.300000190734863,9.449999809265137,8.75,8.949999809265137,204881,0.0,0.0
2022-06-23 00:00:00+05:30,8.850000381469727,9.149999618530273,8.699999809265137,8.800000190734863,142974,0.0,0.0
2022-06-24 00:00:00+05:30,9.300000190734863,9.350000381469727,8.699999809265137,8.850000381469727,261911,0.0,0.0
2022-06-27 00:00:00+05:30,8.800000190734863,9.199999809265137,8.350000381469727,8.75,137970,0.0,0.0
2022-06-28 00:00:00+05:30,8.699999809265137,8.949999809265137,8.300000190734863,8.5,145173,0.0,0.0
2022-06-29 00:00:00+05:30,8.300000190734863,8.649999618530273,8.199999809265137,8.25,198728,0.0,0.0
2022-06-30 00:00:00+05:30,8.199999809265137,8.449999809265137,8.199999809265137,8.300000190734863,50837,0.0,0.0
2022-07-01 00:00:00+05:30,8.5,8.649999618530273,8.149999618530273,8.25,104771,0.0,0.0
2022-07-04 00:00:00+05:30,8.350000381469727,9.899999618530273,8.25,9.899999618530273,690545,0.0,0.0
2022-07-05 00:00:00+05:30,10.699999809265137,10.899999618530273,9.199999809265137,9.25,1146473,0.0,0.0
2022-07-06 00:00:00+05:30,9.25,9.899999618530273,8.0,8.800000190734863,560959,0.0,0.0
2022-07-07 00:00:00+05:30,8.850000381469727,9.100000381469727,8.399999618530273,8.600000381469727,333550,0.0,0.0
2022-07-08 00:00:00+05:30,8.699999809265137,8.949999809265137,8.550000190734863,8.800000190734863,183936,0.0,0.0
2022-07-11 00:00:00+05:30,8.800000190734863,9.050000190734863,8.649999618530273,8.949999809265137,184216,0.0,0.0
2022-07-12 00:00:00+05:30,8.899999618530273,8.949999809265137,8.5,8.600000381469727,335990,0.0,0.0
2022-07-13 00:00:00+05:30,8.75,8.899999618530273,8.399999618530273,8.699999809265137,110553,0.0,0.0
2022-07-14 00:00:00+05:30,8.699999809265137,8.850000381469727,8.5,8.699999809265137,132303,0.0,0.0
2022-07-15 00:00:00+05:30,8.699999809265137,8.850000381469727,8.600000381469727,8.75,74183,0.0,0.0
2022-07-18 00:00:00+05:30,8.850000381469727,8.899999618530273,8.600000381469727,8.699999809265137,97237,0.0,0.0
2022-07-19 00:00:00+05:30,8.800000190734863,10.399999618530273,8.699999809265137,9.600000381469727,1652831,0.0,0.0
2022-07-20 00:00:00+05:30,9.600000381469727,10.100000381469727,9.199999809265137,9.300000190734863,399895,0.0,0.0
2022-07-21 00:00:00+05:30,9.449999809265137,9.649999618530273,9.199999809265137,9.25,141179,0.0,0.0
2022-07-22 00:00:00+05:30,9.199999809265137,9.649999618530273,9.050000190734863,9.350000381469727,189429,0.0,0.0
2022-07-25 00:00:00+05:30,9.5,9.5,9.149999618530273,9.300000190734863,106886,0.0,0.0
2022-07-26 00:00:00+05:30,9.149999618530273,9.850000381469727,9.149999618530273,9.300000190734863,167366,0.0,0.0
2022-07-27 00:00:00+05:30,9.399999618530273,9.5,9.050000190734863,9.100000381469727,141621,0.0,0.0
2022-07-28 00:00:00+05:30,9.300000190734863,9.399999618530273,8.699999809265137,8.899999618530273,311871,0.0,0.0
2022-07-29 00:00:00+05:30,9.050000190734863,9.050000190734863,8.800000190734863,8.850000381469727,213362,0.0,0.0
2022-08-01 00:00:00+05:30,8.899999618530273,9.199999809265137,8.850000381469727,9.0,145192,0.0,0.0
2022-08-02 00:00:00+05:30,9.0,9.300000190734863,8.850000381469727,9.0,147366,0.0,0.0
2022-08-03 00:00:00+05:30,9.149999618530273,9.800000190734863,9.050000190734863,9.600000381469727,592813,0.0,0.0
2022-08-04 00:00:00+05:30,9.600000381469727,9.699999809265137,9.100000381469727,9.199999809265137,220971,0.0,0.0
2022-08-05 00:00:00+05:30,9.100000381469727,9.350000381469727,8.850000381469727,8.899999618530273,192276,0.0,0.0
2022-08-08 00:00:00+05:30,8.899999618530273,9.149999618530273,8.850000381469727,8.949999809265137,77784,0.0,0.0
2022-08-10 00:00:00+05:30,8.899999618530273,9.050000190734863,8.800000190734863,8.850000381469727,106200,0.0,0.0
2022-08-11 00:00:00+05:30,8.75,9.0,8.449999809265137,8.600000381469727,206403,0.0,0.0
2022-08-12 00:00:00+05:30,8.800000190734863,9.0,8.399999618530273,8.550000190734863,194685,0.0,0.0
2022-08-16 00:00:00+05:30,8.699999809265137,8.800000190734863,8.350000381469727,8.600000381469727,152882,0.0,0.0
2022-08-17 00:00:00+05:30,8.699999809265137,8.800000190734863,8.350000381469727,8.550000190734863,146957,0.0,0.0
2022-08-18 00:00:00+05:30,8.699999809265137,8.800000190734863,8.550000190734863,8.600000381469727,113780,0.0,0.0
2022-08-19 00:00:00+05:30,8.600000381469727,9.100000381469727,8.600000381469727,8.649999618530273,158597,0.0,0.0
2022-08-22 00:00:00+05:30,8.850000381469727,9.300000190734863,8.649999618530273,9.0,390609,0.0,0.0
2022-08-23 00:00:00+05:30,9.149999618530273,9.149999618530273,8.899999618530273,9.0,101375,0.0,0.0
2022-08-24 00:00:00+05:30,9.25,9.25,8.800000190734863,8.899999618530273,122777,0.0,0.0
2022-08-25 00:00:00+05:30,8.850000381469727,9.050000190734863,8.850000381469727,9.050000190734863,51840,0.0,0.0
2022-08-26 00:00:00+05:30,9.100000381469727,9.25,8.899999618530273,8.949999809265137,162137,0.0,0.0
2022-08-29 00:00:00+05:30,8.949999809265137,9.0,8.800000190734863,8.899999618530273,85846,0.0,0.0
2022-08-30 00:00:00+05:30,9.0,9.100000381469727,8.850000381469727,8.850000381469727,122792,0.0,0.0
2022-09-01 00:00:00+05:30,9.0,9.149999618530273,8.800000190734863,8.899999618530273,155491,0.0,0.0
2022-09-02 00:00:00+05:30,9.0,9.050000190734863,8.600000381469727,8.800000190734863,228094,0.0,0.0
2022-09-05 00:00:00+05:30,8.899999618530273,9.800000190734863,8.850000381469727,9.149999618530273,811686,0.0,0.0
2022-09-06 00:00:00+05:30,9.149999618530273,10.199999809265137,9.149999618530273,9.649999618530273,1245989,0.0,0.0
2022-09-07 00:00:00+05:30,9.75,9.850000381469727,9.399999618530273,9.5,166883,0.0,0.0
2022-09-08 00:00:00+05:30,9.550000190734863,9.800000190734863,9.399999618530273,9.5,186256,0.0,0.0
2022-09-09 00:00:00+05:30,9.550000190734863,9.699999809265137,9.199999809265137,9.350000381469727,171524,0.0,0.0
2022-09-12 00:00:00+05:30,9.399999618530273,9.800000190734863,9.100000381469727,9.350000381469727,210297,0.0,0.0
2022-09-13 00:00:00+05:30,9.399999618530273,9.5,9.100000381469727,9.199999809265137,112042,0.0,0.0
2022-09-14 00:00:00+05:30,9.199999809265137,9.399999618530273,9.0,9.050000190734863,183515,0.0,0.0
2022-09-15 00:00:00+05:30,9.100000381469727,9.300000190734863,9.100000381469727,9.149999618530273,108753,0.0,0.0
2022-09-16 00:00:00+05:30,9.25,9.300000190734863,8.899999618530273,8.949999809265137,116265,0.0,0.0
2022-09-19 00:00:00+05:30,9.0,9.600000381469727,8.899999618530273,9.149999618530273,353129,0.0,0.0
2022-09-20 00:00:00+05:30,9.300000190734863,9.300000190734863,8.949999809265137,9.0,75940,0.0,0.0
2022-09-21 00:00:00+05:30,9.100000381469727,9.199999809265137,8.75,8.850000381469727,116299,0.0,0.0
2022-09-22 00:00:00+05:30,8.949999809265137,9.199999809265137,8.899999618530273,9.0,91157,0.0,0.0
2022-09-23 00:00:00+05:30,9.25,9.25,8.600000381469727,8.75,124710,0.0,0.0
2022-09-26 00:00:00+05:30,8.600000381469727,8.850000381469727,8.300000190734863,8.399999618530273,151426,0.0,0.0
2022-09-27 00:00:00+05:30,8.600000381469727,8.949999809265137,8.300000190734863,8.399999618530273,148496,0.0,0.0
2022-09-28 00:00:00+05:30,8.399999618530273,8.649999618530273,8.399999618530273,8.449999809265137,80677,0.0,0.0
2022-09-29 00:00:00+05:30,8.649999618530273,8.649999618530273,8.300000190734863,8.5,57856,0.0,0.0
2022-09-30 00:00:00+05:30,8.699999809265137,8.699999809265137,8.300000190734863,8.449999809265137,88690,0.0,0.0
2022-10-03 00:00:00+05:30,8.399999618530273,8.600000381469727,8.350000381469727,8.350000381469727,80745,0.0,0.0
2022-10-04 00:00:00+05:30,8.550000190734863,8.550000190734863,8.199999809265137,8.300000190734863,109759,0.0,0.0
2022-10-06 00:00:00+05:30,8.399999618530273,8.850000381469727,8.399999618530273,8.649999618530273,153367,0.0,0.0
2022-10-07 00:00:00+05:30,8.850000381469727,8.899999618530273,8.550000190734863,8.699999809265137,54774,0.0,0.0
2022-10-10 00:00:00+05:30,8.850000381469727,8.850000381469727,8.449999809265137,8.550000190734863,49541,0.0,0.0
2022-10-11 00:00:00+05:30,8.649999618530273,8.699999809265137,8.399999618530273,8.449999809265137,47431,0.0,0.0
2022-10-12 00:00:00+05:30,8.550000190734863,8.600000381469727,8.300000190734863,8.300000190734863,82323,0.0,0.0
2022-10-13 00:00:00+05:30,8.449999809265137,8.5,8.050000190734863,8.300000190734863,48470,0.0,0.0
2022-10-14 00:00:00+05:30,8.5,8.550000190734863,8.300000190734863,8.300000190734863,46848,0.0,0.0
2022-10-17 00:00:00+05:30,8.399999618530273,8.399999618530273,8.100000381469727,8.199999809265137,41531,0.0,0.0
2022-10-18 00:00:00+05:30,8.350000381469727,8.399999618530273,8.050000190734863,8.199999809265137,63883,0.0,0.0
2022-10-19 00:00:00+05:30,8.300000190734863,8.949999809265137,8.100000381469727,8.399999618530273,353997,0.0,0.0
2022-10-20 00:00:00+05:30,8.5,8.850000381469727,8.5,8.75,105779,0.0,0.0
2022-10-21 00:00:00+05:30,9.0,9.0,8.350000381469727,8.5,148925,0.0,0.0
2022-10-24 00:00:00+05:30,8.600000381469727,8.899999618530273,8.550000190734863,8.649999618530273,30396,0.0,0.0
2022-10-25 00:00:00+05:30,8.649999618530273,8.75,8.399999618530273,8.5,53889,0.0,0.0
2022-10-27 00:00:00+05:30,8.649999618530273,8.699999809265137,8.449999809265137,8.550000190734863,55589,0.0,0.0
2022-10-28 00:00:00+05:30,8.449999809265137,8.649999618530273,8.449999809265137,8.5,19023,0.0,0.0
2022-10-31 00:00:00+05:30,8.5,8.649999618530273,8.399999618530273,8.449999809265137,33575,0.0,0.0
2022-11-01 00:00:00+05:30,8.600000381469727,8.600000381469727,8.399999618530273,8.449999809265137,27008,0.0,0.0
2022-11-02 00:00:00+05:30,8.600000381469727,8.600000381469727,8.350000381469727,8.449999809265137,46826,0.0,0.0
2022-11-03 00:00:00+05:30,8.550000190734863,8.850000381469727,8.449999809265137,8.550000190734863,74529,0.0,0.0
2022-11-04 00:00:00+05:30,8.699999809265137,9.350000381469727,8.649999618530273,9.050000190734863,554045,0.0,0.0
2022-11-07 00:00:00+05:30,9.149999618530273,9.149999618530273,8.800000190734863,8.899999618530273,133169,0.0,0.0
2022-11-09 00:00:00+05:30,8.699999809265137,8.850000381469727,8.25,8.5,242294,0.0,0.0
2022-11-10 00:00:00+05:30,8.300000190734863,8.649999618530273,7.300000190734863,8.100000381469727,991713,0.0,0.0
2022-11-11 00:00:00+05:30,8.199999809265137,8.399999618530273,7.849999904632568,8.050000190734863,123537,0.0,0.0
2022-11-14 00:00:00+05:30,8.300000190734863,8.300000190734863,7.849999904632568,8.050000190734863,131493,0.0,0.0
2022-11-15 00:00:00+05:30,8.050000190734863,8.100000381469727,7.949999809265137,8.0,62508,0.0,0.0
2022-11-16 00:00:00+05:30,8.0,8.100000381469727,7.949999809265137,8.050000190734863,53118,0.0,0.0
2022-11-17 00:00:00+05:30,8.100000381469727,8.100000381469727,7.650000095367432,7.75,242005,0.0,0.0
2022-11-18 00:00:00+05:30,7.800000190734863,7.949999809265137,7.75,7.900000095367432,63378,0.0,0.0
2022-11-21 00:00:00+05:30,8.0,8.0,7.25,7.699999809265137,86385,0.0,0.0
2022-11-22 00:00:00+05:30,7.849999904632568,8.0,7.699999809265137,7.849999904632568,165683,0.0,0.0
2022-11-23 00:00:00+05:30,7.849999904632568,7.949999809265137,7.75,7.849999904632568,57963,0.0,0.0
2022-11-24 00:00:00+05:30,8.0,8.399999618530273,7.849999904632568,8.050000190734863,224270,0.0,0.0
2022-11-25 00:00:00+05:30,8.0,8.300000190734863,7.800000190734863,7.949999809265137,87214,0.0,0.0
2022-11-28 00:00:00+05:30,7.849999904632568,8.100000381469727,7.699999809265137,7.900000095367432,128642,0.0,0.0
2022-11-29 00:00:00+05:30,8.050000190734863,8.100000381469727,7.900000095367432,7.949999809265137,49696,0.0,0.0
2022-11-30 00:00:00+05:30,8.0,8.050000190734863,7.849999904632568,7.949999809265137,157796,0.0,0.0
2022-12-01 00:00:00+05:30,8.050000190734863,8.350000381469727,7.949999809265137,8.0,259873,0.0,0.0
2022-12-02 00:00:00+05:30,8.100000381469727,8.100000381469727,7.900000095367432,8.100000381469727,83155,0.0,0.0
2022-12-05 00:00:00+05:30,8.199999809265137,8.25,8.050000190734863,8.149999618530273,153257,0.0,0.0
2022-12-06 00:00:00+05:30,8.25,8.699999809265137,8.199999809265137,8.25,317091,0.0,0.0
2022-12-07 00:00:00+05:30,8.449999809265137,8.5,8.199999809265137,8.199999809265137,101361,0.0,0.0
2022-12-08 00:00:00+05:30,8.399999618530273,8.399999618530273,8.0,8.149999618530273,129163,0.0,0.0
2022-12-09 00:00:00+05:30,8.300000190734863,8.300000190734863,7.900000095367432,7.949999809265137,108496,0.0,0.0
2022-12-12 00:00:00+05:30,8.149999618530273,8.149999618530273,7.949999809265137,7.949999809265137,57263,0.0,0.0
2022-12-13 00:00:00+05:30,8.199999809265137,8.199999809265137,7.900000095367432,7.949999809265137,60773,0.0,0.0
2022-12-14 00:00:00+05:30,8.100000381469727,8.100000381469727,7.75,7.900000095367432,104385,0.0,0.0
2022-12-15 00:00:00+05:30,7.949999809265137,8.5,7.900000095367432,8.050000190734863,347860,0.0,0.0
2022-12-16 00:00:00+05:30,8.149999618530273,8.25,8.0,8.0,54774,0.0,0.0
2022-12-19 00:00:00+05:30,8.100000381469727,8.149999618530273,7.900000095367432,7.900000095367432,108650,0.0,0.0
2022-12-20 00:00:00+05:30,7.900000095367432,8.100000381469727,7.900000095367432,8.0,90040,0.0,0.0
2022-12-21 00:00:00+05:30,8.050000190734863,8.149999618530273,7.699999809265137,7.900000095367432,235793,0.0,0.0
2022-12-22 00:00:00+05:30,7.900000095367432,8.0,7.5,7.699999809265137,130936,0.0,0.0
2022-12-23 00:00:00+05:30,7.75,7.75,7.050000190734863,7.25,143730,0.0,0.0
2022-12-26 00:00:00+05:30,7.300000190734863,7.550000190734863,7.150000095367432,7.449999809265137,28853,0.0,0.0
2022-12-27 00:00:00+05:30,7.5,7.5,7.199999809265137,7.400000095367432,43564,0.0,0.0
2022-12-28 00:00:00+05:30,7.25,7.449999809265137,7.099999904632568,7.300000190734863,93953,0.0,0.0
2022-12-29 00:00:00+05:30,7.099999904632568,7.599999904632568,7.099999904632568,7.400000095367432,40880,0.0,0.0
2022-12-30 00:00:00+05:30,7.449999809265137,7.449999809265137,7.300000190734863,7.349999904632568,26704,0.0,0.0
2023-01-02 00:00:00+05:30,7.449999809265137,7.599999904632568,7.199999809265137,7.5,41347,0.0,0.0
2023-01-03 00:00:00+05:30,7.5,7.5,7.199999809265137,7.300000190734863,81692,0.0,0.0
2023-01-04 00:00:00+05:30,7.150000095367432,7.300000190734863,7.099999904632568,7.300000190734863,77273,0.0,0.0
2023-01-05 00:00:00+05:30,7.300000190734863,7.300000190734863,7.050000190734863,7.150000095367432,16855,0.0,0.0
2023-01-06 00:00:00+05:30,7.25,7.25,7.099999904632568,7.150000095367432,19748,0.0,0.0
2023-01-09 00:00:00+05:30,7.150000095367432,7.150000095367432,6.800000190734863,6.800000190734863,192278,0.0,0.0
2023-01-10 00:00:00+05:30,6.800000190734863,6.800000190734863,6.5,6.5,156418,0.0,0.0
2023-01-11 00:00:00+05:30,6.599999904632568,6.699999809265137,6.349999904632568,6.400000095367432,79860,0.0,0.0
2023-01-12 00:00:00+05:30,6.550000190734863,6.699999809265137,6.400000095367432,6.599999904632568,47797,0.0,0.0
2023-01-13 00:00:00+05:30,6.699999809265137,6.849999904632568,6.550000190734863,6.75,65087,0.0,0.0
2023-01-16 00:00:00+05:30,6.900000095367432,6.949999809265137,6.699999809265137,6.75,23668,0.0,0.0
2023-01-17 00:00:00+05:30,6.699999809265137,6.900000095367432,6.599999904632568,6.599999904632568,43804,0.0,0.0
2023-01-18 00:00:00+05:30,6.75,6.75,6.550000190734863,6.599999904632568,27318,0.0,0.0
2023-01-19 00:00:00+05:30,6.599999904632568,6.75,6.5,6.550000190734863,22242,0.0,0.0
2023-01-20 00:00:00+05:30,6.699999809265137,6.699999809265137,6.449999809265137,6.599999904632568,23441,0.0,0.0
2023-01-23 00:00:00+05:30,6.699999809265137,6.699999809265137,6.349999904632568,6.400000095367432,46660,0.0,0.0
2023-01-24 00:00:00+05:30,6.400000095367432,6.5,6.300000190734863,6.300000190734863,28818,0.0,0.0
2023-01-25 00:00:00+05:30,6.5,6.5,6.050000190734863,6.300000190734863,55489,0.0,0.0
2023-01-27 00:00:00+05:30,6.349999904632568,6.349999904632568,6.0,6.050000190734863,72975,0.0,0.0
2023-01-30 00:00:00+05:30,6.25,6.25,5.75,5.949999809265137,75458,0.0,0.0
2023-01-31 00:00:00+05:30,6.0,6.0,5.699999809265137,5.949999809265137,45000,0.0,0.0
2023-02-01 00:00:00+05:30,6.150000095367432,6.150000095367432,5.800000190734863,5.800000190734863,24493,0.0,0.0
2023-02-02 00:00:00+05:30,5.800000190734863,6.0,5.599999904632568,5.699999809265137,30818,0.0,0.0
2023-02-03 00:00:00+05:30,5.75,5.900000095367432,5.650000095367432,5.75,18738,0.0,0.0
2023-02-06 00:00:00+05:30,5.900000095367432,5.949999809265137,5.75,5.900000095367432,60387,0.0,0.0
2023-02-07 00:00:00+05:30,6.0,6.0,5.849999904632568,5.849999904632568,15273,0.0,0.0
2023-02-08 00:00:00+05:30,5.849999904632568,5.949999809265137,5.599999904632568,5.800000190734863,16555,0.0,0.0
2023-02-09 00:00:00+05:30,6.0,6.0,5.650000095367432,6.0,23580,0.0,0.0
2023-02-10 00:00:00+05:30,6.0,6.150000095367432,5.800000190734863,6.0,48347,0.0,0.0
2023-02-13 00:00:00+05:30,6.150000095367432,6.150000095367432,5.699999809265137,5.849999904632568,21634,0.0,0.0
2023-02-14 00:00:00+05:30,5.849999904632568,6.099999904632568,5.650000095367432,5.75,46743,0.0,0.0
2023-02-15 00:00:00+05:30,6.0,6.0,5.5,5.5,283489,0.0,0.0
2023-02-16 00:00:00+05:30,5.599999904632568,5.599999904632568,5.25,5.300000190734863,55813,0.0,0.0
2023-02-17 00:00:00+05:30,5.050000190734863,5.300000190734863,5.050000190734863,5.199999809265137,38760,0.0,0.0
2023-02-20 00:00:00+05:30,5.349999904632568,5.349999904632568,4.949999809265137,5.050000190734863,54065,0.0,0.0
2023-02-21 00:00:00+05:30,5.050000190734863,5.099999904632568,4.800000190734863,4.849999904632568,51080,0.0,0.0
2023-02-22 00:00:00+05:30,4.849999904632568,4.849999904632568,4.599999904632568,4.599999904632568,41917,0.0,0.0
2023-02-23 00:00:00+05:30,4.550000190734863,4.699999809265137,4.400000095367432,4.400000095367432,58344,0.0,0.0
2023-02-24 00:00:00+05:30,4.349999904632568,4.599999904632568,4.199999809265137,4.449999809265137,101837,0.0,0.0
2023-02-27 00:00:00+05:30,4.650000095367432,4.650000095367432,4.25,4.25,61825,0.0,0.0
2023-02-28 00:00:00+05:30,4.25,4.400000095367432,4.050000190734863,4.150000095367432,63944,0.0,0.0
2023-03-01 00:00:00+05:30,4.150000095367432,4.349999904632568,4.050000190734863,4.349999904632568,32879,0.0,0.0
2023-03-02 00:00:00+05:30,4.300000190734863,4.550000190734863,4.25,4.300000190734863,32904,0.0,0.0
2023-03-03 00:00:00+05:30,4.400000095367432,4.5,4.25,4.5,46347,0.0,0.0
2023-03-06 00:00:00+05:30,4.699999809265137,4.699999809265137,4.550000190734863,4.650000095367432,211881,0.0,0.0
2023-03-08 00:00:00+05:30,4.75,4.849999904632568,4.599999904632568,4.75,24299,0.0,0.0
2023-03-09 00:00:00+05:30,4.75,4.949999809265137,4.599999904632568,4.949999809265137,54568,0.0,0.0
2023-03-10 00:00:00+05:30,5.099999904632568,5.150000095367432,4.75,5.150000095367432,43106,0.0,0.0
2023-03-13 00:00:00+05:30,5.349999904632568,5.349999904632568,4.900000095367432,5.0,46243,0.0,0.0
2023-03-14 00:00:00+05:30,5.099999904632568,5.099999904632568,4.75,4.75,19745,0.0,0.0
2023-03-15 00:00:00+05:30,4.900000095367432,4.900000095367432,4.599999904632568,4.650000095367432,11295,0.0,0.0
2023-03-16 00:00:00+05:30,4.650000095367432,4.849999904632568,4.550000190734863,4.800000190734863,24504,0.0,0.0
2023-03-17 00:00:00+05:30,4.75,4.849999904632568,4.599999904632568,4.650000095367432,21306,0.0,0.0
2023-03-20 00:00:00+05:30,4.650000095367432,4.75,4.5,4.5,19104,0.0,0.0
2023-03-21 00:00:00+05:30,4.449999809265137,4.699999809265137,4.400000095367432,4.699999809265137,34729,0.0,0.0
2023-03-22 00:00:00+05:30,4.5,4.75,4.5,4.599999904632568,15954,0.0,0.0
2023-03-23 00:00:00+05:30,4.599999904632568,4.75,4.400000095367432,4.400000095367432,62212,0.0,0.0
2023-03-24 00:00:00+05:30,4.349999904632568,4.449999809265137,4.199999809265137,4.25,55947,0.0,0.0
2023-03-27 00:00:00+05:30,4.449999809265137,4.449999809265137,4.050000190734863,4.099999904632568,67652,0.0,0.0
2023-03-28 00:00:00+05:30,4.050000190734863,4.050000190734863,3.9000000953674316,3.9000000953674316,42663,0.0,0.0
2023-03-29 00:00:00+05:30,4.050000190734863,4.050000190734863,3.700000047683716,3.700000047683716,79696,0.0,0.0
2023-03-31 00:00:00+05:30,3.549999952316284,3.799999952316284,3.549999952316284,3.549999952316284,71145,0.0,0.0
2023-04-03 00:00:00+05:30,3.700000047683716,3.700000047683716,3.549999952316284,3.700000047683716,25089,0.0,0.0
2023-04-05 00:00:00+05:30,3.8499999046325684,3.8499999046325684,3.8499999046325684,3.8499999046325684,11273,0.0,0.0
2023-04-06 00:00:00+05:30,4.0,4.0,3.8499999046325684,4.0,26029,0.0,0.0
2023-04-10 00:00:00+05:30,4.199999809265137,4.199999809265137,4.099999904632568,4.099999904632568,33295,0.0,0.0
2023-04-11 00:00:00+05:30,4.199999809265137,4.300000190734863,4.099999904632568,4.25,20138,0.0,0.0
2023-04-12 00:00:00+05:30,4.400000095367432,4.449999809265137,4.349999904632568,4.400000095367432,33247,0.0,0.0
2023-04-13 00:00:00+05:30,4.550000190734863,4.550000190734863,4.199999809265137,4.449999809265137,19328,0.0,0.0
2023-04-17 00:00:00+05:30,4.550000190734863,4.550000190734863,4.25,4.5,31415,0.0,0.0
2023-04-18 00:00:00+05:30,4.5,4.699999809265137,4.400000095367432,4.550000190734863,15166,0.0,0.0
2023-04-19 00:00:00+05:30,4.599999904632568,4.599999904632568,4.400000095367432,4.449999809265137,14797,0.0,0.0
2023-04-20 00:00:00+05:30,4.449999809265137,4.550000190734863,4.300000190734863,4.349999904632568,18029,0.0,0.0
2023-04-21 00:00:00+05:30,4.449999809265137,4.5,4.199999809265137,4.400000095367432,9820,0.0,0.0
2023-04-24 00:00:00+05:30,4.449999809265137,4.550000190734863,4.300000190734863,4.300000190734863,14612,0.0,0.0
2023-04-25 00:00:00+05:30,4.449999809265137,4.5,4.25,4.449999809265137,11534,0.0,0.0
2023-04-26 00:00:00+05:30,4.550000190734863,4.550000190734863,4.25,4.300000190734863,26566,0.0,0.0
2023-04-27 00:00:00+05:30,4.400000095367432,4.449999809265137,4.150000095367432,4.300000190734863,17818,0.0,0.0
2023-04-28 00:00:00+05:30,4.300000190734863,4.5,4.150000095367432,4.5,44679,0.0,0.0
2023-05-02 00:00:00+05:30,4.699999809265137,4.699999809265137,4.349999904632568,4.599999904632568,19222,0.0,0.0
2023-05-03 00:00:00+05:30,4.699999809265137,4.699999809265137,4.400000095367432,4.699999809265137,42908,0.0,0.0
2023-05-04 00:00:00+05:30,4.699999809265137,4.800000190734863,4.550000190734863,4.75,20327,0.0,0.0
2023-05-05 00:00:00+05:30,4.75,4.800000190734863,4.599999904632568,4.699999809265137,4058,0.0,0.0
2023-05-08 00:00:00+05:30,4.849999904632568,4.849999904632568,4.599999904632568,4.650000095367432,14115,0.0,0.0
2023-05-09 00:00:00+05:30,4.650000095367432,4.75,4.5,4.699999809265137,40076,0.0,0.0
2023-05-10 00:00:00+05:30,4.699999809265137,4.75,4.5,4.599999904632568,10870,0.0,0.0
2023-05-11 00:00:00+05:30,4.699999809265137,4.699999809265137,4.550000190734863,4.550000190734863,19302,0.0,0.0
2023-05-12 00:00:00+05:30,4.599999904632568,4.699999809265137,4.599999904632568,4.650000095367432,7130,0.0,0.0
2023-05-15 00:00:00+05:30,4.75,4.75,4.5,4.650000095367432,23718,0.0,0.0
2023-05-16 00:00:00+05:30,4.650000095367432,4.75,4.550000190734863,4.699999809265137,5638,0.0,0.0
2023-05-17 00:00:00+05:30,4.75,4.75,4.5,4.5,74639,0.0,0.0
2023-05-18 00:00:00+05:30,4.599999904632568,4.650000095367432,4.5,4.599999904632568,8192,0.0,0.0
2023-05-19 00:00:00+05:30,4.699999809265137,4.699999809265137,4.5,4.550000190734863,31392,0.0,0.0
2023-05-22 00:00:00+05:30,4.650000095367432,4.650000095367432,4.349999904632568,4.550000190734863,30750,0.0,0.0
2023-05-23 00:00:00+05:30,4.550000190734863,4.550000190734863,4.349999904632568,4.449999809265137,12040,0.0,0.0
2023-05-24 00:00:00+05:30,4.449999809265137,4.650000095367432,4.400000095367432,4.400000095367432,24389,0.0,0.0
2023-05-25 00:00:00+05:30,4.449999809265137,4.550000190734863,4.349999904632568,4.349999904632568,32083,0.0,0.0
2023-05-26 00:00:00+05:30,4.400000095367432,4.5,4.300000190734863,4.400000095367432,39415,0.0,0.0
2023-05-29 00:00:00+05:30,4.550000190734863,4.550000190734863,4.300000190734863,4.400000095367432,8990,0.0,0.0
2023-05-30 00:00:00+05:30,4.25,4.400000095367432,4.199999809265137,4.25,30120,0.0,0.0
2023-05-31 00:00:00+05:30,4.150000095367432,4.300000190734863,4.150000095367432,4.25,9515,0.0,0.0
2023-06-01 00:00:00+05:30,4.25,4.25,4.099999904632568,4.199999809265137,27412,0.0,0.0
2023-06-02 00:00:00+05:30,4.349999904632568,4.349999904632568,4.199999809265137,4.199999809265137,4734,0.0,0.0
2023-06-05 00:00:00+05:30,4.150000095367432,4.349999904632568,4.099999904632568,4.199999809265137,19964,0.0,0.0
2023-06-06 00:00:00+05:30,4.300000190734863,4.349999904632568,4.300000190734863,4.300000190734863,9279,0.0,0.0
2023-06-07 00:00:00+05:30,4.300000190734863,4.5,4.25,4.449999809265137,19603,0.0,0.0
2023-06-08 00:00:00+05:30,4.449999809265137,4.5,4.300000190734863,4.349999904632568,16705,0.0,0.0
2023-06-09 00:00:00+05:30,4.300000190734863,4.449999809265137,4.25,4.349999904632568,24897,0.0,0.0
2023-06-12 00:00:00+05:30,4.300000190734863,4.5,4.25,4.400000095367432,37750,0.0,0.0
2023-06-13 00:00:00+05:30,4.400000095367432,4.400000095367432,4.300000190734863,4.349999904632568,12474,0.0,0.0
2023-06-14 00:00:00+05:30,4.349999904632568,4.449999809265137,4.25,4.400000095367432,20160,0.0,0.0
2023-06-15 00:00:00+05:30,4.400000095367432,4.400000095367432,4.300000190734863,4.300000190734863,22109,0.0,0.0
2023-06-16 00:00:00+05:30,4.300000190734863,4.349999904632568,4.199999809265137,4.300000190734863,14715,0.0,0.0
2023-06-19 00:00:00+05:30,4.349999904632568,4.349999904632568,4.25,4.25,9688,0.0,0.0
2023-06-20 00:00:00+05:30,4.300000190734863,4.300000190734863,4.150000095367432,4.25,27583,0.0,0.0
2023-06-21 00:00:00+05:30,4.25,4.25,4.150000095367432,4.150000095367432,9923,0.0,0.0
2023-06-22 00:00:00+05:30,4.150000095367432,4.25,4.150000095367432,4.25,25957,0.0,0.0
2023-06-23 00:00:00+05:30,4.199999809265137,4.25,4.150000095367432,4.25,16850,0.0,0.0
2023-06-26 00:00:00+05:30,4.25,4.25,4.099999904632568,4.150000095367432,27938,0.0,0.0
2023-06-27 00:00:00+05:30,4.150000095367432,4.199999809265137,4.099999904632568,4.099999904632568,9039,0.0,0.0
2023-06-30 00:00:00+05:30,4.099999904632568,4.150000095367432,4.0,4.099999904632568,10792,0.0,0.0
2023-07-03 00:00:00+05:30,4.099999904632568,4.099999904632568,4.0,4.050000190734863,45141,0.0,0.0
2023-07-04 00:00:00+05:30,4.0,4.150000095367432,4.0,4.150000095367432,39124,0.0,0.0
2023-07-05 00:00:00+05:30,4.349999904632568,4.349999904632568,4.0,4.050000190734863,37353,0.0,0.0
2023-07-06 00:00:00+05:30,4.050000190734863,4.199999809265137,4.0,4.199999809265137,28098,0.0,0.0
2023-07-07 00:00:00+05:30,4.099999904632568,4.150000095367432,4.050000190734863,4.050000190734863,33094,0.0,0.0
2023-07-10 00:00:00+05:30,4.199999809265137,4.199999809265137,3.950000047683716,4.050000190734863,28893,0.0,0.0
2023-07-11 00:00:00+05:30,4.050000190734863,4.199999809265137,4.0,4.099999904632568,9543,0.0,0.0
2023-07-12 00:00:00+05:30,4.050000190734863,4.150000095367432,3.950000047683716,4.050000190734863,80657,0.0,0.0
2023-07-13 00:00:00+05:30,4.050000190734863,4.099999904632568,3.950000047683716,4.050000190734863,75161,0.0,0.0
2023-07-14 00:00:00+05:30,4.150000095367432,4.150000095367432,3.950000047683716,3.950000047683716,6191,0.0,0.0
2023-07-17 00:00:00+05:30,3.9000000953674316,4.099999904632568,3.9000000953674316,3.950000047683716,45076,0.0,0.0
2023-07-18 00:00:00+05:30,4.0,4.099999904632568,3.75,3.9000000953674316,115645,0.0,0.0
2023-07-19 00:00:00+05:30,3.950000047683716,3.950000047683716,3.700000047683716,3.700000047683716,132891,0.0,0.0
2023-07-20 00:00:00+05:30,3.5999999046325684,3.799999952316284,3.549999952316284,3.75,35701,0.0,0.0
2023-07-21 00:00:00+05:30,3.799999952316284,3.9000000953674316,3.75,3.8499999046325684,41344,0.0,0.0
2023-07-24 00:00:00+05:30,3.9000000953674316,3.9000000953674316,3.75,3.799999952316284,49874,0.0,0.0
2023-07-25 00:00:00+05:30,3.8499999046325684,3.8499999046325684,3.75,3.75,8146,0.0,0.0
2023-07-26 00:00:00+05:30,3.75,3.9000000953674316,3.6500000953674316,3.9000000953674316,53853,0.0,0.0
2023-07-27 00:00:00+05:30,4.0,4.050000190734863,4.0,4.050000190734863,26441,0.0,0.0
2023-07-28 00:00:00+05:30,4.050000190734863,4.25,4.050000190734863,4.150000095367432,41986,0.0,0.0
2023-07-31 00:00:00+05:30,4.050000190734863,4.300000190734863,4.0,4.050000190734863,19500,0.0,0.0
2023-08-01 00:00:00+05:30,4.099999904632568,4.099999904632568,3.8499999046325684,3.9000000953674316,56103,0.0,0.0
2023-08-02 00:00:00+05:30,3.9000000953674316,3.950000047683716,3.700000047683716,3.9000000953674316,17785,0.0,0.0
2023-08-03 00:00:00+05:30,3.950000047683716,4.050000190734863,3.75,3.9000000953674316,29656,0.0,0.0
2023-08-04 00:00:00+05:30,4.050000190734863,4.050000190734863,3.9000000953674316,4.0,21900,0.0,0.0
2023-08-07 00:00:00+05:30,4.150000095367432,4.199999809265137,4.0,4.199999809265137,44492,0.0,0.0
2023-08-08 00:00:00+05:30,4.199999809265137,4.199999809265137,4.0,4.099999904632568,32952,0.0,0.0
2023-08-09 00:00:00+05:30,4.0,4.25,3.9000000953674316,4.050000190734863,69863,0.0,0.0
2023-08-10 00:00:00+05:30,4.199999809265137,4.25,4.0,4.25,39917,0.0,0.0
2023-08-11 00:00:00+05:30,4.300000190734863,4.449999809265137,4.050000190734863,4.300000190734863,88220,0.0,0.0
2023-08-14 00:00:00+05:30,4.25,4.300000190734863,4.099999904632568,4.25,16137,0.0,0.0
2023-08-16 00:00:00+05:30,4.25,4.449999809265137,4.050000190734863,4.150000095367432,59118,0.0,0.0
2023-08-17 00:00:00+05:30,4.199999809265137,4.300000190734863,4.050000190734863,4.099999904632568,9039,0.0,0.0
2023-08-18 00:00:00+05:30,4.150000095367432,4.25,4.050000190734863,4.150000095367432,15078,0.0,0.0
2023-08-21 00:00:00+05:30,4.300000190734863,4.300000190734863,4.050000190734863,4.150000095367432,24631,0.0,0.0
2023-08-22 00:00:00+05:30,4.150000095367432,4.25,4.050000190734863,4.199999809265137,22874,0.0,0.0
2023-08-23 00:00:00+05:30,4.199999809265137,4.25,4.099999904632568,4.199999809265137,7576,0.0,0.0
2023-08-24 00:00:00+05:30,4.150000095367432,4.25,4.099999904632568,4.199999809265137,16769,0.0,0.0
2023-08-25 00:00:00+05:30,4.150000095367432,4.25,4.099999904632568,4.150000095367432,14067,0.0,0.0
2023-08-28 00:00:00+05:30,4.199999809265137,4.25,4.099999904632568,4.099999904632568,23224,0.0,0.0
2023-08-29 00:00:00+05:30,4.199999809265137,4.300000190734863,4.050000190734863,4.099999904632568,24034,0.0,0.0
2023-08-30 00:00:00+05:30,4.300000190734863,4.300000190734863,4.099999904632568,4.300000190734863,48041,0.0,0.0
2023-08-31 00:00:00+05:30,4.300000190734863,4.449999809265137,4.150000095367432,4.199999809265137,37588,0.0,0.0
2023-09-01 00:00:00+05:30,4.300000190734863,4.400000095367432,4.150000095367432,4.349999904632568,71819,0.0,0.0
2023-09-04 00:00:00+05:30,4.449999809265137,4.550000190734863,4.400000095367432,4.550000190734863,54944,0.0,0.0
2023-09-05 00:00:00+05:30,4.650000095367432,4.75,4.650000095367432,4.75,26270,0.0,0.0
2023-09-06 00:00:00+05:30,4.949999809265137,4.949999809265137,4.949999809265137,4.949999809265137,28699,0.0,0.0
2023-09-07 00:00:00+05:30,5.050000190734863,5.150000095367432,5.0,5.150000095367432,29873,0.0,0.0
2023-09-08 00:00:00+05:30,5.400000095367432,5.400000095367432,5.25,5.400000095367432,69818,0.0,0.0
2023-09-11 00:00:00+05:30,5.650000095367432,5.650000095367432,5.400000095367432,5.650000095367432,89470,0.0,0.0
2023-09-12 00:00:00+05:30,5.900000095367432,5.900000095367432,5.400000095367432,5.449999809265137,233478,0.0,0.0
2023-09-13 00:00:00+05:30,5.599999904632568,5.599999904632568,5.199999809265137,5.199999809265137,72767,0.0,0.0
2023-09-14 00:00:00+05:30,5.0,5.199999809265137,4.949999809265137,5.0,58201,0.0,0.0
2023-09-15 00:00:00+05:30,5.0,5.25,4.900000095367432,5.25,71045,0.0,0.0
2023-09-18 00:00:00+05:30,5.400000095367432,5.449999809265137,5.199999809265137,5.25,38813,0.0,0.0
2023-09-20 00:00:00+05:30,5.25,5.349999904632568,5.050000190734863,5.199999809265137,28708,0.0,0.0
2023-09-21 00:00:00+05:30,5.199999809265137,5.199999809265137,5.050000190734863,5.099999904632568,28901,0.0,0.0
2023-09-22 00:00:00+05:30,5.099999904632568,5.199999809265137,5.0,5.150000095367432,19851,0.0,0.0
2023-09-25 00:00:00+05:30,5.25,5.25,5.150000095367432,5.199999809265137,26845,0.0,0.0
2023-09-26 00:00:00+05:30,5.25,5.300000190734863,5.199999809265137,5.199999809265137,17162,0.0,0.0
2023-09-27 00:00:00+05:30,5.349999904632568,5.349999904632568,5.150000095367432,5.150000095367432,8413,0.0,0.0
2023-09-28 00:00:00+05:30,5.099999904632568,5.349999904632568,5.099999904632568,5.150000095367432,8224,0.0,0.0
2023-09-29 00:00:00+05:30,5.099999904632568,5.349999904632568,5.099999904632568,5.199999809265137,8526,0.0,0.0
2023-10-03 00:00:00+05:30,5.199999809265137,5.300000190734863,5.099999904632568,5.150000095367432,17035,0.0,0.0
2023-10-04 00:00:00+05:30,5.150000095367432,5.199999809265137,4.900000095367432,4.900000095367432,75080,0.0,0.0
2023-10-05 00:00:00+05:30,4.900000095367432,5.050000190734863,4.650000095367432,4.650000095367432,148592,0.0,0.0
2023-10-06 00:00:00+05:30,4.650000095367432,4.650000095367432,4.449999809265137,4.449999809265137,89873,0.0,0.0
2023-10-09 00:00:00+05:30,4.25,4.25,4.25,4.25,95984,0.0,0.0
2023-10-10 00:00:00+05:30,4.25,4.25,4.050000190734863,4.050000190734863,82115,0.0,0.0
2023-10-11 00:00:00+05:30,3.950000047683716,4.25,3.8499999046325684,3.9000000953674316,337885,0.0,0.0
2023-10-12 00:00:00+05:30,4.050000190734863,4.050000190734863,3.950000047683716,4.050000190734863,15513,0.0,0.0
2023-10-13 00:00:00+05:30,4.050000190734863,4.25,4.050000190734863,4.25,119817,0.0,0.0
2023-10-16 00:00:00+05:30,4.400000095367432,4.449999809265137,4.050000190734863,4.050000190734863,126828,0.0,0.0
2023-10-17 00:00:00+05:30,4.050000190734863,4.199999809265137,3.8499999046325684,4.0,340512,0.0,0.0
2023-10-18 00:00:00+05:30,4.050000190734863,4.099999904632568,3.9000000953674316,4.050000190734863,29956,0.0,0.0
2023-10-19 00:00:00+05:30,4.050000190734863,4.050000190734863,3.8499999046325684,3.8499999046325684,227422,0.0,0.0
2023-10-20 00:00:00+05:30,3.8499999046325684,4.0,3.6500000953674316,3.6500000953674316,251224,0.0,0.0
2023-10-23 00:00:00+05:30,3.6500000953674316,3.799999952316284,3.6500000953674316,3.799999952316284,61461,0.0,0.0
2023-10-25 00:00:00+05:30,3.9000000953674316,3.9000000953674316,3.6500000953674316,3.6500000953674316,63219,0.0,0.0
2023-10-26 00:00:00+05:30,3.6500000953674316,3.6500000953674316,3.5,3.5,69548,0.0,0.0
2023-10-27 00:00:00+05:30,3.549999952316284,3.5999999046325684,3.3499999046325684,3.3499999046325684,164678,0.0,0.0
2023-10-30 00:00:00+05:30,3.4000000953674316,3.5,3.200000047683716,3.5,44293,0.0,0.0
2023-10-31 00:00:00+05:30,3.5,3.5999999046325684,3.3499999046325684,3.3499999046325684,110954,0.0,0.0
2023-11-01 00:00:00+05:30,3.4000000953674316,3.450000047683716,3.200000047683716,3.200000047683716,99039,0.0,0.0
