Date,Open,High,Low,Close,Volume,Dividends,Stock Splits
2006-06-27 00:00:00+05:30,82.36107609313486,84.18068272394864,77.57264143655725,80.30204772949219,15400,0.0,0.0
2006-06-28 00:00:00+05:30,77.6684082767185,86.00028892109148,77.6684082767185,80.92454528808594,5200,0.0,0.0
2006-06-29 00:00:00+05:30,82.4568369300154,86.19181713379398,81.40338284858319,81.59491729736328,8300,0.0,0.0
2006-06-30 00:00:00+05:30,82.36107720514465,85.13837080477198,81.59492472711935,82.6962661743164,6200,0.0,0.0
2006-07-03 00:00:00+05:30,83.03145383396323,83.70183906830532,81.40338897705078,81.40338897705078,4100,0.0,0.0
2006-07-04 00:00:00+05:30,86.19182264948466,86.19182264948466,79.4880142211914,79.4880142211914,6200,0.0,0.0
2006-07-05 00:00:00+05:30,78.5303286180425,82.36107635550799,76.18399855147348,77.14168548583984,10300,0.0,0.0
2006-07-06 00:00:00+05:30,76.61495474930976,79.00917208522569,75.1784243477602,77.14168548583984,5000,0.0,0.0
2006-07-07 00:00:00+05:30,77.52475396295968,79.39224785804393,75.7530346060116,76.18399810791016,9700,0.0,0.0
2006-07-10 00:00:00+05:30,80.44570028208193,80.44570028208193,72.54478329009174,72.83209228515625,11100,0.0,0.0
2006-07-11 00:00:00+05:30,72.35324798299966,79.44012517476122,70.91671763765808,74.55592346191406,31000,0.0,0.0
2006-07-12 00:00:00+05:30,74.69957810540741,75.32207605093338,71.92228463761008,73.45458221435547,13800,0.0,0.0
2006-07-13 00:00:00+05:30,74.60380746915101,80.30204133402754,73.74188783829828,76.8543701171875,30200,0.0,0.0
2006-07-14 00:00:00+05:30,76.5191839906237,77.38110365314417,75.70515159524314,76.2797622680664,19400,0.0,0.0
2006-07-17 00:00:00+05:30,74.26862525086851,78.24302021363445,73.26305103946297,73.83766174316406,32300,0.0,0.0
2006-07-18 00:00:00+05:30,72.78420710143457,74.69958097252496,70.82094596093833,71.29978942871094,13200,0.0,0.0
2006-07-19 00:00:00+05:30,72.4490165548001,72.54478378495111,68.09153817050124,69.52806854248047,33200,0.0,0.0
2006-07-20 00:00:00+05:30,72.25747323577757,72.30536050311008,68.95345637382684,69.33653259277344,55300,0.0,0.0
2006-07-21 00:00:00+05:30,68.95345563679348,69.81537529356761,66.55923842718259,67.9000015258789,41500,0.0,0.0
2006-07-24 00:00:00+05:30,70.5,70.5,61.599998474121094,66.4000015258789,31500,3.0,0.0
2006-07-25 00:00:00+05:30,68.0,70.05000305175781,66.5,66.94999694824219,19800,0.0,0.0
2006-07-26 00:00:00+05:30,69.0,70.0,66.5999984741211,69.3499984741211,26000,0.0,0.0
2006-07-27 00:00:00+05:30,70.3499984741211,73.4000015258789,69.44999694824219,70.25,35600,0.0,0.0
2006-07-28 00:00:00+05:30,70.69999694824219,75.80000305175781,70.1500015258789,71.55000305175781,75400,0.0,0.0
2006-07-31 00:00:00+05:30,72.5999984741211,75.5,72.1500015258789,73.4000015258789,66700,0.0,0.0
2006-08-01 00:00:00+05:30,72.0999984741211,73.5,71.0,71.9000015258789,23600,0.0,0.0
2006-08-02 00:00:00+05:30,71.0999984741211,73.0,71.0999984741211,72.55000305175781,22600,0.0,0.0
2006-08-03 00:00:00+05:30,72.55000305175781,72.55000305175781,72.55000305175781,72.55000305175781,0,0.0,0.0
2006-08-04 00:00:00+05:30,73.9000015258789,87.5999984741211,73.9000015258789,82.5,203100,0.0,0.0
2006-08-07 00:00:00+05:30,81.5,85.4000015258789,81.4000015258789,82.1500015258789,92400,0.0,0.0
2006-08-08 00:00:00+05:30,83.5,85.3499984741211,82.30000305175781,83.30000305175781,116800,0.0,0.0
2006-08-09 00:00:00+05:30,83.0999984741211,92.4000015258789,83.0999984741211,89.30000305175781,433500,0.0,0.0
2006-08-10 00:00:00+05:30,90.0,93.9000015258789,89.19999694824219,91.44999694824219,248300,0.0,0.0
2006-08-11 00:00:00+05:30,92.4000015258789,92.8499984741211,88.5,89.4000015258789,76500,0.0,0.0
2006-08-14 00:00:00+05:30,88.25,90.75,85.75,86.6500015258789,50700,0.0,0.0
2006-08-16 00:00:00+05:30,87.0,87.0,74.25,74.80000305175781,347900,0.0,0.0
2006-08-17 00:00:00+05:30,75.9000015258789,77.0,73.0,74.5,156800,0.0,0.0
2006-08-18 00:00:00+05:30,75.0999984741211,80.0999984741211,74.05000305175781,78.30000305175781,338800,0.0,0.0
2006-08-21 00:00:00+05:30,80.0,81.5,77.0,79.94999694824219,182300,0.0,0.0
2006-08-22 00:00:00+05:30,80.30000305175781,81.55000305175781,78.0,78.75,100100,0.0,0.0
2006-08-23 00:00:00+05:30,79.0,80.6500015258789,77.5,78.0,61900,0.0,0.0
2006-08-24 00:00:00+05:30,77.3499984741211,78.5,77.1500015258789,77.80000305175781,49900,0.0,0.0
2006-08-25 00:00:00+05:30,78.0,80.80000305175781,78.0,78.4000015258789,62100,0.0,0.0
2006-08-28 00:00:00+05:30,77.5999984741211,78.94999694824219,76.55000305175781,77.0999984741211,30900,0.0,0.0
2006-08-29 00:00:00+05:30,77.1500015258789,78.75,75.80000305175781,76.4000015258789,81200,0.0,0.0
2006-08-30 00:00:00+05:30,77.9000015258789,77.9000015258789,74.0,75.44999694824219,37100,0.0,0.0
2006-08-31 00:00:00+05:30,76.30000305175781,76.80000305175781,73.25,73.55000305175781,34700,0.0,0.0
2006-09-01 00:00:00+05:30,73.30000305175781,76.05000305175781,72.0,75.5,104600,0.0,0.0
2006-09-04 00:00:00+05:30,77.0,77.0,75.4000015258789,75.80000305175781,43400,0.0,0.0
2006-09-05 00:00:00+05:30,75.4000015258789,76.69999694824219,74.0999984741211,74.25,47700,0.0,0.0
2006-09-06 00:00:00+05:30,77.0,78.0,73.69999694824219,74.55000305175781,47200,0.0,0.0
2006-09-07 00:00:00+05:30,73.0999984741211,76.0,73.0999984741211,74.75,35200,0.0,0.0
2006-09-08 00:00:00+05:30,74.69999694824219,77.5,74.69999694824219,76.05000305175781,66400,0.0,0.0
2006-09-11 00:00:00+05:30,76.0,78.44999694824219,72.55000305175781,73.80000305175781,65300,0.0,0.0
2006-09-12 00:00:00+05:30,72.9000015258789,74.0,71.1500015258789,71.94999694824219,39100,0.0,0.0
2006-09-13 00:00:00+05:30,73.5,75.9000015258789,72.55000305175781,73.80000305175781,94700,0.0,0.0
2006-09-14 00:00:00+05:30,74.05000305175781,75.4000015258789,71.9000015258789,72.19999694824219,33800,0.0,0.0
2006-09-15 00:00:00+05:30,74.5,74.5,71.69999694824219,72.0999984741211,39500,0.0,0.0
2006-09-18 00:00:00+05:30,66.0999984741211,74.44999694824219,66.0999984741211,72.30000305175781,46600,0.0,0.0
2006-09-19 00:00:00+05:30,72.5,74.0,71.0999984741211,71.8499984741211,50000,0.0,0.0
2006-09-20 00:00:00+05:30,72.6500015258789,72.6500015258789,71.1500015258789,71.4000015258789,17800,0.0,0.0
2006-09-21 00:00:00+05:30,72.44999694824219,72.44999694824219,70.19999694824219,70.94999694824219,37600,0.0,0.0
2006-09-22 00:00:00+05:30,71.55000305175781,72.5,70.5,70.6500015258789,24000,0.0,0.0
2006-09-25 00:00:00+05:30,70.0999984741211,71.3499984741211,69.05000305175781,69.19999694824219,17900,0.0,0.0
2006-09-26 00:00:00+05:30,71.9000015258789,71.9000015258789,69.05000305175781,69.4000015258789,25200,0.0,0.0
2006-09-27 00:00:00+05:30,70.0999984741211,70.6500015258789,69.0,69.44999694824219,14100,0.0,0.0
2006-09-28 00:00:00+05:30,74.3499984741211,81.4000015258789,69.94999694824219,79.5,365200,0.0,0.0
2006-09-29 00:00:00+05:30,81.0,81.55000305175781,76.05000305175781,76.9000015258789,201100,0.0,0.0
2006-10-03 00:00:00+05:30,78.0,78.19999694824219,74.19999694824219,74.5999984741211,84200,0.0,0.0
2006-10-04 00:00:00+05:30,75.0,78.6500015258789,73.5999984741211,75.9000015258789,155300,0.0,0.0
2006-10-05 00:00:00+05:30,75.30000305175781,78.0,74.5,75.69999694824219,82300,0.0,0.0
2006-10-06 00:00:00+05:30,76.0999984741211,77.5,75.19999694824219,75.69999694824219,77300,0.0,0.0
2006-10-09 00:00:00+05:30,75.05000305175781,77.30000305175781,74.80000305175781,75.05000305175781,59500,0.0,0.0
2006-10-10 00:00:00+05:30,75.19999694824219,77.9000015258789,75.19999694824219,75.5,56100,0.0,0.0
2006-10-11 00:00:00+05:30,75.5,78.0,75.25,75.55000305175781,42500,0.0,0.0
2006-10-12 00:00:00+05:30,75.5999984741211,76.80000305175781,75.05000305175781,76.05000305175781,30400,0.0,0.0
2006-10-13 00:00:00+05:30,76.5,77.5,75.25,76.1500015258789,41200,0.0,0.0
2006-10-16 00:00:00+05:30,90.0,90.0,74.75,75.0999984741211,31100,0.0,0.0
2006-10-17 00:00:00+05:30,75.9000015258789,76.9000015258789,74.5,74.9000015258789,29000,0.0,0.0
2006-10-18 00:00:00+05:30,74.30000305175781,89.0,74.30000305175781,82.4000015258789,282300,0.0,0.0
2006-10-19 00:00:00+05:30,83.0999984741211,90.0,83.0999984741211,84.0999984741211,232900,0.0,0.0
2006-10-20 00:00:00+05:30,83.5,87.25,83.1500015258789,83.4000015258789,115100,0.0,0.0
2006-10-23 00:00:00+05:30,83.0,87.0,81.5,86.05000305175781,107400,0.0,0.0
2006-10-26 00:00:00+05:30,86.0,86.44999694824219,82.5,83.05000305175781,55400,0.0,0.0
2006-10-27 00:00:00+05:30,84.8499984741211,85.4000015258789,81.5,82.05000305175781,95900,0.0,0.0
2006-10-30 00:00:00+05:30,82.0,83.4000015258789,78.0,80.5999984741211,40700,0.0,0.0
2006-10-31 00:00:00+05:30,82.0,82.0,77.5,78.19999694824219,36000,0.0,0.0
2006-11-01 00:00:00+05:30,79.30000305175781,82.0,77.5999984741211,79.44999694824219,121000,0.0,0.0
2006-11-02 00:00:00+05:30,79.0,80.0999984741211,77.25,77.80000305175781,53000,0.0,0.0
2006-11-03 00:00:00+05:30,78.05000305175781,79.19999694824219,75.75,76.3499984741211,31600,0.0,0.0
2006-11-06 00:00:00+05:30,76.5999984741211,77.75,76.0999984741211,76.4000015258789,34100,0.0,0.0
2006-11-07 00:00:00+05:30,80.0,80.0,74.19999694824219,74.69999694824219,33800,0.0,0.0
2006-11-08 00:00:00+05:30,75.0999984741211,77.0,72.8499984741211,75.44999694824219,82700,0.0,0.0
2006-11-09 00:00:00+05:30,78.0,80.0,74.5,74.94999694824219,108800,0.0,0.0
2006-11-10 00:00:00+05:30,75.25,75.25,72.75,73.3499984741211,33200,0.0,0.0
2006-11-13 00:00:00+05:30,80.0,80.0,70.1500015258789,73.3499984741211,29800,0.0,0.0
2006-11-14 00:00:00+05:30,74.05000305175781,74.5,71.5,71.75,29700,0.0,0.0
2006-11-15 00:00:00+05:30,70.4000015258789,73.94999694824219,70.4000015258789,71.9000015258789,33300,0.0,0.0
2006-11-16 00:00:00+05:30,72.80000305175781,74.0,70.0999984741211,70.69999694824219,38500,0.0,0.0
2006-11-17 00:00:00+05:30,73.94999694824219,73.94999694824219,67.55000305175781,67.80000305175781,35200,0.0,0.0
2006-11-20 00:00:00+05:30,66.25,72.94999694824219,63.099998474121094,68.1500015258789,71200,0.0,0.0
2006-11-21 00:00:00+05:30,81.0,81.0,68.30000305175781,69.19999694824219,42700,0.0,0.0
2006-11-22 00:00:00+05:30,70.5999984741211,70.8499984741211,68.55000305175781,69.05000305175781,26100,0.0,0.0
2006-11-23 00:00:00+05:30,69.19999694824219,70.4000015258789,68.0,68.94999694824219,21800,0.0,0.0
2006-11-24 00:00:00+05:30,69.0,70.19999694824219,67.5,67.6500015258789,21600,0.0,0.0
2006-11-27 00:00:00+05:30,68.9000015258789,68.9000015258789,66.80000305175781,67.44999694824219,20700,0.0,0.0
2006-11-28 00:00:00+05:30,70.0,70.0,65.05000305175781,65.3499984741211,18800,0.0,0.0
2006-11-29 00:00:00+05:30,66.05000305175781,68.4000015258789,65.30000305175781,65.94999694824219,38800,0.0,0.0
2006-11-30 00:00:00+05:30,67.0,67.0,66.0,66.05000305175781,12400,0.0,0.0
2006-12-01 00:00:00+05:30,66.0,68.0,65.3499984741211,66.30000305175781,18300,0.0,0.0
2006-12-04 00:00:00+05:30,66.30000305175781,74.9000015258789,65.0,72.19999694824219,158400,0.0,0.0
2006-12-05 00:00:00+05:30,73.44999694824219,73.75,69.0999984741211,70.1500015258789,130100,0.0,0.0
2006-12-06 00:00:00+05:30,71.80000305175781,73.4000015258789,69.25,69.5999984741211,44700,0.0,0.0
2006-12-07 00:00:00+05:30,69.5,70.25,68.0,68.25,16200,0.0,0.0
2006-12-08 00:00:00+05:30,69.80000305175781,71.5,67.55000305175781,69.69999694824219,49400,0.0,0.0
2006-12-11 00:00:00+05:30,71.69999694824219,73.94999694824219,65.6500015258789,66.0999984741211,33900,0.0,0.0
2006-12-12 00:00:00+05:30,67.0,67.0,61.5,62.54999923706055,24200,0.0,0.0
2006-12-13 00:00:00+05:30,65.0,69.9000015258789,62.0,65.4000015258789,54600,0.0,0.0
2006-12-14 00:00:00+05:30,68.0,68.0,64.30000305175781,65.44999694824219,28100,0.0,0.0
2006-12-15 00:00:00+05:30,66.75,69.4000015258789,65.75,67.19999694824219,51600,0.0,0.0
2006-12-18 00:00:00+05:30,69.19999694824219,69.19999694824219,62.349998474121094,62.79999923706055,114400,0.0,0.0
2006-12-19 00:00:00+05:30,66.9000015258789,71.0,63.70000076293945,64.19999694824219,140300,0.0,0.0
2006-12-20 00:00:00+05:30,68.0,68.0,63.0,63.29999923706055,29300,0.0,0.0
2006-12-21 00:00:00+05:30,62.599998474121094,63.5,62.0,62.150001525878906,17300,0.0,0.0
2006-12-22 00:00:00+05:30,63.5,63.599998474121094,61.099998474121094,61.75,19400,0.0,0.0
2006-12-26 00:00:00+05:30,63.5,63.5,60.5,61.5,31500,0.0,0.0
2006-12-27 00:00:00+05:30,63.0,63.0,57.5,57.75,129900,0.0,0.0
2006-12-28 00:00:00+05:30,57.599998474121094,60.5,57.599998474121094,59.0,66500,0.0,0.0
2006-12-29 00:00:00+05:30,49.900001525878906,60.349998474121094,49.900001525878906,58.45000076293945,26300,0.0,0.0
2007-01-02 00:00:00+05:30,58.900001525878906,60.349998474121094,57.79999923706055,58.849998474121094,37400,0.0,0.0
2007-01-03 00:00:00+05:30,56.04999923706055,59.599998474121094,56.04999923706055,58.599998474121094,15400,0.0,0.0
2007-01-04 00:00:00+05:30,58.599998474121094,60.849998474121094,58.04999923706055,58.599998474121094,68100,0.0,0.0
2007-01-05 00:00:00+05:30,58.70000076293945,60.20000076293945,58.20000076293945,58.54999923706055,46000,0.0,0.0
2007-01-08 00:00:00+05:30,59.45000076293945,59.900001525878906,58.70000076293945,58.95000076293945,20100,0.0,0.0
2007-01-09 00:00:00+05:30,57.5,59.79999923706055,57.5,58.349998474121094,11500,0.0,0.0
2007-01-10 00:00:00+05:30,57.099998474121094,59.70000076293945,57.099998474121094,57.79999923706055,49000,0.0,0.0
2007-01-11 00:00:00+05:30,59.0,60.29999923706055,58.20000076293945,58.900001525878906,27900,0.0,0.0
2007-01-12 00:00:00+05:30,63.0,65.19999694824219,60.599998474121094,61.54999923706055,110200,0.0,0.0
2007-01-15 00:00:00+05:30,63.0,63.0,59.20000076293945,59.650001525878906,38900,0.0,0.0
2007-01-16 00:00:00+05:30,60.0,60.25,58.25,59.099998474121094,27000,0.0,0.0
2007-01-17 00:00:00+05:30,59.0,61.0,58.29999923706055,59.75,56000,0.0,0.0
2007-01-18 00:00:00+05:30,60.25,60.25,57.04999923706055,57.900001525878906,24600,0.0,0.0
2007-01-19 00:00:00+05:30,57.5,58.400001525878906,56.20000076293945,56.849998474121094,27700,0.0,0.0
2007-01-22 00:00:00+05:30,59.900001525878906,59.900001525878906,55.0,55.79999923706055,28900,0.0,0.0
2007-01-23 00:00:00+05:30,55.25,55.70000076293945,54.0,54.599998474121094,28100,0.0,0.0
2007-01-24 00:00:00+05:30,55.04999923706055,56.599998474121094,54.099998474121094,54.75,23900,0.0,0.0
2007-01-25 00:00:00+05:30,54.70000076293945,55.400001525878906,54.04999923706055,54.29999923706055,10800,0.0,0.0
2007-01-29 00:00:00+05:30,57.0,57.0,52.04999923706055,52.54999923706055,30600,0.0,0.0
2007-01-31 00:00:00+05:30,59.0,59.0,49.400001525878906,50.04999923706055,51800,0.0,0.0
2007-02-01 00:00:00+05:30,52.0,52.0,48.0,49.150001525878906,36000,0.0,0.0
2007-02-02 00:00:00+05:30,49.849998474121094,51.75,48.5,51.20000076293945,67000,0.0,0.0
2007-02-05 00:00:00+05:30,51.20000076293945,51.45000076293945,49.54999923706055,50.0,24800,0.0,0.0
2007-02-06 00:00:00+05:30,49.04999923706055,52.0,49.04999923706055,51.04999923706055,15800,0.0,0.0
2007-02-07 00:00:00+05:30,49.099998474121094,51.95000076293945,49.099998474121094,50.79999923706055,27000,0.0,0.0
2007-02-08 00:00:00+05:30,50.150001525878906,51.349998474121094,50.150001525878906,51.099998474121094,23700,0.0,0.0
2007-02-09 00:00:00+05:30,47.099998474121094,51.900001525878906,47.099998474121094,50.900001525878906,65700,0.0,0.0
2007-02-12 00:00:00+05:30,46.099998474121094,51.70000076293945,46.099998474121094,48.599998474121094,54700,0.0,0.0
2007-02-13 00:00:00+05:30,45.5,49.900001525878906,45.5,47.5,21800,0.0,0.0
2007-02-14 00:00:00+05:30,45.099998474121094,49.900001525878906,44.400001525878906,46.0,29000,0.0,0.0
2007-02-15 00:00:00+05:30,46.099998474121094,51.400001525878906,45.20000076293945,49.650001525878906,68600,0.0,0.0
2007-02-19 00:00:00+05:30,44.099998474121094,51.75,44.099998474121094,49.849998474121094,37100,0.0,0.0
2007-02-20 00:00:00+05:30,44.04999923706055,50.5,44.04999923706055,49.04999923706055,37900,0.0,0.0
2007-02-21 00:00:00+05:30,43.5,49.900001525878906,43.5,48.79999923706055,36000,0.0,0.0
2007-02-22 00:00:00+05:30,42.900001525878906,49.0,42.900001525878906,47.650001525878906,8700,0.0,0.0
2007-02-23 00:00:00+05:30,50.900001525878906,50.900001525878906,44.900001525878906,45.45000076293945,20000,0.0,0.0
2007-02-26 00:00:00+05:30,45.25,48.79999923706055,45.25,46.45000076293945,16700,0.0,0.0
2007-02-27 00:00:00+05:30,48.900001525878906,50.900001525878906,45.849998474121094,46.25,20400,0.0,0.0
2007-02-28 00:00:00+05:30,42.099998474121094,49.0,42.0,44.900001525878906,29400,0.0,0.0
2007-03-01 00:00:00+05:30,46.0,47.400001525878906,44.70000076293945,44.95000076293945,24100,0.0,0.0
2007-03-02 00:00:00+05:30,45.400001525878906,49.0,45.400001525878906,46.0,76000,0.0,0.0
2007-03-05 00:00:00+05:30,45.5,46.0,41.5,42.349998474121094,22100,0.0,0.0
2007-03-06 00:00:00+05:30,42.099998474121094,43.900001525878906,41.150001525878906,41.79999923706055,26600,0.0,0.0
2007-03-07 00:00:00+05:30,43.04999923706055,44.0,42.04999923706055,42.400001525878906,24700,0.0,0.0
2007-03-08 00:00:00+05:30,45.849998474121094,45.849998474121094,41.849998474121094,42.5,30200,0.0,0.0
2007-03-09 00:00:00+05:30,42.04999923706055,43.349998474121094,42.04999923706055,42.900001525878906,32800,0.0,0.0
2007-03-12 00:00:00+05:30,44.0,44.45000076293945,43.0,43.900001525878906,50300,0.0,0.0
2007-03-13 00:00:00+05:30,49.099998474121094,49.099998474121094,43.650001525878906,44.04999923706055,23900,0.0,0.0
2007-03-14 00:00:00+05:30,43.25,43.900001525878906,42.29999923706055,43.099998474121094,22500,0.0,0.0
2007-03-15 00:00:00+05:30,43.150001525878906,44.0,41.099998474121094,42.04999923706055,7800,0.0,0.0
2007-03-16 00:00:00+05:30,42.5,42.5,40.45000076293945,41.0,12000,0.0,0.0
2007-03-19 00:00:00+05:30,41.150001525878906,41.95000076293945,40.0,40.150001525878906,48600,0.0,0.0
2007-03-20 00:00:00+05:30,40.099998474121094,41.79999923706055,40.099998474121094,41.25,72000,0.0,0.0
2007-03-21 00:00:00+05:30,40.150001525878906,40.75,39.650001525878906,40.0,23200,0.0,0.0
2007-03-22 00:00:00+05:30,40.0,41.349998474121094,39.400001525878906,41.04999923706055,50900,0.0,0.0
2007-03-23 00:00:00+05:30,40.70000076293945,42.0,40.25,41.04999923706055,40500,0.0,0.0
2007-03-26 00:00:00+05:30,41.900001525878906,43.400001525878906,41.099998474121094,41.75,70400,0.0,0.0
2007-03-28 00:00:00+05:30,42.54999923706055,44.25,41.79999923706055,42.349998474121094,84900,0.0,0.0
2007-03-29 00:00:00+05:30,43.0,44.54999923706055,41.599998474121094,42.25,85200,0.0,0.0
2007-03-30 00:00:00+05:30,42.70000076293945,44.75,42.25,44.25,110000,0.0,0.0
2007-04-02 00:00:00+05:30,44.70000076293945,48.70000076293945,44.70000076293945,46.29999923706055,69300,0.0,0.0
2007-04-03 00:00:00+05:30,47.349998474121094,48.900001525878906,44.650001525878906,47.75,91200,0.0,0.0
2007-04-04 00:00:00+05:30,40.099998474121094,52.400001525878906,40.099998474121094,51.150001525878906,124900,0.0,0.0
2007-04-05 00:00:00+05:30,51.0,53.54999923706055,50.0,50.5,76600,0.0,0.0
2007-04-09 00:00:00+05:30,51.0,51.20000076293945,48.20000076293945,49.45000076293945,31800,0.0,0.0
2007-04-10 00:00:00+05:30,49.45000076293945,52.0,49.25,51.349998474121094,47800,0.0,0.0
2007-04-11 00:00:00+05:30,51.5,51.5,49.0,49.349998474121094,19700,0.0,0.0
2007-04-12 00:00:00+05:30,49.150001525878906,49.45000076293945,47.54999923706055,48.04999923706055,10300,0.0,0.0
2007-04-13 00:00:00+05:30,47.54999923706055,48.400001525878906,46.5,47.349998474121094,15100,0.0,0.0
2007-04-16 00:00:00+05:30,46.650001525878906,48.650001525878906,46.150001525878906,48.400001525878906,14600,0.0,0.0
2007-04-17 00:00:00+05:30,48.75,49.20000076293945,47.099998474121094,48.0,19400,0.0,0.0
2007-04-18 00:00:00+05:30,48.29999923706055,48.849998474121094,46.0,46.349998474121094,21000,0.0,0.0
2007-04-19 00:00:00+05:30,46.0,47.25,44.0,44.5,42400,0.0,0.0
2007-04-20 00:00:00+05:30,43.70000076293945,46.900001525878906,43.70000076293945,45.04999923706055,30500,0.0,0.0
2007-04-23 00:00:00+05:30,46.099998474121094,46.099998474121094,44.599998474121094,45.0,11500,0.0,0.0
2007-04-24 00:00:00+05:30,44.75,44.95000076293945,43.75,44.0,9100,0.0,0.0
2007-04-25 00:00:00+05:30,43.099998474121094,44.45000076293945,42.75,42.849998474121094,12300,0.0,0.0
2007-04-26 00:00:00+05:30,42.5,42.900001525878906,42.0,42.20000076293945,18800,0.0,0.0
2007-04-27 00:00:00+05:30,41.150001525878906,43.25,41.099998474121094,42.099998474121094,8000,0.0,0.0
2007-04-30 00:00:00+05:30,42.099998474121094,42.5,41.75,41.900001525878906,2800,0.0,0.0
2007-05-03 00:00:00+05:30,42.349998474121094,43.70000076293945,41.650001525878906,42.79999923706055,15900,0.0,0.0
2007-05-04 00:00:00+05:30,41.650001525878906,43.5,41.650001525878906,42.54999923706055,8700,0.0,0.0
2007-05-07 00:00:00+05:30,42.5,43.25,41.70000076293945,42.150001525878906,11800,0.0,0.0
2007-05-08 00:00:00+05:30,41.599998474121094,42.400001525878906,41.25,42.0,22100,0.0,0.0
2007-05-09 00:00:00+05:30,42.0,42.349998474121094,42.0,42.04999923706055,14900,0.0,0.0
2007-05-10 00:00:00+05:30,41.5,42.400001525878906,41.5,42.0,11800,0.0,0.0
2007-05-11 00:00:00+05:30,42.0,48.0,42.0,45.45000076293945,32900,0.0,0.0
2007-05-14 00:00:00+05:30,48.0,49.29999923706055,45.04999923706055,47.349998474121094,73200,0.0,0.0
2007-05-15 00:00:00+05:30,50.0,51.0,44.54999923706055,45.0,44600,0.0,0.0
2007-05-16 00:00:00+05:30,44.150001525878906,46.29999923706055,43.54999923706055,44.099998474121094,14600,0.0,0.0
2007-05-17 00:00:00+05:30,44.400001525878906,46.150001525878906,43.0,44.20000076293945,327600,0.0,0.0
2007-05-18 00:00:00+05:30,44.900001525878906,46.20000076293945,44.0,45.099998474121094,10800,0.0,0.0
2007-05-21 00:00:00+05:30,45.900001525878906,48.95000076293945,45.900001525878906,48.25,70800,0.0,0.0
2007-05-22 00:00:00+05:30,47.5,50.400001525878906,47.5,47.95000076293945,83900,0.0,0.0
2007-05-23 00:00:00+05:30,49.900001525878906,49.900001525878906,44.25,44.79999923706055,28700,0.0,0.0
2007-05-24 00:00:00+05:30,44.79999923706055,45.45000076293945,43.5,44.0,10400,0.0,0.0
2007-05-25 00:00:00+05:30,43.650001525878906,44.900001525878906,43.5,43.849998474121094,13400,0.0,0.0
2007-05-28 00:00:00+05:30,43.099998474121094,45.0,42.650001525878906,43.349998474121094,12300,0.0,0.0
2007-05-29 00:00:00+05:30,43.29999923706055,43.849998474121094,43.099998474121094,43.150001525878906,4900,0.0,0.0
2007-05-30 00:00:00+05:30,43.20000076293945,44.0,42.75,42.95000076293945,8700,0.0,0.0
2007-05-31 00:00:00+05:30,43.5,44.0,42.0,42.20000076293945,27500,0.0,0.0
2007-06-01 00:00:00+05:30,42.20000076293945,42.20000076293945,42.20000076293945,42.20000076293945,0,0.0,0.0
2007-06-04 00:00:00+05:30,44.0,44.20000076293945,42.0,42.04999923706055,12800,0.0,0.0
2007-06-05 00:00:00+05:30,41.95000076293945,43.900001525878906,41.95000076293945,42.04999923706055,19700,0.0,0.0
2007-06-06 00:00:00+05:30,42.04999923706055,43.0,41.29999923706055,41.54999923706055,7100,0.0,0.0
2007-06-07 00:00:00+05:30,42.79999923706055,42.79999923706055,40.599998474121094,40.849998474121094,8700,0.0,0.0
2007-06-08 00:00:00+05:30,41.900001525878906,43.0,41.29999923706055,41.95000076293945,20100,0.0,0.0
2007-06-11 00:00:00+05:30,42.0,42.900001525878906,41.0,41.25,9000,0.0,0.0
2007-06-12 00:00:00+05:30,41.5,42.04999923706055,40.650001525878906,41.0,9500,0.0,0.0
2007-06-13 00:00:00+05:30,40.5,42.349998474121094,40.20000076293945,41.650001525878906,12800,0.0,0.0
2007-06-14 00:00:00+05:30,41.5,41.75,41.099998474121094,41.099998474121094,15100,0.0,0.0
2007-06-15 00:00:00+05:30,41.04999923706055,41.45000076293945,40.5,40.650001525878906,4300,0.0,0.0
2007-06-18 00:00:00+05:30,41.849998474121094,41.849998474121094,39.70000076293945,40.0,9400,0.0,0.0
2007-06-19 00:00:00+05:30,40.25,40.25,38.0,39.0,6200,0.0,0.0
2007-06-20 00:00:00+05:30,39.0,40.849998474121094,39.0,39.599998474121094,6500,0.0,0.0
2007-06-21 00:00:00+05:30,39.25,40.79999923706055,39.25,40.349998474121094,14500,0.0,0.0
2007-06-22 00:00:00+05:30,41.849998474121094,41.849998474121094,32.400001525878906,39.349998474121094,21500,0.0,0.0
2007-06-25 00:00:00+05:30,39.79999923706055,39.79999923706055,39.0,39.099998474121094,6400,0.0,0.0
2007-06-26 00:00:00+05:30,39.400001525878906,39.70000076293945,39.04999923706055,39.349998474121094,1600,0.0,0.0
2007-06-27 00:00:00+05:30,39.04999923706055,39.849998474121094,38.95000076293945,39.0,3900,0.0,0.0
2007-06-28 00:00:00+05:30,39.900001525878906,40.849998474121094,39.599998474121094,40.099998474121094,17100,0.0,0.0
2007-06-29 00:00:00+05:30,39.70000076293945,46.0,39.70000076293945,44.0,100200,0.0,0.0
2007-07-02 00:00:00+05:30,43.0,44.0,36.0,41.79999923706055,30700,0.0,0.0
2007-07-03 00:00:00+05:30,42.04999923706055,42.400001525878906,41.0,41.20000076293945,15100,0.0,0.0
2007-07-04 00:00:00+05:30,41.099998474121094,43.75,41.099998474121094,42.04999923706055,24300,0.0,0.0
2007-07-05 00:00:00+05:30,42.849998474121094,42.849998474121094,41.150001525878906,41.70000076293945,3200,0.0,0.0
2007-07-06 00:00:00+05:30,41.79999923706055,42.75,41.150001525878906,42.099998474121094,23600,0.0,0.0
2007-07-09 00:00:00+05:30,42.099998474121094,43.20000076293945,41.0,42.849998474121094,26300,0.0,0.0
2007-07-10 00:00:00+05:30,42.95000076293945,43.75,41.400001525878906,42.25,11300,0.0,0.0
2007-07-11 00:00:00+05:30,41.04999923706055,42.099998474121094,40.5,41.099998474121094,11500,0.0,0.0
2007-07-12 00:00:00+05:30,41.400001525878906,43.79999923706055,41.29999923706055,41.54999923706055,21800,0.0,0.0
2007-07-13 00:00:00+05:30,41.650001525878906,41.95000076293945,41.04999923706055,41.54999923706055,7700,0.0,0.0
2007-07-16 00:00:00+05:30,41.900001525878906,41.900001525878906,40.599998474121094,40.75,6500,0.0,0.0
2007-07-17 00:00:00+05:30,42.20000076293945,42.20000076293945,40.29999923706055,40.349998474121094,10200,0.0,0.0
2007-07-18 00:00:00+05:30,40.04999923706055,41.5,39.599998474121094,39.95000076293945,22400,0.0,0.0
2007-07-19 00:00:00+05:30,39.099998474121094,41.70000076293945,38.25,40.400001525878906,7400,0.0,0.0
2007-07-20 00:00:00+05:30,39.5,40.25,39.400001525878906,39.54999923706055,6000,0.0,0.0
2007-07-23 00:00:00+05:30,39.95000076293945,41.45000076293945,39.0,39.45000076293945,7500,0.0,0.0
2007-07-24 00:00:00+05:30,39.0,39.70000076293945,38.650001525878906,39.04999923706055,3500,0.0,0.0
2007-07-25 00:00:00+05:30,38.0,39.349998474121094,37.79999923706055,37.900001525878906,10200,0.0,0.0
2007-07-26 00:00:00+05:30,37.150001525878906,40.900001525878906,37.150001525878906,39.79999923706055,8800,0.0,0.0
2007-07-27 00:00:00+05:30,40.400001525878906,41.0,38.75,39.04999923706055,28500,0.0,0.0
2007-07-30 00:00:00+05:30,38.75,39.25,37.650001525878906,38.650001525878906,14900,0.0,0.0
2007-07-31 00:00:00+05:30,38.0,39.45000076293945,38.0,39.099998474121094,9400,0.0,0.0
2007-08-01 00:00:00+05:30,38.25,39.150001525878906,37.04999923706055,37.099998474121094,4500,0.0,0.0
2007-08-02 00:00:00+05:30,38.0,38.0,36.04999923706055,36.54999923706055,6000,0.0,0.0
2007-08-03 00:00:00+05:30,37.95000076293945,38.0,36.5,36.849998474121094,5900,0.0,0.0
2007-08-06 00:00:00+05:30,35.75,36.25,35.04999923706055,35.5,7300,0.0,0.0
2007-08-07 00:00:00+05:30,36.0,36.0,34.5,34.599998474121094,11500,0.0,0.0
2007-08-08 00:00:00+05:30,34.599998474121094,35.20000076293945,34.0,34.25,15200,0.0,0.0
2007-08-09 00:00:00+05:30,34.95000076293945,35.5,34.25,34.79999923706055,9200,0.0,0.0
2007-08-10 00:00:00+05:30,35.400001525878906,35.400001525878906,33.400001525878906,33.54999923706055,7400,0.0,0.0
2007-08-13 00:00:00+05:30,34.25,34.25,32.54999923706055,33.20000076293945,15100,0.0,0.0
2007-08-14 00:00:00+05:30,32.349998474121094,34.900001525878906,32.349998474121094,33.29999923706055,8200,0.0,0.0
2007-08-16 00:00:00+05:30,33.04999923706055,33.650001525878906,31.799999237060547,33.349998474121094,18200,0.0,0.0
2007-08-17 00:00:00+05:30,32.5,33.25,30.5,32.5,13100,0.0,0.0
2007-08-20 00:00:00+05:30,31.600000381469727,32.95000076293945,30.549999237060547,31.700000762939453,5800,0.0,0.0
2007-08-21 00:00:00+05:30,32.75,32.900001525878906,29.049999237060547,29.549999237060547,14300,0.0,0.0
2007-08-22 00:00:00+05:30,30.350000381469727,30.350000381469727,28.75,29.700000762939453,4100,0.0,0.0
2007-08-23 00:00:00+05:30,28.850000381469727,31.5,28.549999237060547,28.549999237060547,7200,0.0,0.0
2007-08-24 00:00:00+05:30,28.700000762939453,29.299999237060547,28.149999618530273,28.950000762939453,12200,0.0,0.0
2007-08-27 00:00:00+05:30,28.950000762939453,31.950000762939453,28.950000762939453,31.700000762939453,14600,0.0,0.0
2007-08-28 00:00:00+05:30,30.25,33.20000076293945,30.25,31.700000762939453,11400,0.0,0.0
2007-08-29 00:00:00+05:30,34.0,34.95000076293945,32.04999923706055,34.900001525878906,45600,0.0,0.0
2007-08-30 00:00:00+05:30,35.5,37.79999923706055,34.650001525878906,36.0,55100,0.0,0.0
2007-08-31 00:00:00+05:30,36.5,36.5,29.049999237060547,31.200000762939453,107400,0.0,0.0
2007-09-03 00:00:00+05:30,31.5,33.0,31.100000381469727,32.099998474121094,43900,0.0,0.0
2007-09-04 00:00:00+05:30,32.79999923706055,32.79999923706055,31.5,31.549999237060547,12200,0.0,0.0
2007-09-05 00:00:00+05:30,32.45000076293945,33.54999923706055,31.850000381469727,32.599998474121094,47600,0.0,0.0
2007-09-06 00:00:00+05:30,32.650001525878906,33.70000076293945,32.099998474121094,33.20000076293945,14100,0.0,0.0
2007-09-07 00:00:00+05:30,33.400001525878906,34.45000076293945,32.54999923706055,33.099998474121094,28200,0.0,0.0
2007-09-10 00:00:00+05:30,33.900001525878906,34.95000076293945,32.599998474121094,34.349998474121094,50900,0.0,0.0
2007-09-11 00:00:00+05:30,32.099998474121094,34.25,32.099998474121094,32.900001525878906,12600,0.0,0.0
2007-09-12 00:00:00+05:30,32.599998474121094,35.0,32.54999923706055,35.0,55700,0.0,0.0
2007-09-13 00:00:00+05:30,35.099998474121094,36.900001525878906,34.29999923706055,34.70000076293945,41100,0.0,0.0
2007-09-14 00:00:00+05:30,34.70000076293945,35.75,33.150001525878906,33.150001525878906,18800,0.0,0.0
2007-09-17 00:00:00+05:30,34.0,35.400001525878906,33.20000076293945,34.79999923706055,24400,0.0,0.0
2007-09-18 00:00:00+05:30,35.95000076293945,36.0,34.25,34.25,38400,0.0,0.0
2007-09-19 00:00:00+05:30,36.900001525878906,41.650001525878906,33.099998474121094,41.650001525878906,347400,0.0,0.0
2007-09-20 00:00:00+05:30,42.79999923706055,45.0,40.0,43.25,330400,0.0,0.0
2007-09-21 00:00:00+05:30,41.75,46.5,35.349998474121094,45.0,230200,0.0,0.0
2007-09-24 00:00:00+05:30,45.45000076293945,45.5,43.5,45.099998474121094,57500,0.0,0.0
2007-09-25 00:00:00+05:30,44.54999923706055,47.5,43.54999923706055,46.400001525878906,83500,0.0,0.0
2007-09-26 00:00:00+05:30,46.0,49.95000076293945,46.0,48.04999923706055,79600,0.0,0.0
2007-09-27 00:00:00+05:30,47.0,48.0,43.099998474121094,43.099998474121094,28700,0.0,0.0
2007-09-28 00:00:00+05:30,43.099998474121094,46.5,42.5,44.0,37100,0.0,0.0
2007-10-01 00:00:00+05:30,44.900001525878906,46.900001525878906,44.0,44.45000076293945,44900,0.0,0.0
2007-10-03 00:00:00+05:30,46.79999923706055,46.900001525878906,43.099998474121094,44.25,41100,0.0,0.0
2007-10-04 00:00:00+05:30,45.0,45.900001525878906,42.54999923706055,43.79999923706055,16600,0.0,0.0
2007-10-05 00:00:00+05:30,42.849998474121094,44.0,41.04999923706055,41.099998474121094,15400,0.0,0.0
2007-10-08 00:00:00+05:30,40.5,42.0,39.70000076293945,40.0,9800,0.0,0.0
2007-10-09 00:00:00+05:30,39.400001525878906,41.79999923706055,38.54999923706055,41.099998474121094,11200,0.0,0.0
2007-10-10 00:00:00+05:30,43.45000076293945,43.45000076293945,43.0,43.45000076293945,6100,0.0,0.0
2007-10-11 00:00:00+05:30,42.0,43.900001525878906,41.400001525878906,41.5,2700,0.0,0.0
2007-10-12 00:00:00+05:30,41.5,41.5,39.5,39.70000076293945,5000,0.0,0.0
2007-10-15 00:00:00+05:30,40.849998474121094,40.849998474121094,38.099998474121094,38.099998474121094,2500,0.0,0.0
2007-10-16 00:00:00+05:30,39.25,39.25,37.5,38.29999923706055,3300,0.0,0.0
2007-10-17 00:00:00+05:30,38.29999923706055,38.29999923706055,36.400001525878906,36.54999923706055,11800,0.0,0.0
2007-10-18 00:00:00+05:30,36.599998474121094,39.0,36.599998474121094,38.5,3600,0.0,0.0
2007-10-19 00:00:00+05:30,38.54999923706055,39.75,36.70000076293945,38.0,7300,0.0,0.0
2007-10-22 00:00:00+05:30,37.70000076293945,37.70000076293945,36.099998474121094,36.099998474121094,1300,0.0,0.0
2007-10-23 00:00:00+05:30,37.0,38.20000076293945,36.0,36.0,2900,0.0,0.0
2007-10-24 00:00:00+05:30,37.04999923706055,38.20000076293945,37.04999923706055,37.95000076293945,10800,0.0,0.0
2007-10-25 00:00:00+05:30,37.900001525878906,40.0,37.5,39.400001525878906,26600,0.0,0.0
2007-10-26 00:00:00+05:30,41.0,41.400001525878906,39.0,40.0,6200,0.0,0.0
2007-10-29 00:00:00+05:30,41.0,41.0,38.349998474121094,41.0,8600,0.0,0.0
2007-10-30 00:00:00+05:30,41.20000076293945,42.29999923706055,40.0,40.349998474121094,8000,0.0,0.0
2007-10-31 00:00:00+05:30,38.5,40.45000076293945,38.5,38.5,4100,0.0,0.0
2007-11-01 00:00:00+05:30,37.849998474121094,39.70000076293945,36.849998474121094,38.400001525878906,6000,0.0,0.0
2007-11-02 00:00:00+05:30,37.0,39.349998474121094,36.54999923706055,37.75,9000,0.0,0.0
2007-11-05 00:00:00+05:30,38.599998474121094,38.599998474121094,37.0,37.849998474121094,3400,0.0,0.0
2007-11-06 00:00:00+05:30,37.5,39.5,36.0,36.5,7200,0.0,0.0
2007-11-07 00:00:00+05:30,38.0,38.0,35.04999923706055,35.75,6700,0.0,0.0
2007-11-08 00:00:00+05:30,37.95000076293945,37.95000076293945,35.25,35.79999923706055,2100,0.0,0.0
2007-11-12 00:00:00+05:30,38.0,38.849998474121094,36.0,38.849998474121094,5000,0.0,0.0
2007-11-13 00:00:00+05:30,39.900001525878906,40.5,37.5,37.5,11200,0.0,0.0
2007-11-14 00:00:00+05:30,38.099998474121094,39.650001525878906,38.099998474121094,39.5,6200,0.0,0.0
2007-11-15 00:00:00+05:30,39.099998474121094,40.0,38.5,38.70000076293945,5800,0.0,0.0
2007-11-16 00:00:00+05:30,37.650001525878906,39.79999923706055,37.650001525878906,39.79999923706055,3600,0.0,0.0
2007-11-19 00:00:00+05:30,38.5,40.0,38.0,38.70000076293945,5700,0.0,0.0
2007-11-20 00:00:00+05:30,38.349998474121094,40.900001525878906,38.29999923706055,39.849998474121094,4600,0.0,0.0
2007-11-21 00:00:00+05:30,39.04999923706055,42.0,38.0,38.5,8200,0.0,0.0
2007-11-22 00:00:00+05:30,39.0,40.25,38.0,38.0,14300,0.0,0.0
2007-11-23 00:00:00+05:30,37.150001525878906,39.150001525878906,37.150001525878906,37.29999923706055,2500,0.0,0.0
2007-11-26 00:00:00+05:30,38.650001525878906,39.0,37.099998474121094,37.54999923706055,3500,0.0,0.0
2007-11-27 00:00:00+05:30,38.0,39.400001525878906,37.29999923706055,39.400001525878906,6000,0.0,0.0
2007-11-28 00:00:00+05:30,40.849998474121094,40.849998474121094,38.29999923706055,40.5,12200,0.0,0.0
2007-11-29 00:00:00+05:30,41.0,41.5,38.099998474121094,38.099998474121094,5200,0.0,0.0
2007-11-30 00:00:00+05:30,39.0,39.5,38.650001525878906,39.5,2900,0.0,0.0
2007-12-03 00:00:00+05:30,41.0,41.0,40.0,40.95000076293945,9000,0.0,0.0
2007-12-04 00:00:00+05:30,41.0,41.54999923706055,40.0,41.45000076293945,12500,0.0,0.0
2007-12-05 00:00:00+05:30,41.150001525878906,42.650001525878906,41.0,42.04999923706055,15900,0.0,0.0
2007-12-06 00:00:00+05:30,42.04999923706055,43.79999923706055,42.0,42.20000076293945,7700,0.0,0.0
2007-12-07 00:00:00+05:30,42.0,44.349998474121094,41.54999923706055,44.349998474121094,24300,0.0,0.0
2007-12-10 00:00:00+05:30,45.0,46.599998474121094,43.650001525878906,46.599998474121094,14200,0.0,0.0
2007-12-11 00:00:00+05:30,46.599998474121094,48.95000076293945,46.599998474121094,48.95000076293945,13100,0.0,0.0
2007-12-12 00:00:00+05:30,48.95000076293945,51.400001525878906,48.5,51.400001525878906,20100,0.0,0.0
2007-12-13 00:00:00+05:30,54.0,54.0,48.849998474121094,54.0,101700,0.0,0.0
2007-12-14 00:00:00+05:30,55.0,56.400001525878906,51.70000076293945,56.400001525878906,64900,0.0,0.0
2007-12-17 00:00:00+05:30,59.0,59.20000076293945,53.650001525878906,54.70000076293945,42300,0.0,0.0
2007-12-18 00:00:00+05:30,57.0,57.45000076293945,52.150001525878906,52.5,18900,0.0,0.0
2007-12-19 00:00:00+05:30,53.5,56.099998474121094,53.5,55.099998474121094,67400,0.0,0.0
2007-12-20 00:00:00+05:30,56.0,56.0,52.45000076293945,52.45000076293945,17200,0.0,0.0
2007-12-24 00:00:00+05:30,54.0,55.150001525878906,53.150001525878906,53.20000076293945,12100,0.0,0.0
2007-12-26 00:00:00+05:30,54.95000076293945,54.95000076293945,52.099998474121094,54.0,18200,0.0,0.0
2007-12-27 00:00:00+05:30,55.95000076293945,56.400001525878906,52.099998474121094,52.099998474121094,17300,0.0,0.0
2007-12-28 00:00:00+05:30,50.349998474121094,54.70000076293945,50.349998474121094,53.650001525878906,9700,0.0,0.0
2007-12-31 00:00:00+05:30,52.04999923706055,54.0,52.0,54.0,7600,0.0,0.0
2008-01-01 00:00:00+05:30,53.5,54.79999923706055,52.099998474121094,53.849998474121094,8001,0.0,0.0
2008-01-02 00:00:00+05:30,52.25,55.0,52.20000076293945,53.650001525878906,5981,0.0,0.0
2008-01-03 00:00:00+05:30,54.0,56.5,53.5,55.95000076293945,23756,0.0,0.0
2008-01-04 00:00:00+05:30,57.0,57.0,53.900001525878906,54.5,23684,0.0,0.0
2008-01-07 00:00:00+05:30,56.0,56.900001525878906,55.5,56.900001525878906,6936,0.0,0.0
2008-01-08 00:00:00+05:30,59.70000076293945,59.70000076293945,57.849998474121094,59.650001525878906,56386,0.0,0.0
2008-01-09 00:00:00+05:30,62.0,62.0,57.0,58.95000076293945,65461,0.0,0.0
2008-01-10 00:00:00+05:30,60.0,60.900001525878906,55.25,55.25,15225,0.0,0.0
2008-01-11 00:00:00+05:30,57.0,57.0,52.5,55.0,5373,0.0,0.0
2008-01-14 00:00:00+05:30,54.5,56.400001525878906,54.5,56.29999923706055,10116,0.0,0.0
2008-01-15 00:00:00+05:30,55.0,56.5,54.599998474121094,55.099998474121094,7400,0.0,0.0
2008-01-16 00:00:00+05:30,52.150001525878906,54.599998474121094,52.150001525878906,54.25,10659,0.0,0.0
2008-01-17 00:00:00+05:30,54.0,56.0,53.70000076293945,54.29999923706055,11815,0.0,0.0
2008-01-18 00:00:00+05:30,54.0,55.79999923706055,51.599998474121094,51.599998474121094,9572,0.0,0.0
2008-01-21 00:00:00+05:30,50.349998474121094,50.349998474121094,49.150001525878906,49.900001525878906,9920,0.0,0.0
2008-01-23 00:00:00+05:30,47.400001525878906,47.400001525878906,47.400001525878906,47.400001525878906,240,0.0,0.0
2008-01-24 00:00:00+05:30,45.04999923706055,45.04999923706055,45.04999923706055,45.04999923706055,525,0.0,0.0
2008-01-25 00:00:00+05:30,42.79999923706055,47.29999923706055,42.79999923706055,44.099998474121094,9050,0.0,0.0
2008-01-28 00:00:00+05:30,43.0,44.0,41.5,43.5,3580,0.0,0.0
2008-01-29 00:00:00+05:30,44.0,44.0,41.400001525878906,41.400001525878906,3991,0.0,0.0
2008-01-30 00:00:00+05:30,41.099998474121094,41.099998474121094,39.400001525878906,39.400001525878906,1770,0.0,0.0
2008-01-31 00:00:00+05:30,38.0,41.25,38.0,40.29999923706055,3741,0.0,0.0
2008-02-01 00:00:00+05:30,38.75,42.349998474121094,38.70000076293945,42.349998474121094,1699,0.0,0.0
2008-02-04 00:00:00+05:30,40.0,41.0,40.0,40.900001525878906,2065,0.0,0.0
2008-02-05 00:00:00+05:30,41.25,42.0,40.599998474121094,41.95000076293945,2173,0.0,0.0
2008-02-06 00:00:00+05:30,39.5,41.0,39.5,40.79999923706055,5150,0.0,0.0
2008-02-07 00:00:00+05:30,41.5,41.5,38.0,38.70000076293945,2416,0.0,0.0
2008-02-08 00:00:00+05:30,40.0,40.0,37.5,38.0,5298,0.0,0.0
2008-02-11 00:00:00+05:30,37.04999923706055,37.5,37.0,37.0,2531,0.0,0.0
2008-02-12 00:00:00+05:30,35.150001525878906,38.599998474121094,35.150001525878906,37.0,19140,0.0,0.0
2008-02-13 00:00:00+05:30,36.70000076293945,38.0,35.599998474121094,35.599998474121094,1795,0.0,0.0
2008-02-14 00:00:00+05:30,35.099998474121094,37.400001525878906,35.099998474121094,37.400001525878906,2175,0.0,0.0
2008-02-15 00:00:00+05:30,39.20000076293945,39.29999923706055,38.25,39.0,1514,0.0,0.0
2008-02-18 00:00:00+05:30,40.5,40.95000076293945,39.150001525878906,40.5,1731,0.0,0.0
2008-02-19 00:00:00+05:30,40.45000076293945,42.95000076293945,40.45000076293945,41.0,3071,0.0,0.0
2008-02-20 00:00:00+05:30,42.099998474121094,42.70000076293945,41.0,41.0,1589,0.0,0.0
2008-02-21 00:00:00+05:30,42.599998474121094,43.20000076293945,41.0,43.20000076293945,4549,0.0,0.0
2008-02-22 00:00:00+05:30,42.599998474121094,44.5,42.0,43.0,3945,0.0,0.0
2008-02-25 00:00:00+05:30,41.349998474121094,45.0,41.349998474121094,44.849998474121094,4488,0.0,0.0
2008-02-26 00:00:00+05:30,43.29999923706055,45.70000076293945,43.29999923706055,45.0,18946,0.0,0.0
2008-02-27 00:00:00+05:30,45.349998474121094,47.25,45.349998474121094,46.400001525878906,16526,0.0,0.0
2008-02-28 00:00:00+05:30,45.04999923706055,46.95000076293945,45.04999923706055,45.400001525878906,2632,0.0,0.0
2008-02-29 00:00:00+05:30,43.5,47.599998474121094,43.5,45.0,4424,0.0,0.0
2008-03-03 00:00:00+05:30,43.25,44.95000076293945,42.75,44.0,2160,0.0,0.0
2008-03-04 00:00:00+05:30,42.0,44.45000076293945,41.79999923706055,41.79999923706055,6136,0.0,0.0
2008-03-05 00:00:00+05:30,41.79999923706055,43.25,40.400001525878906,40.400001525878906,1174,0.0,0.0
2008-03-07 00:00:00+05:30,40.0,40.0,38.400001525878906,38.400001525878906,4439,0.0,0.0
2008-03-10 00:00:00+05:30,37.0,38.900001525878906,34.599998474121094,37.5,28015,0.0,0.0
2008-03-11 00:00:00+05:30,39.95000076293945,41.70000076293945,38.599998474121094,40.0,21477,0.0,0.0
2008-03-12 00:00:00+05:30,41.599998474121094,41.70000076293945,38.75,39.0,4477,0.0,0.0
2008-03-13 00:00:00+05:30,38.29999923706055,39.04999923706055,36.0,37.95000076293945,1750,0.0,0.0
2008-03-14 00:00:00+05:30,32.75,39.0,32.75,37.099998474121094,2057,0.0,0.0
2008-03-17 00:00:00+05:30,35.0,37.95000076293945,33.400001525878906,33.400001525878906,3891,0.0,0.0
2008-03-18 00:00:00+05:30,33.0,33.0,30.100000381469727,30.100000381469727,44952,0.0,0.0
2008-03-19 00:00:00+05:30,31.5,32.0,28.0,29.950000762939453,20014,0.0,0.0
2008-03-24 00:00:00+05:30,29.0,30.0,27.049999237060547,29.899999618530273,58551,0.0,0.0
2008-03-25 00:00:00+05:30,28.549999237060547,29.75,27.899999618530273,27.899999618530273,104756,0.0,0.0
2008-03-26 00:00:00+05:30,28.0,29.299999237060547,27.899999618530273,29.299999237060547,25675,0.0,0.0
2008-03-27 00:00:00+05:30,29.0,30.799999237060547,29.0,30.299999237060547,20057,0.0,0.0
2008-03-28 00:00:00+05:30,31.149999618530273,32.0,31.0,32.0,11778,0.0,0.0
2008-03-31 00:00:00+05:30,33.5,33.599998474121094,32.45000076293945,32.5,33009,0.0,0.0
2008-04-01 00:00:00+05:30,34.70000076293945,34.70000076293945,31.549999237060547,34.20000076293945,26329,0.0,0.0
2008-04-02 00:00:00+05:30,34.45000076293945,34.45000076293945,33.5,33.5,3078,0.0,0.0
2008-04-03 00:00:00+05:30,33.0,35.0,32.29999923706055,33.099998474121094,20145,0.0,0.0
2008-04-04 00:00:00+05:30,33.0,33.900001525878906,32.25,33.0,12496,0.0,0.0
2008-04-07 00:00:00+05:30,33.5,33.5,31.299999237060547,32.5,2033,0.0,0.0
2008-04-08 00:00:00+05:30,32.400001525878906,33.5,32.400001525878906,33.0,704,0.0,0.0
2008-04-09 00:00:00+05:30,32.29999923706055,34.650001525878906,32.29999923706055,34.25,8861,0.0,0.0
2008-04-10 00:00:00+05:30,34.20000076293945,35.79999923706055,34.0,34.0,4601,0.0,0.0
2008-04-11 00:00:00+05:30,34.45000076293945,34.45000076293945,33.349998474121094,33.349998474121094,401,0.0,0.0
2008-04-15 00:00:00+05:30,33.400001525878906,34.0,33.0,33.0,11856,0.0,0.0
2008-04-16 00:00:00+05:30,34.0,34.95000076293945,33.099998474121094,33.099998474121094,4705,0.0,0.0
2008-04-17 00:00:00+05:30,34.0,34.79999923706055,32.25,33.0,55531,0.0,0.0
2008-04-21 00:00:00+05:30,33.5,34.5,32.599998474121094,33.900001525878906,107507,0.0,0.0
2008-04-22 00:00:00+05:30,35.099998474121094,35.5,33.5,34.5,9911,0.0,0.0
2008-04-23 00:00:00+05:30,35.70000076293945,36.25,35.5,36.25,52206,0.0,0.0
2008-04-24 00:00:00+05:30,38.0,38.099998474121094,36.0,36.0,32675,0.0,0.0
2008-04-25 00:00:00+05:30,37.099998474121094,38.25,35.70000076293945,38.25,48192,0.0,0.0
2008-04-28 00:00:00+05:30,38.54999923706055,39.95000076293945,38.54999923706055,39.95000076293945,14918,0.0,0.0
2008-04-29 00:00:00+05:30,41.79999923706055,41.95000076293945,40.900001525878906,41.95000076293945,31915,0.0,0.0
2008-04-30 00:00:00+05:30,44.0,44.04999923706055,42.29999923706055,42.79999923706055,40444,0.0,0.0
2008-05-02 00:00:00+05:30,44.5,44.95000076293945,42.0,44.0,35672,0.0,0.0
2008-05-05 00:00:00+05:30,42.79999923706055,43.5,41.95000076293945,41.95000076293945,6430,0.0,0.0
2008-05-06 00:00:00+05:30,43.900001525878906,43.900001525878906,39.849998474121094,39.849998474121094,7307,0.0,0.0
2008-05-07 00:00:00+05:30,39.75,41.900001525878906,39.75,41.849998474121094,9772,0.0,0.0
2008-05-08 00:00:00+05:30,41.900001525878906,43.650001525878906,40.79999923706055,41.0,9290,0.0,0.0
2008-05-09 00:00:00+05:30,41.0,42.0,40.29999923706055,40.70000076293945,5103,0.0,0.0
2008-05-12 00:00:00+05:30,39.29999923706055,41.0,39.099998474121094,40.0,31368,0.0,0.0
2008-05-13 00:00:00+05:30,40.04999923706055,40.95000076293945,40.0,40.150001525878906,2265,0.0,0.0
2008-05-14 00:00:00+05:30,40.0,40.29999923706055,38.29999923706055,40.29999923706055,4683,0.0,0.0
2008-05-15 00:00:00+05:30,39.79999923706055,42.0,39.0,40.900001525878906,174004,0.0,0.0
2008-05-16 00:00:00+05:30,40.849998474121094,41.900001525878906,39.0,40.349998474121094,47578,0.0,0.0
2008-05-20 00:00:00+05:30,41.95000076293945,42.20000076293945,40.349998474121094,40.400001525878906,27092,0.0,0.0
2008-05-21 00:00:00+05:30,40.20000076293945,40.849998474121094,39.5,39.54999923706055,25763,0.0,0.0
2008-05-22 00:00:00+05:30,39.900001525878906,40.0,38.5,39.0,14117,0.0,0.0
2008-05-23 00:00:00+05:30,38.75,39.0,37.150001525878906,37.150001525878906,7257,0.0,0.0
2008-05-26 00:00:00+05:30,37.5,38.0,35.599998474121094,35.599998474121094,19513,0.0,0.0
2008-05-27 00:00:00+05:30,36.599998474121094,36.650001525878906,33.900001525878906,33.900001525878906,26453,0.0,0.0
2008-05-28 00:00:00+05:30,34.20000076293945,34.20000076293945,33.099998474121094,33.79999923706055,39236,0.0,0.0
2008-05-29 00:00:00+05:30,34.0,34.5,33.0,33.0,30615,0.0,0.0
2008-05-30 00:00:00+05:30,33.0,35.150001525878906,32.400001525878906,34.79999923706055,10029,0.0,0.0
2008-06-02 00:00:00+05:30,36.0,36.0,33.54999923706055,34.04999923706055,6986,0.0,0.0
2008-06-03 00:00:00+05:30,32.25,33.0,32.20000076293945,32.599998474121094,5446,0.0,0.0
2008-06-04 00:00:00+05:30,32.5,32.849998474121094,31.5,31.549999237060547,8172,0.0,0.0
2008-06-05 00:00:00+05:30,31.950000762939453,32.0,30.0,31.0,17807,0.0,0.0
2008-06-06 00:00:00+05:30,29.399999618530273,32.04999923706055,29.399999618530273,32.04999923706055,3828,0.0,0.0
2008-06-09 00:00:00+05:30,30.649999618530273,31.700000762939453,30.299999237060547,31.100000381469727,9737,0.0,0.0
2008-06-10 00:00:00+05:30,31.0,32.0,30.299999237060547,31.450000762939453,3804,0.0,0.0
2008-06-11 00:00:00+05:30,30.549999237060547,32.5,30.549999237060547,32.5,3251,0.0,0.0
2008-06-12 00:00:00+05:30,31.5,33.95000076293945,31.0,33.95000076293945,28728,0.0,0.0
2008-06-13 00:00:00+05:30,35.0,35.650001525878906,34.54999923706055,35.29999923706055,42380,0.0,0.0
2008-06-16 00:00:00+05:30,36.79999923706055,36.79999923706055,35.0,36.54999923706055,13584,0.0,0.0
2008-06-17 00:00:00+05:30,36.25,37.79999923706055,36.25,37.25,14408,0.0,0.0
2008-06-18 00:00:00+05:30,37.0,37.900001525878906,36.0,36.04999923706055,2120,0.0,0.0
2008-06-19 00:00:00+05:30,36.5,36.5,34.349998474121094,36.20000076293945,10037,0.0,0.0
2008-06-20 00:00:00+05:30,35.599998474121094,35.599998474121094,33.79999923706055,33.79999923706055,7579,0.0,0.0
2008-06-23 00:00:00+05:30,33.95000076293945,35.5,32.29999923706055,33.0,26653,0.0,0.0
2008-06-24 00:00:00+05:30,33.599998474121094,33.70000076293945,31.399999618530273,31.399999618530273,3597,0.0,0.0
2008-06-25 00:00:00+05:30,30.850000381469727,33.45000076293945,30.75,33.45000076293945,4835,0.0,0.0
2008-06-26 00:00:00+05:30,34.5,35.150001525878906,33.79999923706055,35.150001525878906,16615,0.0,0.0
2008-06-27 00:00:00+05:30,35.900001525878906,35.900001525878906,34.0,35.0,13152,0.0,0.0
2008-06-30 00:00:00+05:30,34.5,36.25,32.900001525878906,35.599998474121094,19642,0.0,0.0
2008-07-01 00:00:00+05:30,33.849998474121094,36.0,32.75,35.650001525878906,15673,0.0,0.0
2008-07-02 00:00:00+05:30,35.5,36.25,34.099998474121094,36.25,19809,0.0,0.0
2008-07-03 00:00:00+05:30,37.5,37.5,34.75,36.849998474121094,21792,0.0,0.0
2008-07-04 00:00:00+05:30,37.79999923706055,38.70000076293945,36.25,37.45000076293945,18579,0.0,0.0
2008-07-07 00:00:00+05:30,36.79999923706055,39.5,36.5,37.0,12334,0.0,0.0
2008-07-08 00:00:00+05:30,36.150001525878906,38.29999923706055,34.599998474121094,38.29999923706055,12205,0.0,0.0
2008-07-09 00:00:00+05:30,37.0,41.400001525878906,36.5,40.0,26424,0.0,0.0
2008-07-10 00:00:00+05:30,41.5,43.0,39.5,40.900001525878906,34859,0.0,0.0
2008-07-11 00:00:00+05:30,40.20000076293945,42.25,38.5,39.400001525878906,12857,0.0,0.0
2008-07-14 00:00:00+05:30,39.900001525878906,40.5,37.599998474121094,38.20000076293945,1907,0.0,0.0
2008-07-15 00:00:00+05:30,37.04999923706055,38.20000076293945,36.0,36.5,9170,0.0,0.0
2008-07-16 00:00:00+05:30,36.54999923706055,38.5,35.95000076293945,37.099998474121094,6164,0.0,0.0
2008-07-17 00:00:00+05:30,37.0,37.599998474121094,35.20000076293945,36.5,4286,0.0,0.0
2008-07-18 00:00:00+05:30,36.95000076293945,36.95000076293945,35.150001525878906,36.25,2685,0.0,0.0
2008-07-21 00:00:00+05:30,35.900001525878906,39.5,35.900001525878906,38.29999923706055,22995,0.0,0.0
2008-07-22 00:00:00+05:30,38.0,41.5,38.0,38.599998474121094,17571,0.0,0.0
2008-07-23 00:00:00+05:30,42.0,42.900001525878906,39.04999923706055,42.0,49165,0.0,0.0
2008-07-24 00:00:00+05:30,41.5,42.849998474121094,39.25,40.0,3627,0.0,0.0
2008-07-25 00:00:00+05:30,38.75,41.5,38.75,40.25,17812,0.0,0.0
2008-07-28 00:00:00+05:30,41.0,43.54999923706055,41.0,42.5,14969,0.0,0.0
2008-07-29 00:00:00+05:30,43.0,45.0,41.54999923706055,43.900001525878906,19300,0.0,0.0
2008-07-30 00:00:00+05:30,44.599998474121094,47.0,44.349998474121094,46.20000076293945,42600,0.0,0.0
2008-07-31 00:00:00+05:30,45.54999923706055,48.29999923706055,45.5,46.29999923706055,24800,0.0,0.0
2008-08-01 00:00:00+05:30,44.0,48.5,44.0,46.5,111400,0.0,0.0
2008-08-04 00:00:00+05:30,48.45000076293945,49.349998474121094,46.04999923706055,46.099998474121094,52800,0.0,0.0
2008-08-05 00:00:00+05:30,51.0,51.0,46.0,46.400001525878906,17000,0.0,0.0
2008-08-06 00:00:00+05:30,48.29999923706055,50.0,45.650001525878906,47.150001525878906,66400,0.0,0.0
2008-08-07 00:00:00+05:30,47.5,49.70000076293945,46.599998474121094,48.0,14800,0.0,0.0
2008-08-08 00:00:00+05:30,46.099998474121094,46.099998474121094,44.599998474121094,44.599998474121094,9800,0.0,0.0
2008-08-11 00:00:00+05:30,45.95000076293945,47.099998474121094,44.599998474121094,47.099998474121094,25200,0.0,0.0
2008-08-12 00:00:00+05:30,47.5,49.5,47.5,49.5,31400,0.0,0.0
2008-08-13 00:00:00+05:30,50.79999923706055,51.5,48.0,49.5,18000,0.0,0.0
2008-08-14 00:00:00+05:30,48.5,49.849998474121094,47.25,47.400001525878906,8500,0.0,0.0
2008-08-18 00:00:00+05:30,48.95000076293945,48.95000076293945,45.5,45.70000076293945,4510,0.0,0.0
2008-08-19 00:00:00+05:30,45.70000076293945,46.900001525878906,43.599998474121094,46.900001525878906,6702,0.0,0.0
2008-08-20 00:00:00+05:30,46.25,47.400001525878906,44.650001525878906,45.599998474121094,4628,0.0,0.0
2008-08-21 00:00:00+05:30,45.099998474121094,45.099998474121094,43.79999923706055,43.79999923706055,2752,0.0,0.0
2008-08-22 00:00:00+05:30,42.849998474121094,44.0,42.849998474121094,43.04999923706055,455,0.0,0.0
2008-08-25 00:00:00+05:30,43.20000076293945,43.20000076293945,42.04999923706055,42.04999923706055,2363,0.0,0.0
2008-08-26 00:00:00+05:30,42.0,42.0,41.0,41.400001525878906,2743,0.0,0.0
2008-08-27 00:00:00+05:30,40.599998474121094,42.29999923706055,40.04999923706055,40.04999923706055,2953,0.0,0.0
2008-08-28 00:00:00+05:30,39.75,40.400001525878906,39.0,39.29999923706055,3322,0.0,0.0
2008-08-29 00:00:00+05:30,40.5,41.349998474121094,38.75,41.349998474121094,2735,0.0,0.0
2008-09-01 00:00:00+05:30,40.04999923706055,40.04999923706055,39.0,39.900001525878906,2443,0.0,0.0
2008-09-02 00:00:00+05:30,39.5,41.900001525878906,39.25,41.900001525878906,3732,0.0,0.0
2008-09-04 00:00:00+05:30,41.0,41.0,40.599998474121094,40.599998474121094,270,0.0,0.0
2008-09-05 00:00:00+05:30,39.04999923706055,40.95000076293945,39.0,40.099998474121094,3561,0.0,0.0
2008-09-08 00:00:00+05:30,40.150001525878906,42.150001525878906,39.79999923706055,42.150001525878906,4193,0.0,0.0
2008-09-09 00:00:00+05:30,40.650001525878906,43.0,40.650001525878906,41.900001525878906,3252,0.0,0.0
2008-09-10 00:00:00+05:30,42.0,42.0,40.5,40.5,691,0.0,0.0
2008-09-11 00:00:00+05:30,40.20000076293945,41.25,39.599998474121094,39.599998474121094,625,0.0,0.0
2008-09-12 00:00:00+05:30,38.54999923706055,40.900001525878906,37.70000076293945,37.70000076293945,5069,0.0,0.0
2008-09-15 00:00:00+05:30,38.0,38.0,35.900001525878906,35.900001525878906,5111,0.0,0.0
2008-09-16 00:00:00+05:30,35.900001525878906,35.900001525878906,34.150001525878906,34.150001525878906,4168,0.0,0.0
2008-09-17 00:00:00+05:30,35.900001525878906,35.900001525878906,34.0,34.0,3947,0.0,0.0
2008-09-18 00:00:00+05:30,32.400001525878906,32.900001525878906,32.29999923706055,32.29999923706055,4735,0.0,0.0
2008-09-19 00:00:00+05:30,33.150001525878906,34.099998474121094,33.150001525878906,33.900001525878906,1102,0.0,0.0
2008-09-22 00:00:00+05:30,32.849998474121094,35.599998474121094,32.849998474121094,35.599998474121094,1751,0.0,0.0
2008-09-23 00:00:00+05:30,36.0,36.5,34.349998474121094,34.349998474121094,908,0.0,0.0
2008-09-24 00:00:00+05:30,35.849998474121094,36.349998474121094,34.349998474121094,35.0,3151,0.0,0.0
2008-09-25 00:00:00+05:30,34.0,35.45000076293945,33.29999923706055,33.5,986,0.0,0.0
2008-09-26 00:00:00+05:30,33.0,33.5,31.850000381469727,32.400001525878906,25847,0.0,0.0
2008-09-29 00:00:00+05:30,30.899999618530273,30.899999618530273,30.799999237060547,30.799999237060547,375,0.0,0.0
2008-09-30 00:00:00+05:30,29.299999237060547,30.399999618530273,29.299999237060547,29.450000762939453,2473,0.0,0.0
2008-10-01 00:00:00+05:30,29.5,30.950000762939453,29.5,30.5,2936,0.0,0.0
2008-10-03 00:00:00+05:30,30.5,30.700000762939453,29.100000381469727,29.100000381469727,1150,0.0,0.0
2008-10-06 00:00:00+05:30,29.0,30.25,27.649999618530273,29.0,2444,0.0,0.0
2008-10-07 00:00:00+05:30,28.850000381469727,28.850000381469727,26.450000762939453,26.450000762939453,2625,0.0,0.0
2008-10-08 00:00:00+05:30,26.0,26.0,25.149999618530273,25.149999618530273,1186,0.0,0.0
2008-10-10 00:00:00+05:30,24.0,25.200000762939453,23.899999618530273,23.899999618530273,5898,0.0,0.0
2008-10-13 00:00:00+05:30,23.649999618530273,25.049999237060547,23.0,24.850000381469727,2985,0.0,0.0
2008-10-14 00:00:00+05:30,24.549999237060547,26.149999618530273,24.5,25.0,2027,0.0,0.0
2008-10-15 00:00:00+05:30,24.0,24.0,23.75,23.75,875,0.0,0.0
2008-10-16 00:00:00+05:30,22.600000381469727,24.799999237060547,22.600000381469727,24.450000762939453,1434,0.0,0.0
2008-10-17 00:00:00+05:30,24.399999618530273,24.399999618530273,23.25,23.25,1300,0.0,0.0
2008-10-20 00:00:00+05:30,22.149999618530273,22.149999618530273,22.100000381469727,22.100000381469727,2102,0.0,0.0
2008-10-21 00:00:00+05:30,21.0,21.5,21.0,21.5,3491,0.0,0.0
2008-10-22 00:00:00+05:30,20.450000762939453,21.450000762939453,20.450000762939453,21.399999618530273,2844,0.0,0.0
2008-10-23 00:00:00+05:30,22.0,22.0,20.350000381469727,20.350000381469727,2232,0.0,0.0
2008-10-24 00:00:00+05:30,20.049999237060547,20.049999237060547,19.350000381469727,19.350000381469727,7608,0.0,0.0
2008-10-27 00:00:00+05:30,18.399999618530273,18.549999237060547,18.399999618530273,18.549999237060547,694,0.0,0.0
2008-10-29 00:00:00+05:30,17.549999237060547,18.850000381469727,17.5,17.5,1843,0.0,0.0
2008-10-31 00:00:00+05:30,17.5,18.200000762939453,16.700000762939453,18.200000762939453,1568,0.0,0.0
2008-11-03 00:00:00+05:30,19.100000381469727,19.149999618530273,18.75,19.100000381469727,1870,0.0,0.0
2008-11-04 00:00:00+05:30,18.899999618530273,20.100000381469727,18.899999618530273,19.899999618530273,10434,0.0,0.0
2008-11-05 00:00:00+05:30,21.149999618530273,21.149999618530273,19.600000381469727,21.0,3226,0.0,0.0
2008-11-06 00:00:00+05:30,20.0,20.0,20.0,20.0,425,0.0,0.0
2008-11-07 00:00:00+05:30,19.200000762939453,20.0,19.049999237060547,20.0,2937,0.0,0.0
2008-11-10 00:00:00+05:30,20.25,20.399999618530273,19.450000762939453,20.399999618530273,8050,0.0,0.0
2008-11-11 00:00:00+05:30,19.450000762939453,20.5,19.399999618530273,20.100000381469727,1210,0.0,0.0
2008-11-12 00:00:00+05:30,19.149999618530273,20.5,19.149999618530273,19.600000381469727,785,0.0,0.0
2008-11-14 00:00:00+05:30,19.200000762939453,19.200000762939453,18.700000762939453,18.700000762939453,4088,0.0,0.0
2008-11-17 00:00:00+05:30,17.950000762939453,18.850000381469727,17.950000762939453,18.850000381469727,655,0.0,0.0
2008-11-18 00:00:00+05:30,18.600000381469727,18.600000381469727,17.950000762939453,17.950000762939453,961,0.0,0.0
2008-11-19 00:00:00+05:30,17.75,18.049999237060547,17.200000762939453,17.600000381469727,1998,0.0,0.0
2008-11-21 00:00:00+05:30,16.799999237060547,17.0,16.799999237060547,17.0,201,0.0,0.0
2008-11-24 00:00:00+05:30,17.75,17.75,16.149999618530273,16.600000381469727,2626,0.0,0.0
2008-11-25 00:00:00+05:30,16.600000381469727,17.399999618530273,16.600000381469727,17.399999618530273,186,0.0,0.0
2008-11-26 00:00:00+05:30,16.899999618530273,16.899999618530273,16.700000762939453,16.700000762939453,400,0.0,0.0
2008-11-27 00:00:00+05:30,16.700000762939453,16.700000762939453,16.700000762939453,16.700000762939453,0,0.0,0.0
2008-11-28 00:00:00+05:30,16.0,17.0,16.0,17.0,3475,0.0,0.0
2008-12-01 00:00:00+05:30,16.899999618530273,16.899999618530273,16.299999237060547,16.299999237060547,850,0.0,0.0
2008-12-02 00:00:00+05:30,15.75,16.0,15.5,15.550000190734863,920,0.0,0.0
2008-12-03 00:00:00+05:30,15.600000381469727,15.600000381469727,15.050000190734863,15.050000190734863,360,0.0,0.0
2008-12-04 00:00:00+05:30,15.0,15.699999809265137,15.0,15.699999809265137,2550,0.0,0.0
2008-12-05 00:00:00+05:30,16.350000381469727,16.350000381469727,15.550000190734863,16.0,1957,0.0,0.0
2008-12-08 00:00:00+05:30,15.350000381469727,15.350000381469727,15.350000381469727,15.350000381469727,100,0.0,0.0
2008-12-10 00:00:00+05:30,15.5,16.0,15.0,16.0,2200,0.0,0.0
2008-12-11 00:00:00+05:30,16.399999618530273,16.5,16.299999237060547,16.450000762939453,2585,0.0,0.0
2008-12-12 00:00:00+05:30,16.0,17.350000381469727,16.0,17.200000762939453,1747,0.0,0.0
2008-12-16 00:00:00+05:30,18.100000381469727,18.100000381469727,18.100000381469727,18.100000381469727,700,0.0,0.0
2008-12-17 00:00:00+05:30,19.049999237060547,19.049999237060547,19.049999237060547,19.049999237060547,1626,0.0,0.0
2008-12-18 00:00:00+05:30,20.0,20.0,20.0,20.0,2222,0.0,0.0
2008-12-19 00:00:00+05:30,19.100000381469727,21.0,19.100000381469727,20.950000762939453,6110,0.0,0.0
2008-12-22 00:00:00+05:30,20.25,21.950000762939453,20.25,21.5,4128,0.0,0.0
2008-12-23 00:00:00+05:30,21.0,21.0,20.450000762939453,20.450000762939453,900,0.0,0.0
2008-12-24 00:00:00+05:30,20.0,21.399999618530273,19.649999618530273,20.25,1311,0.0,0.0
2008-12-26 00:00:00+05:30,20.5,20.799999237060547,19.850000381469727,19.850000381469727,1100,0.0,0.0
2008-12-29 00:00:00+05:30,19.549999237060547,19.549999237060547,19.549999237060547,19.850000381469727,100,0.0,0.0
2008-12-30 00:00:00+05:30,19.200000762939453,19.299999237060547,18.850000381469727,19.850000381469727,4900,0.0,0.0
2008-12-31 00:00:00+05:30,19.149999618530273,19.149999618530273,19.149999618530273,19.850000381469727,200,0.0,0.0
2009-01-02 00:00:00+05:30,20.799999237060547,21.0,20.200000762939453,19.850000381469727,2100,0.0,0.0
2009-01-05 00:00:00+05:30,21.299999237060547,21.350000381469727,20.100000381469727,19.850000381469727,8000,0.0,0.0
2009-01-06 00:00:00+05:30,21.25,21.25,20.5,19.850000381469727,2000,0.0,0.0
2009-01-07 00:00:00+05:30,21.75,21.75,20.799999237060547,19.850000381469727,1200,0.0,0.0
2009-01-09 00:00:00+05:30,20.0,20.0,20.0,19.850000381469727,300,0.0,0.0
2009-01-12 00:00:00+05:30,19.5,19.5,19.0,19.850000381469727,1500,0.0,0.0
2009-01-13 00:00:00+05:30,19.0,19.0,19.0,19.0,500,0.0,0.0
2009-01-14 00:00:00+05:30,19.899999618530273,19.899999618530273,18.25,19.850000381469727,2400,0.0,0.0
2009-01-15 00:00:00+05:30,19.350000381469727,19.399999618530273,19.350000381469727,19.850000381469727,600,0.0,0.0
2009-01-16 00:00:00+05:30,20.0,20.0,20.0,19.850000381469727,500,0.0,0.0
2009-01-19 00:00:00+05:30,20.799999237060547,20.799999237060547,20.600000381469727,19.850000381469727,400,0.0,0.0
2009-01-20 00:00:00+05:30,19.600000381469727,20.600000381469727,19.600000381469727,19.850000381469727,500,0.0,0.0
2009-01-21 00:00:00+05:30,19.399999618530273,19.399999618530273,19.399999618530273,19.850000381469727,950,0.0,0.0
2009-01-22 00:00:00+05:30,18.649999618530273,18.649999618530273,18.600000381469727,19.850000381469727,420,0.0,0.0
2009-01-23 00:00:00+05:30,18.600000381469727,18.950000762939453,18.0,19.850000381469727,1100,0.0,0.0
2009-01-27 00:00:00+05:30,18.200000762939453,18.25,18.100000381469727,19.850000381469727,490,0.0,0.0
2009-01-28 00:00:00+05:30,18.149999618530273,19.200000762939453,18.149999618530273,19.850000381469727,470,0.0,0.0
2009-01-29 00:00:00+05:30,18.600000381469727,19.600000381469727,18.600000381469727,19.850000381469727,160,0.0,0.0
2009-01-30 00:00:00+05:30,19.0,19.5,18.600000381469727,19.850000381469727,1545,0.0,0.0
2009-02-02 00:00:00+05:30,20.399999618530273,20.5,19.049999237060547,20.100000381469727,16544,0.0,0.0
2009-02-03 00:00:00+05:30,20.0,20.700000762939453,19.600000381469727,19.850000381469727,2407,0.0,0.0
2009-02-04 00:00:00+05:30,20.0,20.450000762939453,20.0,20.0,1325,0.0,0.0
2009-02-05 00:00:00+05:30,19.5,20.0,19.5,19.850000381469727,1900,0.0,0.0
2009-02-06 00:00:00+05:30,20.25,20.350000381469727,19.549999237060547,19.850000381469727,5983,0.0,0.0
2009-02-09 00:00:00+05:30,19.899999618530273,20.549999237060547,19.149999618530273,19.850000381469727,2857,0.0,0.0
2009-02-10 00:00:00+05:30,19.200000762939453,19.700000762939453,18.600000381469727,19.850000381469727,470,0.0,0.0
2009-02-11 00:00:00+05:30,19.700000762939453,20.450000762939453,18.799999237060547,19.850000381469727,4400,0.0,0.0
2009-02-12 00:00:00+05:30,20.5,20.5,20.0,19.850000381469727,300,0.0,0.0
2009-02-13 00:00:00+05:30,20.0,20.0,19.700000762939453,19.850000381469727,803,0.0,0.0
2009-02-16 00:00:00+05:30,18.799999237060547,19.450000762939453,18.799999237060547,19.850000381469727,2381,0.0,0.0
2009-02-17 00:00:00+05:30,18.299999237060547,19.100000381469727,18.299999237060547,19.850000381469727,387,0.0,0.0
2009-02-18 00:00:00+05:30,20.0,20.049999237060547,19.25,19.850000381469727,1700,0.0,0.0
2009-02-19 00:00:00+05:30,19.899999618530273,19.950000762939453,19.200000762939453,19.850000381469727,625,0.0,0.0
2009-02-20 00:00:00+05:30,20.0,20.0,18.75,19.850000381469727,1326,0.0,0.0
2009-02-24 00:00:00+05:30,19.0,19.0,18.25,19.850000381469727,1917,0.0,0.0
2009-02-25 00:00:00+05:30,18.100000381469727,18.100000381469727,18.100000381469727,19.850000381469727,50,0.0,0.0
2009-02-27 00:00:00+05:30,18.049999237060547,18.049999237060547,17.899999618530273,19.850000381469727,1300,0.0,0.0
2009-03-02 00:00:00+05:30,18.649999618530273,18.649999618530273,18.0,18.25,1950,0.0,0.0
2009-03-03 00:00:00+05:30,18.049999237060547,18.25,17.549999237060547,17.549999237060547,2423,0.0,0.0
2009-03-04 00:00:00+05:30,17.5,17.799999237060547,16.799999237060547,17.049999237060547,4542,0.0,0.0
2009-03-05 00:00:00+05:30,16.649999618530273,16.649999618530273,16.049999237060547,18.0,6500,0.0,0.0
2009-03-06 00:00:00+05:30,14.550000190734863,16.0,14.550000190734863,16.0,1757,0.0,0.0
2009-03-09 00:00:00+05:30,15.0,16.399999618530273,15.0,16.399999618530273,268,0.0,0.0
2009-03-12 00:00:00+05:30,15.5,16.75,15.25,16.75,1349,0.0,0.0
2009-03-13 00:00:00+05:30,16.0,16.0,16.0,16.0,1951,0.0,0.0
2009-03-16 00:00:00+05:30,15.149999618530273,17.0,15.149999618530273,16.649999618530273,2542,0.0,0.0
2009-03-17 00:00:00+05:30,16.25,17.0,15.75,17.0,2050,0.0,0.0
2009-03-18 00:00:00+05:30,17.149999618530273,17.549999237060547,16.950000762939453,17.0,4532,0.0,0.0
2009-03-19 00:00:00+05:30,16.600000381469727,17.399999618530273,16.600000381469727,17.399999618530273,1025,0.0,0.0
2009-03-20 00:00:00+05:30,17.399999618530273,17.399999618530273,16.549999237060547,16.649999618530273,580,0.0,0.0
2009-03-23 00:00:00+05:30,16.100000381469727,17.299999237060547,16.100000381469727,17.299999237060547,3200,0.0,0.0
2009-03-24 00:00:00+05:30,17.600000381469727,17.600000381469727,16.399999618530273,16.899999618530273,4950,0.0,0.0
2009-03-25 00:00:00+05:30,17.5,18.600000381469727,16.600000381469727,18.600000381469727,9432,0.0,0.0
2009-03-26 00:00:00+05:30,19.200000762939453,20.450000762939453,17.100000381469727,20.100000381469727,9664,0.0,0.0
2009-03-27 00:00:00+05:30,19.049999237060547,22.100000381469727,19.049999237060547,22.0,14758,0.0,0.0
2009-03-30 00:00:00+05:30,21.600000381469727,22.850000381469727,21.299999237060547,22.850000381469727,13263,0.0,0.0
2009-03-31 00:00:00+05:30,23.799999237060547,23.850000381469727,22.25,23.100000381469727,16630,0.0,0.0
2009-04-01 00:00:00+05:30,24.200000762939453,24.200000762939453,24.0,24.200000762939453,688,0.0,0.0
2009-04-02 00:00:00+05:30,25.0,25.0,23.200000762939453,23.350000381469727,7525,0.0,0.0
2009-04-06 00:00:00+05:30,23.5,23.5,23.5,23.350000381469727,0,0.0,0.0
2009-04-08 00:00:00+05:30,21.899999618530273,24.149999618530273,21.899999618530273,24.149999618530273,0,0.0,0.0
2009-04-09 00:00:00+05:30,25.399999618530273,25.399999618530273,24.549999237060547,25.399999618530273,0,0.0,0.0
2009-04-13 00:00:00+05:30,26.600000381469727,26.649999618530273,26.399999618530273,26.649999618530273,4171,0.0,0.0
2009-04-15 00:00:00+05:30,28.0,28.0,28.0,28.0,0,0.0,0.0
2009-04-16 00:00:00+05:30,29.350000381469727,29.399999618530273,28.799999237060547,29.399999618530273,39836,0.0,0.0
2009-04-17 00:00:00+05:30,29.5,30.899999618530273,29.399999618530273,29.399999618530273,20041,0.0,0.0
2009-04-20 00:00:00+05:30,30.100000381469727,30.950000762939453,28.0,29.0,24120,0.0,0.0
2009-04-21 00:00:00+05:30,28.850000381469727,30.450000762939453,28.5,29.850000381469727,19240,0.0,0.0
2009-04-22 00:00:00+05:30,29.100000381469727,31.399999618530273,29.100000381469727,31.399999618530273,38886,0.0,0.0
2009-04-23 00:00:00+05:30,32.900001525878906,33.0,31.649999618530273,33.0,4111,0.0,0.0
2009-04-24 00:00:00+05:30,34.650001525878906,34.650001525878906,32.25,34.650001525878906,7840,0.0,0.0
2009-04-27 00:00:00+05:30,36.20000076293945,36.20000076293945,33.5,34.0,9925,0.0,0.0
2009-04-28 00:00:00+05:30,33.04999923706055,34.45000076293945,33.04999923706055,33.25,710,0.0,0.0
2009-04-29 00:00:00+05:30,32.79999923706055,34.95000076293945,32.79999923706055,34.0,14162,0.0,0.0
2009-05-04 00:00:00+05:30,32.349998474121094,35.70000076293945,32.349998474121094,35.70000076293945,20608,0.0,0.0
2009-05-05 00:00:00+05:30,35.099998474121094,37.5,34.0,37.5,15850,0.0,0.0
2009-05-06 00:00:00+05:30,39.0,39.400001525878906,38.099998474121094,39.04999923706055,30809,0.0,0.0
2009-05-07 00:00:00+05:30,40.0,40.5,37.20000076293945,39.099998474121094,8508,0.0,0.0
2009-05-08 00:00:00+05:30,39.099998474121094,41.349998474121094,38.04999923706055,39.20000076293945,11464,0.0,0.0
2009-05-11 00:00:00+05:30,38.79999923706055,40.900001525878906,38.599998474121094,39.04999923706055,35440,0.0,0.0
2009-05-12 00:00:00+05:30,37.75,40.5,37.75,39.349998474121094,16945,0.0,0.0
2009-05-13 00:00:00+05:30,40.0,41.0,37.75,38.75,8596,0.0,0.0
2009-05-14 00:00:00+05:30,37.5,38.900001525878906,37.5,38.0,9414,0.0,0.0
2009-05-15 00:00:00+05:30,38.099998474121094,38.5,36.5,37.900001525878906,6680,0.0,0.0
2009-05-19 00:00:00+05:30,39.45000076293945,39.45000076293945,39.45000076293945,39.45000076293945,5506,0.0,0.0
2009-05-20 00:00:00+05:30,41.0,41.45000076293945,41.0,41.45000076293945,6209,0.0,0.0
2009-05-21 00:00:00+05:30,42.0,43.0,40.04999923706055,40.04999923706055,19414,0.0,0.0
2009-05-22 00:00:00+05:30,40.099998474121094,40.349998474121094,38.70000076293945,40.349998474121094,1650,0.0,0.0
2009-05-25 00:00:00+05:30,39.099998474121094,42.0,38.349998474121094,42.0,27966,0.0,0.0
2009-05-26 00:00:00+05:30,42.0,43.0,39.400001525878906,39.400001525878906,3115,0.0,0.0
2009-05-27 00:00:00+05:30,37.900001525878906,38.599998474121094,37.45000076293945,38.0,6292,0.0,0.0
2009-05-28 00:00:00+05:30,36.150001525878906,39.400001525878906,36.150001525878906,39.400001525878906,6419,0.0,0.0
2009-05-29 00:00:00+05:30,39.900001525878906,40.849998474121094,39.900001525878906,40.0,7967,0.0,0.0
2009-06-01 00:00:00+05:30,40.0,42.0,40.0,42.0,9373,0.0,0.0
2009-06-02 00:00:00+05:30,42.099998474121094,43.099998474121094,41.0,42.5,6269,0.0,0.0
2009-06-03 00:00:00+05:30,42.0,43.20000076293945,40.5,40.5,7700,0.0,0.0
2009-06-04 00:00:00+05:30,40.099998474121094,42.45000076293945,39.5,42.25,19648,0.0,0.0
2009-06-05 00:00:00+05:30,43.95000076293945,44.400001525878906,40.5,44.400001525878906,20294,0.0,0.0
2009-06-08 00:00:00+05:30,46.650001525878906,46.650001525878906,42.54999923706055,43.54999923706055,13103,0.0,0.0
2009-06-09 00:00:00+05:30,44.0,45.75,41.599998474121094,45.75,19643,0.0,0.0
2009-06-10 00:00:00+05:30,46.25,47.79999923706055,45.0,46.849998474121094,9437,0.0,0.0
2009-06-11 00:00:00+05:30,43.5,47.70000076293945,43.20000076293945,47.70000076293945,46635,0.0,0.0
2009-06-12 00:00:00+05:30,50.099998474121094,50.099998474121094,46.0,46.099998474121094,18300,0.0,0.0
2009-06-15 00:00:00+05:30,45.400001525878906,48.45000076293945,45.0,46.0,16000,0.0,0.0
2009-06-16 00:00:00+05:30,46.0,47.400001525878906,44.099998474121094,46.099998474121094,4500,0.0,0.0
2009-06-17 00:00:00+05:30,45.29999923706055,47.79999923706055,44.5,44.5,16700,0.0,0.0
2009-06-18 00:00:00+05:30,44.0,44.04999923706055,42.599998474121094,44.0,18700,0.0,0.0
2009-06-19 00:00:00+05:30,43.25,44.5,42.0,43.150001525878906,4200,0.0,0.0
2009-06-22 00:00:00+05:30,43.0,43.95000076293945,41.5,42.5,2300,0.0,0.0
2009-06-23 00:00:00+05:30,41.29999923706055,42.0,40.95000076293945,41.349998474121094,6300,0.0,0.0
2009-06-24 00:00:00+05:30,42.0,43.5,41.75,43.5,13800,0.0,0.0
2009-06-25 00:00:00+05:30,45.70000076293945,45.70000076293945,45.099998474121094,45.70000076293945,15000,0.0,0.0
2009-06-26 00:00:00+05:30,47.400001525878906,48.0,45.650001525878906,48.0,18000,0.0,0.0
2009-06-29 00:00:00+05:30,49.0,50.400001525878906,46.5,46.5,32800,0.0,0.0
2009-06-30 00:00:00+05:30,47.0,47.0,44.54999923706055,45.95000076293945,11900,0.0,0.0
2009-07-01 00:00:00+05:30,45.0,45.75,43.099998474121094,45.0,7700,0.0,0.0
2009-07-02 00:00:00+05:30,45.099998474121094,46.25,43.849998474121094,43.849998474121094,1500,0.0,0.0
2009-07-03 00:00:00+05:30,43.0,44.0,43.0,44.0,1900,0.0,0.0
2009-07-06 00:00:00+05:30,43.099998474121094,45.5,42.0,47.70000076293945,1300,0.0,0.0
2009-07-07 00:00:00+05:30,40.150001525878906,42.79999923706055,37.900001525878906,42.5,3200,0.0,0.0
2009-07-08 00:00:00+05:30,40.400001525878906,41.400001525878906,38.400001525878906,38.400001525878906,4300,0.0,0.0
2009-07-09 00:00:00+05:30,38.20000076293945,38.20000076293945,36.54999923706055,37.5,4600,0.0,0.0
2009-07-10 00:00:00+05:30,36.599998474121094,37.25,36.5,36.5,1900,0.0,0.0
2009-07-13 00:00:00+05:30,35.099998474121094,36.599998474121094,33.099998474121094,35.5,10300,0.0,0.0
2009-07-14 00:00:00+05:30,38.900001525878906,38.900001525878906,31.950000762939453,38.349998474121094,5400,0.0,0.0
2009-07-15 00:00:00+05:30,38.400001525878906,40.79999923706055,38.400001525878906,39.25,3700,0.0,0.0
2009-07-16 00:00:00+05:30,39.0,41.95000076293945,38.0,39.0,3900,0.0,0.0
2009-07-17 00:00:00+05:30,40.20000076293945,40.20000076293945,38.0,38.599998474121094,2700,0.0,0.0
2009-07-20 00:00:00+05:30,40.0,40.20000076293945,37.150001525878906,37.849998474121094,46100,0.0,0.0
2009-07-21 00:00:00+05:30,38.099998474121094,40.5,37.5,40.45000076293945,8700,0.0,0.0
2009-07-22 00:00:00+05:30,40.0,42.0,38.70000076293945,40.20000076293945,4500,0.0,0.0
2009-07-23 00:00:00+05:30,40.5,40.95000076293945,39.400001525878906,40.0,1000,0.0,0.0
2009-07-24 00:00:00+05:30,40.099998474121094,43.0,40.0,42.5,15100,0.0,0.0
2009-07-27 00:00:00+05:30,42.099998474121094,42.95000076293945,40.0,42.0,14300,0.0,0.0
2009-07-28 00:00:00+05:30,40.5,43.5,39.900001525878906,41.79999923706055,17300,0.0,0.0
2009-07-29 00:00:00+05:30,43.54999923706055,44.29999923706055,41.0,43.5,11600,0.0,0.0
2009-07-30 00:00:00+05:30,43.5,44.5,42.5,43.849998474121094,10600,0.0,0.0
2009-07-31 00:00:00+05:30,48.20000076293945,48.20000076293945,44.70000076293945,46.45000076293945,40300,0.0,0.0
2009-08-03 00:00:00+05:30,46.900001525878906,47.79999923706055,45.25,45.79999923706055,68000,0.0,0.0
2009-08-04 00:00:00+05:30,49.900001525878906,51.0,44.5,44.70000076293945,64700,0.0,0.0
2009-08-05 00:00:00+05:30,46.900001525878906,49.400001525878906,46.79999923706055,49.25,281000,0.0,0.0
2009-08-06 00:00:00+05:30,50.900001525878906,54.150001525878906,50.25,54.0,613900,0.0,0.0
2009-08-07 00:00:00+05:30,54.0,58.0,53.900001525878906,57.29999923706055,376100,0.0,0.0
2009-08-10 00:00:00+05:30,59.04999923706055,60.0,58.5,58.79999923706055,401000,0.0,0.0
2009-08-11 00:00:00+05:30,59.75,62.599998474121094,57.349998474121094,62.599998474121094,387500,0.0,0.0
2009-08-12 00:00:00+05:30,63.5,65.75,63.0,65.75,410700,0.0,0.0
2009-08-13 00:00:00+05:30,68.4000015258789,69.05000305175781,68.0,69.05000305175781,167200,0.0,0.0
2009-08-14 00:00:00+05:30,72.5,72.5,65.5999984741211,65.5999984741211,482900,0.0,0.0
2009-08-17 00:00:00+05:30,64.0,66.0,62.400001525878906,62.54999923706055,306131,0.0,0.0
2009-08-18 00:00:00+05:30,62.54999923706055,62.54999923706055,62.54999923706055,62.54999923706055,0,0.0,0.0
2009-08-19 00:00:00+05:30,62.54999923706055,62.54999923706055,62.54999923706055,62.54999923706055,0,0.0,0.0
2009-08-20 00:00:00+05:30,62.54999923706055,62.54999923706055,62.54999923706055,62.54999923706055,0,0.0,0.0
2009-08-21 00:00:00+05:30,62.54999923706055,62.54999923706055,62.54999923706055,62.54999923706055,0,0.0,0.0
2009-08-24 00:00:00+05:30,60.599998474121094,61.75,58.79999923706055,58.79999923706055,29600,0.0,0.0
2009-08-25 00:00:00+05:30,58.0,58.0,56.099998474121094,56.099998474121094,33000,0.0,0.0
2009-08-26 00:00:00+05:30,56.25,59.0,54.099998474121094,57.04999923706055,60800,0.0,0.0
2009-08-27 00:00:00+05:30,56.0,59.29999923706055,55.150001525878906,58.599998474121094,29800,0.0,0.0
2009-08-28 00:00:00+05:30,57.599998474121094,59.5,57.04999923706055,58.0,33700,0.0,0.0
2009-08-31 00:00:00+05:30,57.5,60.150001525878906,54.599998474121094,60.150001525878906,43200,0.0,0.0
2009-09-01 00:00:00+05:30,61.0,63.20000076293945,61.0,62.5,55100,0.0,0.0
2009-09-02 00:00:00+05:30,63.900001525878906,65.6500015258789,62.0,62.599998474121094,45700,0.0,0.0
2009-09-03 00:00:00+05:30,63.95000076293945,64.9000015258789,61.0,62.75,20000,0.0,0.0
2009-09-04 00:00:00+05:30,64.0,64.0,59.599998474121094,61.0,26800,0.0,0.0
2009-09-07 00:00:00+05:30,62.0,63.150001525878906,58.5,59.0,72300,0.0,0.0
2009-09-08 00:00:00+05:30,61.400001525878906,61.400001525878906,58.0,58.0,11800,0.0,0.0
2009-09-09 00:00:00+05:30,58.25,58.400001525878906,55.75,56.0,22900,0.0,0.0
2009-09-10 00:00:00+05:30,58.599998474121094,58.599998474121094,56.0,57.79999923706055,36000,0.0,0.0
2009-09-11 00:00:00+05:30,57.099998474121094,58.099998474121094,55.150001525878906,56.0,14200,0.0,0.0
2009-09-14 00:00:00+05:30,54.099998474121094,56.5,54.099998474121094,55.400001525878906,21900,0.0,0.0
2009-09-15 00:00:00+05:30,53.099998474121094,56.5,53.0,55.75,16200,0.0,0.0
2009-09-16 00:00:00+05:30,56.900001525878906,58.45000076293945,55.29999923706055,58.04999923706055,37200,0.0,0.0
2009-09-17 00:00:00+05:30,58.0,58.849998474121094,55.099998474121094,56.25,62500,0.0,0.0
2009-09-18 00:00:00+05:30,57.0,57.0,54.29999923706055,55.5,15900,0.0,0.0
2009-09-22 00:00:00+05:30,55.5,58.599998474121094,55.5,58.0,24400,0.0,0.0
2009-09-23 00:00:00+05:30,57.099998474121094,58.29999923706055,56.349998474121094,57.0,39900,0.0,0.0
2009-09-24 00:00:00+05:30,56.099998474121094,56.79999923706055,55.29999923706055,56.0,17600,0.0,0.0
2009-09-25 00:00:00+05:30,56.849998474121094,59.0,56.849998474121094,59.0,129400,0.0,0.0
2009-09-29 00:00:00+05:30,61.5,61.79999923706055,57.0,61.79999923706055,70800,0.0,0.0
2009-09-30 00:00:00+05:30,62.0,64.9000015258789,60.0,62.70000076293945,111800,0.0,0.0
2009-10-01 00:00:00+05:30,64.3499984741211,66.0999984741211,62.54999923706055,63.29999923706055,79700,0.0,0.0
2009-10-05 00:00:00+05:30,62.20000076293945,64.0,61.0,62.5,83800,0.0,0.0
2009-10-06 00:00:00+05:30,64.0,64.0,60.0,63.5,96600,0.0,0.0
2009-10-07 00:00:00+05:30,63.0,66.1500015258789,62.599998474121094,66.0,106300,0.0,0.0
2009-10-08 00:00:00+05:30,69.25,69.30000305175781,67.6500015258789,69.30000305175781,235200,0.0,0.0
2009-10-09 00:00:00+05:30,70.0,72.55000305175781,67.30000305175781,68.0,134700,0.0,0.0
2009-10-12 00:00:00+05:30,68.5,70.0,66.69999694824219,67.30000305175781,23000,0.0,0.0
2009-10-13 00:00:00+05:30,67.30000305175781,67.30000305175781,67.30000305175781,67.30000305175781,0,0.0,0.0
2009-10-14 00:00:00+05:30,69.80000305175781,71.25,67.5,71.25,211300,0.0,0.0
2009-10-15 00:00:00+05:30,74.8499984741211,74.8499984741211,71.05000305175781,71.05000305175781,140100,0.0,0.0
2009-10-16 00:00:00+05:30,72.0,73.94999694824219,69.0,72.3499984741211,55900,0.0,0.0
2009-10-20 00:00:00+05:30,73.5,76.69999694824219,73.5,74.9000015258789,68300,0.0,0.0
2009-10-21 00:00:00+05:30,77.0,77.0,71.75,73.5,29700,0.0,0.0
2009-10-22 00:00:00+05:30,73.5,74.6500015258789,70.5999984741211,71.5,44600,0.0,0.0
2009-10-23 00:00:00+05:30,73.0,73.69999694824219,70.0,72.0,33200,0.0,0.0
2009-10-26 00:00:00+05:30,73.5,73.94999694824219,71.5,72.05000305175781,66300,0.0,0.0
2009-10-27 00:00:00+05:30,72.5,72.5,68.19999694824219,68.19999694824219,24000,0.0,0.0
2009-10-28 00:00:00+05:30,67.0,71.0,65.4000015258789,68.0,34400,0.0,0.0
2009-10-29 00:00:00+05:30,66.05000305175781,69.80000305175781,66.05000305175781,66.5,7900,0.0,0.0
2009-10-30 00:00:00+05:30,69.8499984741211,70.30000305175781,65.0,67.0,59100,0.0,0.0
2009-11-03 00:00:00+05:30,64.0,68.9000015258789,64.0,65.0,27900,0.0,0.0
2009-11-04 00:00:00+05:30,65.0,67.0,61.849998474121094,64.5,47800,0.0,0.0
2009-11-05 00:00:00+05:30,62.5,65.9000015258789,62.5,65.9000015258789,24300,0.0,0.0
2009-11-06 00:00:00+05:30,68.80000305175781,69.19999694824219,63.04999923706055,69.0,33700,0.0,0.0
2009-11-09 00:00:00+05:30,71.5999984741211,72.05000305175781,68.80000305175781,71.44999694824219,102400,0.0,0.0
2009-11-10 00:00:00+05:30,75.1500015258789,75.1500015258789,70.05000305175781,71.75,77300,0.0,0.0
2009-11-11 00:00:00+05:30,74.8499984741211,75.80000305175781,71.0,73.0,90400,0.0,0.0
2009-11-12 00:00:00+05:30,76.0,76.19999694824219,73.0,75.25,164200,0.0,0.0
2009-11-13 00:00:00+05:30,76.4000015258789,77.0,74.69999694824219,75.5,103300,0.0,0.0
2009-11-16 00:00:00+05:30,75.5999984741211,76.5,72.5,73.25,22100,0.0,0.0
2009-11-17 00:00:00+05:30,73.0999984741211,73.4000015258789,70.0,70.9000015258789,22600,0.0,0.0
2009-11-18 00:00:00+05:30,71.5,75.0,70.0,73.0,37300,0.0,0.0
2009-11-19 00:00:00+05:30,75.0,75.0,70.0,71.94999694824219,23600,0.0,0.0
2009-11-20 00:00:00+05:30,69.05000305175781,72.5,69.0,72.5,46200,0.0,0.0
2009-11-23 00:00:00+05:30,72.0,72.4000015258789,69.5999984741211,70.30000305175781,39200,0.0,0.0
2009-11-24 00:00:00+05:30,68.05000305175781,71.5,68.05000305175781,70.0,30100,0.0,0.0
2009-11-25 00:00:00+05:30,71.25,72.9000015258789,70.5,72.0999984741211,27900,0.0,0.0
2009-11-26 00:00:00+05:30,71.75,72.9000015258789,70.3499984741211,71.0,22800,0.0,0.0
2009-11-27 00:00:00+05:30,67.5999984741211,69.9000015258789,67.5999984741211,69.9000015258789,41300,0.0,0.0
2009-11-30 00:00:00+05:30,68.55000305175781,71.8499984741211,68.44999694824219,71.8499984741211,23800,0.0,0.0
2009-12-01 00:00:00+05:30,73.9000015258789,74.4000015258789,72.55000305175781,72.9000015258789,26700,0.0,0.0
2009-12-02 00:00:00+05:30,72.1500015258789,72.94999694824219,70.0999984741211,71.9000015258789,15900,0.0,0.0
2009-12-03 00:00:00+05:30,71.9000015258789,73.0,70.5,71.3499984741211,20500,0.0,0.0
2009-12-04 00:00:00+05:30,70.94999694824219,71.94999694824219,70.19999694824219,71.0,62800,0.0,0.0
2009-12-07 00:00:00+05:30,71.0,71.9000015258789,70.0999984741211,70.0999984741211,22000,0.0,0.0
2009-12-08 00:00:00+05:30,68.0,71.0,68.0,70.19999694824219,24100,0.0,0.0
2009-12-09 00:00:00+05:30,71.5,71.5,69.0999984741211,70.5999984741211,19600,0.0,0.0
2009-12-10 00:00:00+05:30,71.0,71.3499984741211,69.6500015258789,70.0,12700,0.0,0.0
2009-12-11 00:00:00+05:30,70.30000305175781,71.80000305175781,69.5999984741211,69.5999984741211,18100,0.0,0.0
2009-12-14 00:00:00+05:30,71.75,72.5,70.6500015258789,71.0,46300,0.0,0.0
2009-12-15 00:00:00+05:30,71.0,72.0999984741211,69.5,69.94999694824219,31700,0.0,0.0
2009-12-16 00:00:00+05:30,69.0,72.80000305175781,68.80000305175781,72.44999694824219,52800,0.0,0.0
2009-12-17 00:00:00+05:30,72.0,73.0,71.19999694824219,71.30000305175781,22600,0.0,0.0
2009-12-18 00:00:00+05:30,72.0,75.1500015258789,71.5999984741211,74.19999694824219,119300,0.0,0.0
2009-12-21 00:00:00+05:30,75.3499984741211,75.5,72.0,72.0,33000,0.0,0.0
2009-12-22 00:00:00+05:30,72.0,73.0,70.5999984741211,71.5,19800,0.0,0.0
2009-12-23 00:00:00+05:30,73.25,74.5,72.0,72.44999694824219,49700,0.0,0.0
2009-12-24 00:00:00+05:30,74.5,75.0,72.1500015258789,72.80000305175781,49000,0.0,0.0
2009-12-29 00:00:00+05:30,72.80000305175781,72.80000305175781,72.80000305175781,72.80000305175781,0,0.0,0.0
2009-12-30 00:00:00+05:30,73.5,73.8499984741211,73.0,73.4000015258789,38300,0.0,0.0
2009-12-31 00:00:00+05:30,73.5,77.0,73.5,75.0,73200,0.0,0.0
2010-01-04 00:00:00+05:30,76.9000015258789,78.75,76.30000305175781,78.75,94600,0.0,0.0
2010-01-05 00:00:00+05:30,80.5999984741211,82.69999694824219,79.05000305175781,79.5,267200,0.0,0.0
2010-01-06 00:00:00+05:30,83.6500015258789,83.6500015258789,82.0999984741211,83.6500015258789,254500,0.0,0.0
2010-01-07 00:00:00+05:30,87.8499984741211,87.8499984741211,87.8499984741211,87.8499984741211,229700,0.0,0.0
2010-01-08 00:00:00+05:30,90.4000015258789,93.0999984741211,87.9000015258789,89.6500015258789,566300,0.0,0.0
2010-01-11 00:00:00+05:30,91.0,93.8499984741211,89.0999984741211,90.19999694824219,155700,0.0,0.0
2010-01-12 00:00:00+05:30,91.0999984741211,91.0999984741211,85.5,89.0,302400,0.0,0.0
2010-01-13 00:00:00+05:30,87.0,90.5,85.0,90.5,130400,0.0,0.0
2010-01-14 00:00:00+05:30,91.94999694824219,91.94999694824219,86.0999984741211,86.44999694824219,88300,0.0,0.0
2010-01-15 00:00:00+05:30,86.0,87.75,86.0,87.0,97200,0.0,0.0
2010-01-18 00:00:00+05:30,86.1500015258789,89.0,86.05000305175781,88.1500015258789,99800,0.0,0.0
2010-01-19 00:00:00+05:30,84.5,87.5,83.5,87.5,164800,0.0,0.0
2010-01-20 00:00:00+05:30,85.0,87.80000305175781,85.0,86.4000015258789,94800,0.0,0.0
2010-01-21 00:00:00+05:30,85.5,87.9000015258789,82.30000305175781,83.5,82600,0.0,0.0
2010-01-22 00:00:00+05:30,80.0999984741211,84.0,80.0,80.5,101300,0.0,0.0
2010-01-25 00:00:00+05:30,81.0,88.0,79.05000305175781,87.75,179300,0.0,0.0
2010-01-27 00:00:00+05:30,83.9000015258789,87.80000305175781,78.25,80.05000305175781,149200,0.0,0.0
2010-01-28 00:00:00+05:30,83.0,86.5,81.0,82.44999694824219,138500,0.0,0.0
2010-01-29 00:00:00+05:30,81.80000305175781,83.4000015258789,74.44999694824219,82.0,284400,0.0,0.0
2010-02-01 00:00:00+05:30,80.0999984741211,90.4000015258789,80.0999984741211,90.4000015258789,392600,0.0,0.0
2010-02-02 00:00:00+05:30,92.9000015258789,96.0,88.75,89.0999984741211,330600,0.0,0.0
2010-02-03 00:00:00+05:30,89.5999984741211,92.5,87.05000305175781,90.5,133200,0.0,0.0
2010-02-04 00:00:00+05:30,91.4000015258789,91.5,85.0999984741211,86.0,95200,0.0,0.0
2010-02-05 00:00:00+05:30,83.0,83.5,80.05000305175781,81.69999694824219,104501,0.0,0.0
2010-02-08 00:00:00+05:30,85.0,87.25,83.0999984741211,86.4000015258789,44244,0.0,0.0
2010-02-09 00:00:00+05:30,88.0,88.0,83.5,85.0,32417,0.0,0.0
2010-02-10 00:00:00+05:30,84.0,85.75,82.8499984741211,83.0999984741211,31055,0.0,0.0
2010-02-11 00:00:00+05:30,88.4000015258789,88.4000015258789,82.5,83.5,43368,0.0,0.0
2010-02-15 00:00:00+05:30,83.0,84.80000305175781,82.5,82.8499984741211,30261,0.0,0.0
2010-02-16 00:00:00+05:30,82.1500015258789,86.0999984741211,82.0999984741211,84.80000305175781,36031,0.0,0.0
2010-02-17 00:00:00+05:30,84.55000305175781,87.0,83.0,85.19999694824219,53957,0.0,0.0
2010-02-18 00:00:00+05:30,85.0,85.4000015258789,81.69999694824219,81.8499984741211,43874,0.0,0.0
2010-02-19 00:00:00+05:30,80.30000305175781,80.5999984741211,75.0999984741211,77.44999694824219,65841,0.0,0.0
2010-02-22 00:00:00+05:30,74.0,80.5,74.0,75.1500015258789,53849,0.0,0.0
2010-02-23 00:00:00+05:30,74.05000305175781,74.9000015258789,72.0,72.25,43150,0.0,0.0
2010-02-24 00:00:00+05:30,71.05000305175781,72.0,70.25,71.1500015258789,19198,0.0,0.0
2010-02-25 00:00:00+05:30,72.25,73.5,69.05000305175781,69.94999694824219,85277,0.0,0.0
2010-02-26 00:00:00+05:30,70.0,74.4000015258789,69.25,71.8499984741211,57723,0.0,0.0
2010-03-02 00:00:00+05:30,72.0,72.0,67.05000305175781,67.5,128023,0.0,0.0
2010-03-03 00:00:00+05:30,69.1500015258789,72.0,69.0,70.55000305175781,118623,0.0,0.0
2010-03-04 00:00:00+05:30,70.5999984741211,72.5,70.0999984741211,70.55000305175781,75959,0.0,0.0
2010-03-05 00:00:00+05:30,70.4000015258789,72.19999694824219,70.30000305175781,70.5999984741211,41736,0.0,0.0
2010-03-08 00:00:00+05:30,72.0,72.75,70.3499984741211,70.55000305175781,26956,0.0,0.0
2010-03-09 00:00:00+05:30,70.0999984741211,71.44999694824219,70.0,70.1500015258789,22475,0.0,0.0
2010-03-10 00:00:00+05:30,69.69999694824219,70.0,61.70000076293945,62.70000076293945,239643,0.0,0.0
2010-03-11 00:00:00+05:30,62.70000076293945,63.20000076293945,59.5,60.150001525878906,155508,0.0,0.0
2010-03-12 00:00:00+05:30,59.70000076293945,60.0,53.04999923706055,53.75,385842,0.0,0.0
2010-03-15 00:00:00+05:30,53.95000076293945,56.79999923706055,53.0,56.25,146844,0.0,0.0
2010-03-16 00:00:00+05:30,57.0,58.0,55.29999923706055,57.54999923706055,79984,0.0,0.0
2010-03-17 00:00:00+05:30,56.5,56.95000076293945,54.150001525878906,54.54999923706055,65651,0.0,0.0
2010-03-18 00:00:00+05:30,54.54999923706055,55.70000076293945,51.5,51.79999923706055,157253,0.0,0.0
2010-03-19 00:00:00+05:30,52.79999923706055,52.79999923706055,50.5,50.95000076293945,139679,0.0,0.0
2010-03-22 00:00:00+05:30,50.0,50.900001525878906,48.0,48.400001525878906,96828,0.0,0.0
2010-03-23 00:00:00+05:30,48.95000076293945,48.95000076293945,46.25,46.5,177386,0.0,0.0
2010-03-25 00:00:00+05:30,47.349998474121094,47.349998474121094,44.95000076293945,45.900001525878906,247368,0.0,0.0
2010-03-26 00:00:00+05:30,45.400001525878906,47.0,44.75,45.20000076293945,61330,0.0,0.0
2010-03-29 00:00:00+05:30,45.0,45.79999923706055,42.849998474121094,44.79999923706055,145968,0.0,0.0
2010-03-30 00:00:00+05:30,45.25,45.95000076293945,44.650001525878906,45.0,40815,0.0,0.0
2010-03-31 00:00:00+05:30,45.0,46.900001525878906,45.0,45.95000076293945,55952,0.0,0.0
2010-04-01 00:00:00+05:30,45.900001525878906,46.75,45.400001525878906,46.25,58474,0.0,0.0
2010-04-05 00:00:00+05:30,45.150001525878906,48.900001525878906,45.150001525878906,48.5,72027,0.0,0.0
2010-04-06 00:00:00+05:30,48.75,49.70000076293945,48.349998474121094,48.54999923706055,54175,0.0,0.0
2010-04-07 00:00:00+05:30,49.25,50.099998474121094,48.20000076293945,49.5,45763,0.0,0.0
2010-04-08 00:00:00+05:30,49.150001525878906,50.900001525878906,49.150001525878906,49.599998474121094,55173,0.0,0.0
2010-04-09 00:00:00+05:30,49.849998474121094,49.849998474121094,47.0,47.400001525878906,51374,0.0,0.0
2010-04-12 00:00:00+05:30,47.54999923706055,49.849998474121094,47.5,48.849998474121094,38700,0.0,0.0
2010-04-13 00:00:00+05:30,48.900001525878906,51.0,48.849998474121094,50.95000076293945,61520,0.0,0.0
2010-04-15 00:00:00+05:30,50.20000076293945,51.79999923706055,50.0,50.25,48922,0.0,0.0
2010-04-16 00:00:00+05:30,51.29999923706055,51.400001525878906,49.0,49.75,38650,0.0,0.0
2010-04-19 00:00:00+05:30,48.349998474121094,49.0,47.04999923706055,47.75,51049,0.0,0.0
2010-04-20 00:00:00+05:30,48.0,48.900001525878906,47.599998474121094,48.20000076293945,13400,0.0,0.0
2010-04-21 00:00:00+05:30,48.400001525878906,48.400001525878906,47.0,47.20000076293945,24825,0.0,0.0
2010-04-22 00:00:00+05:30,48.0,48.0,45.5,45.79999923706055,33730,0.0,0.0
2010-04-23 00:00:00+05:30,46.29999923706055,46.79999923706055,45.0,45.25,21567,0.0,0.0
2010-04-26 00:00:00+05:30,46.79999923706055,46.79999923706055,44.5,45.0,23893,0.0,0.0
2010-04-27 00:00:00+05:30,45.0,45.79999923706055,42.75,42.95000076293945,97113,0.0,0.0
2010-04-28 00:00:00+05:30,41.0,42.29999923706055,40.0,41.0,54321,0.0,0.0
2010-04-29 00:00:00+05:30,41.400001525878906,41.5,40.29999923706055,41.099998474121094,83296,0.0,0.0
2010-04-30 00:00:00+05:30,40.0,42.79999923706055,37.79999923706055,40.5,128342,0.0,0.0
2010-05-03 00:00:00+05:30,41.0,42.0,39.5,39.79999923706055,81056,0.0,0.0
2010-05-04 00:00:00+05:30,40.0,40.29999923706055,37.599998474121094,37.95000076293945,91212,0.0,0.0
2010-05-05 00:00:00+05:30,36.349998474121094,39.45000076293945,36.0,38.599998474121094,58586,0.0,0.0
2010-05-06 00:00:00+05:30,38.0,39.650001525878906,37.599998474121094,39.0,56506,0.0,0.0
2010-05-07 00:00:00+05:30,38.0,38.70000076293945,37.20000076293945,37.849998474121094,37178,0.0,0.0
2010-05-10 00:00:00+05:30,38.599998474121094,39.650001525878906,37.900001525878906,39.0,28226,0.0,0.0
2010-05-11 00:00:00+05:30,39.0,39.45000076293945,37.650001525878906,37.79999923706055,14081,0.0,0.0
2010-05-12 00:00:00+05:30,37.5,38.900001525878906,37.099998474121094,37.400001525878906,65867,0.0,0.0
2010-05-13 00:00:00+05:30,38.400001525878906,39.20000076293945,37.5,38.75,57157,0.0,0.0
2010-05-14 00:00:00+05:30,38.900001525878906,39.150001525878906,37.5,37.900001525878906,41598,0.0,0.0
2010-05-17 00:00:00+05:30,37.5,38.75,36.5,38.04999923706055,24784,0.0,0.0
2010-05-18 00:00:00+05:30,37.0,38.400001525878906,37.0,37.04999923706055,25031,0.0,0.0
2010-05-19 00:00:00+05:30,36.95000076293945,37.79999923706055,35.349998474121094,35.599998474121094,20356,0.0,0.0
2010-05-20 00:00:00+05:30,36.0,36.54999923706055,34.29999923706055,34.849998474121094,24086,0.0,0.0
2010-05-21 00:00:00+05:30,34.5,34.5,33.29999923706055,34.349998474121094,18385,0.0,0.0
2010-05-24 00:00:00+05:30,35.0,36.29999923706055,34.29999923706055,34.45000076293945,21941,0.0,0.0
2010-05-25 00:00:00+05:30,34.04999923706055,35.0,32.099998474121094,32.849998474121094,21236,0.0,0.0
2010-05-26 00:00:00+05:30,34.099998474121094,35.0,33.400001525878906,34.20000076293945,30430,0.0,0.0
2010-05-27 00:00:00+05:30,34.20000076293945,34.900001525878906,33.0,33.5,14080,0.0,0.0
2010-05-28 00:00:00+05:30,34.0,39.70000076293945,33.79999923706055,38.45000076293945,151394,0.0,0.0
2010-05-31 00:00:00+05:30,39.70000076293945,39.70000076293945,36.0,36.54999923706055,44863,0.0,0.0
2010-06-01 00:00:00+05:30,36.75,38.20000076293945,36.0,36.150001525878906,49000,0.0,0.0
2010-06-02 00:00:00+05:30,38.95000076293945,38.95000076293945,36.25,37.0,24019,0.0,0.0
2010-06-03 00:00:00+05:30,38.45000076293945,38.45000076293945,36.099998474121094,36.29999923706055,26346,0.0,0.0
2010-06-04 00:00:00+05:30,36.599998474121094,38.95000076293945,36.599998474121094,38.099998474121094,182821,0.0,0.0
2010-06-07 00:00:00+05:30,37.0,38.0,36.0,36.400001525878906,41273,0.0,0.0
2010-06-08 00:00:00+05:30,36.70000076293945,37.70000076293945,34.599998474121094,35.099998474121094,70298,0.0,0.0
2010-06-09 00:00:00+05:30,36.29999923706055,36.29999923706055,35.29999923706055,35.75,41534,0.0,0.0
2010-06-10 00:00:00+05:30,36.5,36.70000076293945,36.0,36.25,25960,0.0,0.0
2010-06-11 00:00:00+05:30,36.70000076293945,36.70000076293945,35.70000076293945,35.79999923706055,18917,0.0,0.0
2010-06-14 00:00:00+05:30,36.5,36.5,35.5,36.20000076293945,19717,0.0,0.0
2010-06-15 00:00:00+05:30,37.5,42.599998474121094,37.20000076293945,40.099998474121094,1015180,0.0,0.0
2010-06-16 00:00:00+05:30,41.54999923706055,41.54999923706055,39.54999923706055,39.849998474121094,82421,0.0,0.0
2010-06-17 00:00:00+05:30,40.95000076293945,46.0,40.95000076293945,41.45000076293945,262404,0.0,0.0
2010-06-18 00:00:00+05:30,42.0,42.25,39.79999923706055,40.0,79779,0.0,0.0
2010-06-21 00:00:00+05:30,40.75,40.79999923706055,39.70000076293945,39.900001525878906,34791,0.0,0.0
2010-06-22 00:00:00+05:30,40.400001525878906,40.400001525878906,38.20000076293945,38.5,44170,0.0,0.0
2010-06-23 00:00:00+05:30,38.0,39.0,38.0,38.20000076293945,40477,0.0,0.0
2010-06-24 00:00:00+05:30,38.95000076293945,38.95000076293945,37.650001525878906,37.849998474121094,27171,0.0,0.0
2010-06-25 00:00:00+05:30,38.70000076293945,39.900001525878906,38.45000076293945,39.349998474121094,67298,0.0,0.0
2010-06-28 00:00:00+05:30,39.900001525878906,44.400001525878906,39.25,42.5,196858,0.0,0.0
2010-06-29 00:00:00+05:30,43.5,43.79999923706055,41.20000076293945,41.650001525878906,82046,0.0,0.0
2010-06-30 00:00:00+05:30,41.0,43.04999923706055,40.5,42.20000076293945,72617,0.0,0.0
2010-07-01 00:00:00+05:30,41.79999923706055,44.900001525878906,41.54999923706055,43.400001525878906,180987,0.0,0.0
2010-07-02 00:00:00+05:30,44.0,44.20000076293945,42.25,42.5,36067,0.0,0.0
2010-07-05 00:00:00+05:30,43.75,43.75,42.0,42.099998474121094,10982,0.0,0.0
2010-07-06 00:00:00+05:30,42.95000076293945,42.95000076293945,41.0,41.349998474121094,38380,0.0,0.0
2010-07-07 00:00:00+05:30,42.45000076293945,43.0,41.150001525878906,41.900001525878906,39560,0.0,0.0
2010-07-08 00:00:00+05:30,42.5,42.5,40.0,40.54999923706055,49022,0.0,0.0
2010-07-09 00:00:00+05:30,41.0,44.0,40.75,42.95000076293945,222447,0.0,0.0
2010-07-12 00:00:00+05:30,43.599998474121094,44.25,42.5,42.650001525878906,67990,0.0,0.0
2010-07-13 00:00:00+05:30,42.20000076293945,43.599998474121094,42.099998474121094,42.849998474121094,112136,0.0,0.0
2010-07-14 00:00:00+05:30,44.0,44.0,42.20000076293945,42.400001525878906,63556,0.0,0.0
2010-07-15 00:00:00+05:30,42.400001525878906,43.400001525878906,42.400001525878906,42.75,52802,0.0,0.0
2010-07-16 00:00:00+05:30,42.25,44.400001525878906,42.25,42.79999923706055,157995,0.0,0.0
2010-07-19 00:00:00+05:30,42.29999923706055,43.29999923706055,42.150001525878906,42.400001525878906,31966,0.0,0.0
2010-07-20 00:00:00+05:30,42.5,42.70000076293945,41.70000076293945,41.900001525878906,27106,0.0,0.0
2010-07-21 00:00:00+05:30,41.900001525878906,42.04999923706055,41.20000076293945,41.79999923706055,20892,0.0,0.0
2010-07-22 00:00:00+05:30,41.0,42.599998474121094,41.0,42.0,37128,0.0,0.0
2010-07-23 00:00:00+05:30,42.400001525878906,43.0,41.5,41.75,69490,0.0,0.0
2010-07-26 00:00:00+05:30,41.29999923706055,42.54999923706055,40.79999923706055,41.099998474121094,27203,0.0,0.0
2010-07-27 00:00:00+05:30,41.900001525878906,41.900001525878906,40.5,40.849998474121094,39169,0.0,0.0
2010-07-28 00:00:00+05:30,41.0,41.849998474121094,40.54999923706055,40.70000076293945,29101,0.0,0.0
2010-07-29 00:00:00+05:30,40.95000076293945,41.0,40.0,40.349998474121094,27926,0.0,0.0
2010-07-30 00:00:00+05:30,41.0,41.0,40.0,40.20000076293945,67039,0.0,0.0
2010-08-02 00:00:00+05:30,40.79999923706055,40.79999923706055,39.04999923706055,40.099998474121094,21428,0.0,0.0
2010-08-03 00:00:00+05:30,40.95000076293945,41.75,39.75,41.349998474121094,41977,0.0,0.0
2010-08-04 00:00:00+05:30,41.349998474121094,41.900001525878906,40.349998474121094,40.400001525878906,36342,0.0,0.0
2010-08-05 00:00:00+05:30,40.95000076293945,40.95000076293945,39.54999923706055,40.0,51486,0.0,0.0
2010-08-06 00:00:00+05:30,40.650001525878906,40.70000076293945,39.849998474121094,39.95000076293945,21085,0.0,0.0
2010-08-09 00:00:00+05:30,40.5,40.5,39.04999923706055,39.20000076293945,47347,0.0,0.0
2010-08-10 00:00:00+05:30,39.900001525878906,40.099998474121094,38.54999923706055,38.79999923706055,32411,0.0,0.0
2010-08-11 00:00:00+05:30,38.849998474121094,39.650001525878906,38.5,38.70000076293945,26990,0.0,0.0
2010-08-12 00:00:00+05:30,39.400001525878906,39.650001525878906,37.900001525878906,38.150001525878906,53239,0.0,0.0
2010-08-13 00:00:00+05:30,38.54999923706055,38.900001525878906,37.5,38.099998474121094,45041,0.0,0.0
2010-08-16 00:00:00+05:30,38.099998474121094,39.95000076293945,37.400001525878906,38.5,287143,0.0,0.0
2010-08-17 00:00:00+05:30,39.45000076293945,39.45000076293945,38.099998474121094,38.400001525878906,41951,0.0,0.0
2010-08-18 00:00:00+05:30,38.95000076293945,38.95000076293945,37.75,37.79999923706055,36279,0.0,0.0
2010-08-19 00:00:00+05:30,38.04999923706055,39.0,38.0,38.54999923706055,31471,0.0,0.0
2010-08-20 00:00:00+05:30,38.849998474121094,39.95000076293945,38.20000076293945,39.25,40551,0.0,0.0
2010-08-23 00:00:00+05:30,39.29999923706055,39.5,38.75,39.0,39576,0.0,0.0
2010-08-24 00:00:00+05:30,39.400001525878906,39.400001525878906,35.900001525878906,38.849998474121094,19900,0.0,0.0
2010-08-25 00:00:00+05:30,38.900001525878906,39.29999923706055,38.04999923706055,38.599998474121094,26640,0.0,0.0
2010-08-26 00:00:00+05:30,39.400001525878906,39.400001525878906,38.150001525878906,38.400001525878906,13021,0.0,0.0
2010-08-27 00:00:00+05:30,39.5,39.5,37.25,37.849998474121094,19230,0.0,0.0
2010-08-30 00:00:00+05:30,39.599998474121094,39.599998474121094,36.849998474121094,37.0,42431,0.0,0.0
2010-08-31 00:00:00+05:30,37.900001525878906,37.900001525878906,36.099998474121094,36.349998474121094,18660,0.0,0.0
2010-09-01 00:00:00+05:30,36.0,38.0,36.0,37.25,25334,0.0,0.0
2010-09-02 00:00:00+05:30,38.0,42.5,37.0,41.400001525878906,309063,0.0,0.0
2010-09-03 00:00:00+05:30,41.95000076293945,42.5,39.25,39.900001525878906,117047,0.0,0.0
2010-09-06 00:00:00+05:30,39.70000076293945,40.75,39.0,39.650001525878906,23494,0.0,0.0
2010-09-07 00:00:00+05:30,40.0,41.150001525878906,39.54999923706055,40.849998474121094,59878,0.0,0.0
2010-09-08 00:00:00+05:30,41.400001525878906,42.25,40.5,40.650001525878906,88493,0.0,0.0
2010-09-09 00:00:00+05:30,41.599998474121094,41.900001525878906,40.400001525878906,40.70000076293945,68075,0.0,0.0
2010-09-13 00:00:00+05:30,33.0,41.400001525878906,33.0,39.70000076293945,48268,0.0,0.0
2010-09-14 00:00:00+05:30,40.5,40.70000076293945,38.75,39.900001525878906,38404,0.0,0.0
2010-09-15 00:00:00+05:30,40.5,40.79999923706055,39.650001525878906,40.04999923706055,117436,0.0,0.0
2010-09-16 00:00:00+05:30,40.45000076293945,40.45000076293945,39.400001525878906,39.650001525878906,34640,0.0,0.0
2010-09-17 00:00:00+05:30,40.54999923706055,41.95000076293945,40.400001525878906,41.45000076293945,150057,0.0,0.0
2010-09-20 00:00:00+05:30,40.25,45.0,40.25,44.45000076293945,320639,0.0,0.0
2010-09-21 00:00:00+05:30,45.0,45.95000076293945,42.599998474121094,43.25,213520,0.0,0.0
2010-09-22 00:00:00+05:30,42.0,43.70000076293945,41.849998474121094,42.25,54931,0.0,0.0
2010-09-23 00:00:00+05:30,42.0,43.04999923706055,41.5,41.75,29094,0.0,0.0
2010-09-24 00:00:00+05:30,42.099998474121094,43.04999923706055,42.0,42.25,36210,0.0,0.0
2010-09-27 00:00:00+05:30,43.650001525878906,43.650001525878906,42.25,42.70000076293945,76709,0.0,0.0
2010-09-28 00:00:00+05:30,43.099998474121094,44.25,42.349998474121094,43.54999923706055,102614,0.0,0.0
2010-09-29 00:00:00+05:30,42.099998474121094,43.900001525878906,42.099998474121094,42.150001525878906,43926,0.0,0.0
2010-09-30 00:00:00+05:30,44.0,45.20000076293945,43.5,44.04999923706055,173614,0.0,0.0
2010-10-01 00:00:00+05:30,45.0,46.849998474121094,44.20000076293945,45.5,212766,0.0,0.0
2010-10-04 00:00:00+05:30,46.29999923706055,46.79999923706055,44.29999923706055,44.5,55338,0.0,0.0
2010-10-05 00:00:00+05:30,44.95000076293945,45.20000076293945,44.099998474121094,44.400001525878906,49730,0.0,0.0
2010-10-06 00:00:00+05:30,43.099998474121094,45.099998474121094,43.099998474121094,44.20000076293945,40898,0.0,0.0
2010-10-07 00:00:00+05:30,44.70000076293945,45.0,43.099998474121094,43.349998474121094,45026,0.0,0.0
2010-10-08 00:00:00+05:30,44.5,44.5,43.099998474121094,43.20000076293945,28411,0.0,0.0
2010-10-11 00:00:00+05:30,44.5,44.75,42.5,43.04999923706055,30423,0.0,0.0
2010-10-12 00:00:00+05:30,34.79999923706055,44.5,34.79999923706055,43.5,29004,0.0,0.0
2010-10-13 00:00:00+05:30,44.45000076293945,44.5,42.650001525878906,43.900001525878906,21112,0.0,0.0
2010-10-14 00:00:00+05:30,44.5,44.5,43.0,43.25,12356,0.0,0.0
2010-10-15 00:00:00+05:30,43.29999923706055,43.650001525878906,41.5,41.95000076293945,18159,0.0,0.0
2010-10-18 00:00:00+05:30,42.099998474121094,43.599998474121094,40.04999923706055,40.45000076293945,56318,0.0,0.0
2010-10-19 00:00:00+05:30,41.95000076293945,42.5,41.099998474121094,41.75,34749,0.0,0.0
2010-10-20 00:00:00+05:30,41.75,44.25,40.349998474121094,43.0,183468,0.0,0.0
2010-10-21 00:00:00+05:30,43.79999923706055,43.79999923706055,42.04999923706055,42.849998474121094,36816,0.0,0.0
2010-10-22 00:00:00+05:30,43.75,44.0,42.599998474121094,42.79999923706055,54697,0.0,0.0
2010-10-25 00:00:00+05:30,44.29999923706055,46.0,44.099998474121094,45.349998474121094,219204,0.0,0.0
2010-10-26 00:00:00+05:30,37.0,46.5,37.0,44.25,63344,0.0,0.0
2010-10-27 00:00:00+05:30,44.75,44.75,43.20000076293945,43.5,16034,0.0,0.0
2010-10-28 00:00:00+05:30,44.20000076293945,45.5,43.25,43.400001525878906,14546,0.0,0.0
2010-10-29 00:00:00+05:30,42.79999923706055,44.0,42.79999923706055,42.849998474121094,33447,0.0,0.0
2010-11-01 00:00:00+05:30,42.900001525878906,43.79999923706055,42.0,42.29999923706055,20332,0.0,0.0
2010-11-02 00:00:00+05:30,42.20000076293945,43.150001525878906,42.150001525878906,42.400001525878906,20929,0.0,0.0
2010-11-03 00:00:00+05:30,42.849998474121094,43.45000076293945,42.150001525878906,42.75,22587,0.0,0.0
2010-11-04 00:00:00+05:30,42.0,43.650001525878906,42.0,43.04999923706055,19204,0.0,0.0
2010-11-08 00:00:00+05:30,44.54999923706055,47.099998474121094,44.54999923706055,46.45000076293945,283447,0.0,0.0
2010-11-09 00:00:00+05:30,47.849998474121094,48.45000076293945,47.400001525878906,47.79999923706055,261553,0.0,0.0
2010-11-10 00:00:00+05:30,48.900001525878906,51.79999923706055,46.099998474121094,51.099998474121094,331253,0.0,0.0
2010-11-11 00:00:00+05:30,60.0,60.0,51.0,52.29999923706055,308142,0.0,0.0
2010-11-12 00:00:00+05:30,49.099998474121094,51.79999923706055,47.900001525878906,48.349998474121094,208109,0.0,0.0
2010-11-15 00:00:00+05:30,47.099998474121094,48.150001525878906,47.0,47.79999923706055,183030,0.0,0.0
2010-11-16 00:00:00+05:30,47.79999923706055,48.400001525878906,44.349998474121094,44.95000076293945,32947,0.0,0.0
2010-11-18 00:00:00+05:30,46.5,46.75,41.20000076293945,44.599998474121094,43434,0.0,0.0
2010-11-19 00:00:00+05:30,45.0,45.0,43.0,43.45000076293945,21959,0.0,0.0
2010-11-22 00:00:00+05:30,43.0,45.25,43.0,45.04999923706055,60170,0.0,0.0
2010-11-23 00:00:00+05:30,44.95000076293945,46.5,42.79999923706055,45.25,93195,0.0,0.0
2010-11-24 00:00:00+05:30,45.25,47.099998474121094,44.5,46.29999923706055,70370,0.0,0.0
2010-11-25 00:00:00+05:30,46.75,46.75,43.0,45.0,65336,0.0,0.0
2010-11-26 00:00:00+05:30,45.79999923706055,45.79999923706055,41.099998474121094,44.349998474121094,93944,0.0,0.0
2010-11-29 00:00:00+05:30,45.0,45.0,42.04999923706055,42.650001525878906,51559,0.0,0.0
2010-11-30 00:00:00+05:30,43.0,50.599998474121094,40.5,47.599998474121094,281241,0.0,0.0
2010-12-01 00:00:00+05:30,49.0,51.0,46.099998474121094,48.5,210200,0.0,0.0
2010-12-02 00:00:00+05:30,48.099998474121094,50.0,46.599998474121094,47.650001525878906,82436,0.0,0.0
2010-12-03 00:00:00+05:30,47.099998474121094,49.95000076293945,47.099998474121094,49.150001525878906,102632,0.0,0.0
2010-12-06 00:00:00+05:30,50.0,51.349998474121094,48.5,48.75,69767,0.0,0.0
2010-12-07 00:00:00+05:30,49.45000076293945,49.45000076293945,43.25,44.650001525878906,185840,0.0,0.0
2010-12-08 00:00:00+05:30,46.0,46.70000076293945,42.95000076293945,43.5,57032,0.0,0.0
2010-12-09 00:00:00+05:30,44.79999923706055,44.79999923706055,37.20000076293945,40.150001525878906,138368,0.0,0.0
2010-12-10 00:00:00+05:30,40.849998474121094,42.95000076293945,39.79999923706055,41.70000076293945,64009,0.0,0.0
2010-12-13 00:00:00+05:30,49.0,49.0,42.099998474121094,42.400001525878906,43712,0.0,0.0
2010-12-14 00:00:00+05:30,43.0,44.5,42.5,43.150001525878906,51801,0.0,0.0
2010-12-15 00:00:00+05:30,42.5,44.0,42.5,42.75,31043,0.0,0.0
2010-12-16 00:00:00+05:30,44.900001525878906,47.900001525878906,44.900001525878906,45.400001525878906,380110,0.0,0.0
2010-12-20 00:00:00+05:30,45.95000076293945,46.900001525878906,45.95000076293945,46.54999923706055,54350,0.0,0.0
2010-12-21 00:00:00+05:30,47.0,47.45000076293945,45.650001525878906,46.150001525878906,47732,0.0,0.0
2010-12-22 00:00:00+05:30,47.900001525878906,48.0,46.5,46.79999923706055,74936,0.0,0.0
2010-12-23 00:00:00+05:30,46.099998474121094,47.79999923706055,45.099998474121094,47.45000076293945,57882,0.0,0.0
2010-12-24 00:00:00+05:30,48.0,49.900001525878906,47.0,49.150001525878906,270139,0.0,0.0
2010-12-27 00:00:00+05:30,49.099998474121094,51.349998474121094,48.599998474121094,49.54999923706055,265598,0.0,0.0
2010-12-28 00:00:00+05:30,49.0,49.45000076293945,48.5,48.650001525878906,38678,0.0,0.0
2010-12-29 00:00:00+05:30,48.95000076293945,50.45000076293945,48.95000076293945,49.400001525878906,118128,0.0,0.0
2010-12-30 00:00:00+05:30,49.5,49.75,48.5,49.04999923706055,45789,0.0,0.0
2010-12-31 00:00:00+05:30,50.5,50.5,47.70000076293945,48.0,59082,0.0,0.0
2011-01-03 00:00:00+05:30,47.29999923706055,49.5,47.29999923706055,49.04999923706055,78264,0.0,0.0
2011-01-04 00:00:00+05:30,48.900001525878906,51.20000076293945,48.900001525878906,49.79999923706055,154106,0.0,0.0
2011-01-05 00:00:00+05:30,49.25,50.25,48.29999923706055,48.849998474121094,41054,0.0,0.0
2011-01-06 00:00:00+05:30,49.099998474121094,49.849998474121094,48.099998474121094,48.900001525878906,50633,0.0,0.0
2011-01-07 00:00:00+05:30,48.099998474121094,48.099998474121094,46.04999923706055,46.29999923706055,41278,0.0,0.0
2011-01-10 00:00:00+05:30,44.79999923706055,46.20000076293945,44.04999923706055,44.20000076293945,42879,0.0,0.0
2011-01-11 00:00:00+05:30,43.0,44.0,43.0,43.400001525878906,37126,0.0,0.0
2011-01-12 00:00:00+05:30,40.099998474121094,45.5,40.099998474121094,44.900001525878906,42513,0.0,0.0
2011-01-13 00:00:00+05:30,44.0,45.0,41.0,43.04999923706055,31297,0.0,0.0
2011-01-14 00:00:00+05:30,41.5,44.099998474121094,41.5,42.25,21587,0.0,0.0
2011-01-17 00:00:00+05:30,41.5,44.5,41.400001525878906,43.70000076293945,49983,0.0,0.0
2011-01-18 00:00:00+05:30,43.0,47.0,43.0,45.75,159137,0.0,0.0
2011-01-19 00:00:00+05:30,45.900001525878906,47.0,44.599998474121094,45.650001525878906,71177,0.0,0.0
2011-01-20 00:00:00+05:30,44.20000076293945,44.849998474121094,43.29999923706055,44.04999923706055,46768,0.0,0.0
2011-01-21 00:00:00+05:30,44.04999923706055,44.79999923706055,42.849998474121094,44.29999923706055,48591,0.0,0.0
2011-01-24 00:00:00+05:30,43.54999923706055,44.900001525878906,43.20000076293945,44.400001525878906,32835,0.0,0.0
2011-01-25 00:00:00+05:30,43.099998474121094,46.70000076293945,42.599998474121094,46.400001525878906,91293,0.0,0.0
2011-01-27 00:00:00+05:30,45.0,47.29999923706055,44.04999923706055,47.0,41279,0.0,0.0
2011-01-28 00:00:00+05:30,45.0,47.400001525878906,43.75,46.599998474121094,108853,0.0,0.0
2011-01-31 00:00:00+05:30,44.70000076293945,47.0,43.75,46.349998474121094,157783,0.0,0.0
2011-02-01 00:00:00+05:30,44.5,47.5,44.5,46.900001525878906,78785,0.0,0.0
2011-02-02 00:00:00+05:30,46.5,47.099998474121094,44.150001525878906,45.79999923706055,100221,0.0,0.0
2011-02-03 00:00:00+05:30,46.25,46.900001525878906,45.5,45.95000076293945,110867,0.0,0.0
2011-02-04 00:00:00+05:30,45.5,46.900001525878906,45.099998474121094,46.45000076293945,131086,0.0,0.0
2011-02-07 00:00:00+05:30,46.25,47.099998474121094,44.75,46.75,59047,0.0,0.0
2011-02-08 00:00:00+05:30,46.900001525878906,46.900001525878906,43.20000076293945,44.70000076293945,34826,0.0,0.0
2011-02-09 00:00:00+05:30,44.0,45.75,42.650001525878906,44.900001525878906,120897,0.0,0.0
2011-02-10 00:00:00+05:30,42.79999923706055,44.400001525878906,40.5,42.20000076293945,103292,0.0,0.0
2011-02-11 00:00:00+05:30,42.0,43.95000076293945,35.099998474121094,40.150001525878906,155770,0.0,0.0
2011-02-14 00:00:00+05:30,42.75,42.900001525878906,41.349998474121094,42.650001525878906,24308,0.0,0.0
2011-02-15 00:00:00+05:30,43.0,44.0,42.0,42.150001525878906,10690,0.0,0.0
2011-02-16 00:00:00+05:30,43.0,43.0,40.20000076293945,42.5,15104,0.0,0.0
2011-02-17 00:00:00+05:30,42.599998474121094,45.25,42.599998474121094,45.0,46735,0.0,0.0
2011-02-18 00:00:00+05:30,44.349998474121094,47.0,44.29999923706055,46.349998474121094,38990,0.0,0.0
2011-02-21 00:00:00+05:30,45.25,46.79999923706055,45.099998474121094,46.400001525878906,21352,0.0,0.0
2011-02-22 00:00:00+05:30,45.400001525878906,47.75,45.150001525878906,47.04999923706055,43743,0.0,0.0
2011-02-23 00:00:00+05:30,46.20000076293945,46.849998474121094,45.79999923706055,46.0,12236,0.0,0.0
2011-02-24 00:00:00+05:30,45.20000076293945,45.5,44.0,44.45000076293945,7630,0.0,0.0
2011-02-25 00:00:00+05:30,43.54999923706055,45.29999923706055,43.29999923706055,43.849998474121094,13971,0.0,0.0
2011-02-28 00:00:00+05:30,43.349998474121094,44.79999923706055,43.0,43.25,3227,0.0,0.0
2011-03-01 00:00:00+05:30,46.900001525878906,46.900001525878906,42.650001525878906,44.5,23019,0.0,0.0
2011-03-03 00:00:00+05:30,43.70000076293945,44.75,43.70000076293945,44.599998474121094,8008,0.0,0.0
2011-03-04 00:00:00+05:30,44.599998474121094,45.099998474121094,43.849998474121094,44.849998474121094,18597,0.0,0.0
2011-03-07 00:00:00+05:30,42.75,43.70000076293945,40.349998474121094,43.400001525878906,113155,0.0,0.0
2011-03-08 00:00:00+05:30,43.29999923706055,43.75,43.0,43.349998474121094,9158,0.0,0.0
2011-03-09 00:00:00+05:30,43.5,43.599998474121094,42.650001525878906,43.150001525878906,5560,0.0,0.0
2011-03-10 00:00:00+05:30,42.349998474121094,43.75,42.349998474121094,42.54999923706055,9411,0.0,0.0
2011-03-11 00:00:00+05:30,42.150001525878906,42.900001525878906,41.099998474121094,41.400001525878906,9162,0.0,0.0
2011-03-14 00:00:00+05:30,41.400001525878906,42.900001525878906,41.0,42.650001525878906,141518,0.0,0.0
2011-03-15 00:00:00+05:30,40.5,43.599998474121094,40.5,43.04999923706055,128011,0.0,0.0
2011-03-16 00:00:00+05:30,41.5,43.29999923706055,41.25,43.0,19240,0.0,0.0
2011-03-17 00:00:00+05:30,41.54999923706055,43.70000076293945,41.54999923706055,43.20000076293945,53729,0.0,0.0
2011-03-18 00:00:00+05:30,42.54999923706055,43.5,42.5,43.0,102267,0.0,0.0
2011-03-21 00:00:00+05:30,43.5,43.79999923706055,42.04999923706055,42.5,16972,0.0,0.0
2011-03-22 00:00:00+05:30,43.20000076293945,44.400001525878906,43.20000076293945,43.5,10883,0.0,0.0
2011-03-23 00:00:00+05:30,45.45000076293945,45.45000076293945,42.150001525878906,42.45000076293945,24725,0.0,0.0
2011-03-24 00:00:00+05:30,43.400001525878906,43.849998474121094,42.599998474121094,43.0,102960,0.0,0.0
2011-03-25 00:00:00+05:30,43.79999923706055,45.900001525878906,43.79999923706055,44.400001525878906,84098,0.0,0.0
2011-03-28 00:00:00+05:30,44.0,45.0,38.900001525878906,42.5,46139,0.0,0.0
2011-03-29 00:00:00+05:30,42.95000076293945,43.0,42.0,42.29999923706055,31828,0.0,0.0
2011-03-30 00:00:00+05:30,41.900001525878906,42.75,41.70000076293945,42.150001525878906,5750,0.0,0.0
2011-03-31 00:00:00+05:30,42.150001525878906,42.5,40.79999923706055,41.25,18585,0.0,0.0
2011-04-01 00:00:00+05:30,41.5,43.599998474121094,41.150001525878906,43.5,132437,0.0,0.0
2011-04-04 00:00:00+05:30,43.5,44.0,42.79999923706055,43.75,15807,0.0,0.0
2011-04-05 00:00:00+05:30,37.95000076293945,46.900001525878906,37.95000076293945,43.900001525878906,66202,0.0,0.0
2011-04-06 00:00:00+05:30,44.0,44.5,43.0,43.599998474121094,21235,0.0,0.0
2011-04-07 00:00:00+05:30,42.75,48.79999923706055,42.75,45.400001525878906,173522,0.0,0.0
2011-04-08 00:00:00+05:30,47.0,47.0,43.70000076293945,44.29999923706055,57141,0.0,0.0
2011-04-11 00:00:00+05:30,43.54999923706055,44.04999923706055,43.099998474121094,43.79999923706055,20884,0.0,0.0
2011-04-13 00:00:00+05:30,43.04999923706055,45.0,43.04999923706055,43.75,32284,0.0,0.0
2011-04-15 00:00:00+05:30,42.75,44.900001525878906,42.75,44.70000076293945,65422,0.0,0.0
2011-04-18 00:00:00+05:30,43.20000076293945,45.349998474121094,43.20000076293945,44.54999923706055,25628,0.0,0.0
2011-04-19 00:00:00+05:30,43.650001525878906,45.0,43.54999923706055,44.599998474121094,19065,0.0,0.0
2011-04-20 00:00:00+05:30,45.599998474121094,45.599998474121094,43.20000076293945,44.849998474121094,21445,0.0,0.0
2011-04-21 00:00:00+05:30,44.599998474121094,45.29999923706055,44.150001525878906,44.599998474121094,3638,0.0,0.0
2011-04-25 00:00:00+05:30,44.0,45.29999923706055,42.95000076293945,44.900001525878906,26400,0.0,0.0
2011-04-26 00:00:00+05:30,44.5,45.0,44.20000076293945,44.79999923706055,10839,0.0,0.0
2011-04-27 00:00:00+05:30,44.599998474121094,45.0,44.349998474121094,44.849998474121094,18084,0.0,0.0
2011-04-28 00:00:00+05:30,44.599998474121094,45.0,43.599998474121094,44.95000076293945,21983,0.0,0.0
2011-04-29 00:00:00+05:30,45.150001525878906,46.5,44.150001525878906,46.20000076293945,116267,0.0,0.0
2011-05-02 00:00:00+05:30,46.0,46.099998474121094,44.20000076293945,44.79999923706055,23595,0.0,0.0
2011-05-03 00:00:00+05:30,44.20000076293945,45.70000076293945,42.54999923706055,44.0,60148,0.0,0.0
2011-05-04 00:00:00+05:30,43.45000076293945,44.099998474121094,43.0,43.349998474121094,12607,0.0,0.0
2011-05-05 00:00:00+05:30,42.95000076293945,43.54999923706055,42.20000076293945,42.349998474121094,11241,0.0,0.0
2011-05-06 00:00:00+05:30,41.25,42.849998474121094,41.25,42.25,6779,0.0,0.0
2011-05-09 00:00:00+05:30,43.95000076293945,43.95000076293945,40.70000076293945,41.150001525878906,9565,0.0,0.0
2011-05-10 00:00:00+05:30,41.0,42.400001525878906,39.5,41.650001525878906,42182,0.0,0.0
2011-05-11 00:00:00+05:30,41.5,42.0,39.599998474121094,41.29999923706055,30402,0.0,0.0
2011-05-12 00:00:00+05:30,41.5,42.349998474121094,39.79999923706055,41.25,21166,0.0,0.0
2011-05-13 00:00:00+05:30,40.79999923706055,42.0,40.5,41.25,15689,0.0,0.0
2011-05-16 00:00:00+05:30,40.5,41.5,39.849998474121094,39.95000076293945,6008,0.0,0.0
2011-05-17 00:00:00+05:30,39.70000076293945,41.0,39.25,40.29999923706055,23052,0.0,0.0
2011-05-18 00:00:00+05:30,39.349998474121094,40.75,39.20000076293945,39.349998474121094,4731,0.0,0.0
2011-05-19 00:00:00+05:30,39.349998474121094,40.45000076293945,38.54999923706055,39.849998474121094,12633,0.0,0.0
2011-05-20 00:00:00+05:30,38.04999923706055,40.45000076293945,38.04999923706055,39.650001525878906,4050,0.0,0.0
2011-05-23 00:00:00+05:30,40.0,40.599998474121094,38.0,38.099998474121094,9024,0.0,0.0
2011-05-24 00:00:00+05:30,38.25,38.75,38.20000076293945,38.70000076293945,17692,0.0,0.0
2011-05-25 00:00:00+05:30,38.099998474121094,39.400001525878906,37.0,38.95000076293945,38383,0.0,0.0
2011-05-26 00:00:00+05:30,38.0,39.099998474121094,38.0,38.79999923706055,857,0.0,0.0
2011-05-27 00:00:00+05:30,39.349998474121094,40.0,38.70000076293945,39.0,33561,0.0,0.0
2011-05-30 00:00:00+05:30,38.0,39.70000076293945,38.0,38.79999923706055,5482,0.0,0.0
2011-05-31 00:00:00+05:30,38.45000076293945,43.04999923706055,38.45000076293945,41.599998474121094,118536,0.0,0.0
2011-06-01 00:00:00+05:30,41.79999923706055,42.5,40.45000076293945,42.0,38875,0.0,0.0
2011-06-02 00:00:00+05:30,42.900001525878906,43.400001525878906,40.45000076293945,40.599998474121094,41199,0.0,0.0
2011-06-03 00:00:00+05:30,41.0,41.29999923706055,39.650001525878906,40.45000076293945,213835,0.0,0.0
2011-06-06 00:00:00+05:30,39.45000076293945,40.099998474121094,38.5,38.75,24104,0.0,0.0
2011-06-07 00:00:00+05:30,38.0,38.95000076293945,38.0,38.650001525878906,10935,0.0,0.0
2011-06-08 00:00:00+05:30,36.20000076293945,39.25,36.20000076293945,38.95000076293945,5902,0.0,0.0
2011-06-09 00:00:00+05:30,38.900001525878906,39.0,37.95000076293945,38.54999923706055,263101,0.0,0.0
2011-06-10 00:00:00+05:30,38.70000076293945,38.75,38.0,38.29999923706055,263793,0.0,0.0
2011-06-13 00:00:00+05:30,38.099998474121094,38.70000076293945,36.75,37.599998474121094,20408,0.0,0.0
2011-06-14 00:00:00+05:30,36.099998474121094,38.5,36.099998474121094,37.95000076293945,95820,0.0,0.0
2011-06-15 00:00:00+05:30,38.25,39.20000076293945,37.099998474121094,38.650001525878906,15316,0.0,0.0
2011-06-16 00:00:00+05:30,38.099998474121094,38.5,36.849998474121094,38.0,27943,0.0,0.0
2011-06-17 00:00:00+05:30,38.0,38.0,34.79999923706055,36.25,249460,0.0,0.0
2011-06-20 00:00:00+05:30,37.0,37.0,35.5,35.849998474121094,14893,0.0,0.0
2011-06-21 00:00:00+05:30,34.650001525878906,36.400001525878906,34.650001525878906,35.70000076293945,213050,0.0,0.0
2011-06-22 00:00:00+05:30,39.150001525878906,39.150001525878906,35.599998474121094,36.45000076293945,111018,0.0,0.0
2011-06-23 00:00:00+05:30,37.5,38.04999923706055,35.650001525878906,37.70000076293945,129051,0.0,0.0
2011-06-24 00:00:00+05:30,38.400001525878906,39.349998474121094,37.150001525878906,38.25,19658,0.0,0.0
2011-06-27 00:00:00+05:30,37.25,38.0,37.099998474121094,37.25,7527,0.0,0.0
2011-06-28 00:00:00+05:30,36.400001525878906,38.0,36.400001525878906,37.099998474121094,45549,0.0,0.0
2011-06-29 00:00:00+05:30,38.25,40.349998474121094,37.900001525878906,39.54999923706055,32813,0.0,0.0
2011-06-30 00:00:00+05:30,40.25,40.79999923706055,39.099998474121094,39.70000076293945,51724,0.0,0.0
2011-07-01 00:00:00+05:30,39.25,40.5,39.25,39.900001525878906,6980,0.0,0.0
2011-07-04 00:00:00+05:30,40.5,42.599998474121094,40.099998474121094,41.20000076293945,286613,0.0,0.0
2011-07-05 00:00:00+05:30,40.29999923706055,41.5,40.099998474121094,40.150001525878906,19624,0.0,0.0
2011-07-06 00:00:00+05:30,40.29999923706055,41.20000076293945,40.099998474121094,40.29999923706055,17877,0.0,0.0
2011-07-07 00:00:00+05:30,39.70000076293945,40.79999923706055,39.5,40.400001525878906,8870,0.0,0.0
2011-07-08 00:00:00+05:30,41.650001525878906,41.70000076293945,40.400001525878906,41.04999923706055,29949,0.0,0.0
2011-07-11 00:00:00+05:30,40.099998474121094,41.900001525878906,39.5,41.099998474121094,35737,0.0,0.0
2011-07-12 00:00:00+05:30,40.20000076293945,41.0,40.099998474121094,40.349998474121094,15694,0.0,0.0
2011-07-13 00:00:00+05:30,40.79999923706055,41.400001525878906,40.20000076293945,40.29999923706055,8191,0.0,0.0
2011-07-14 00:00:00+05:30,40.54999923706055,41.900001525878906,40.349998474121094,41.04999923706055,16971,0.0,0.0
2011-07-15 00:00:00+05:30,41.599998474121094,42.5,41.099998474121094,41.54999923706055,49123,0.0,0.0
2011-07-18 00:00:00+05:30,41.900001525878906,42.0,40.79999923706055,41.25,11248,0.0,0.0
2011-07-19 00:00:00+05:30,41.70000076293945,41.900001525878906,41.04999923706055,41.29999923706055,7597,0.0,0.0
2011-07-20 00:00:00+05:30,41.5,41.70000076293945,40.25,41.0,88398,0.0,0.0
2011-07-21 00:00:00+05:30,41.0,41.79999923706055,40.0,40.75,24226,0.0,0.0
2011-07-22 00:00:00+05:30,41.29999923706055,41.900001525878906,40.599998474121094,41.349998474121094,42440,0.0,0.0
2011-07-25 00:00:00+05:30,41.099998474121094,42.0,40.45000076293945,41.5,43384,0.0,0.0
2011-07-26 00:00:00+05:30,41.0,41.54999923706055,40.45000076293945,40.75,5153,0.0,0.0
2011-07-27 00:00:00+05:30,40.5,41.0,40.29999923706055,40.95000076293945,2189,0.0,0.0
2011-07-28 00:00:00+05:30,41.20000076293945,41.20000076293945,39.70000076293945,40.150001525878906,8078,0.0,0.0
2011-07-29 00:00:00+05:30,39.75,40.400001525878906,39.29999923706055,39.400001525878906,23997,0.0,0.0
2011-08-01 00:00:00+05:30,39.25,41.849998474121094,38.25,41.0,30756,0.0,0.0
2011-08-02 00:00:00+05:30,40.75,42.25,39.25,41.79999923706055,42437,0.0,0.0
2011-08-03 00:00:00+05:30,41.099998474121094,43.900001525878906,40.20000076293945,43.099998474121094,42773,0.0,0.0
2011-08-04 00:00:00+05:30,42.900001525878906,43.25,41.400001525878906,42.70000076293945,35670,0.0,0.0
2011-08-05 00:00:00+05:30,39.349998474121094,41.650001525878906,39.0,41.099998474121094,53616,0.0,0.0
2011-08-08 00:00:00+05:30,40.0,40.0,36.45000076293945,39.099998474121094,23908,0.0,0.0
2011-08-09 00:00:00+05:30,37.20000076293945,39.70000076293945,37.150001525878906,39.29999923706055,51537,0.0,0.0
2011-08-10 00:00:00+05:30,39.900001525878906,40.70000076293945,38.5,39.849998474121094,37066,0.0,0.0
2011-08-11 00:00:00+05:30,40.0,41.0,39.5,40.400001525878906,26713,0.0,0.0
2011-08-12 00:00:00+05:30,40.70000076293945,41.900001525878906,40.0,41.5,20796,0.0,0.0
2011-08-16 00:00:00+05:30,40.650001525878906,41.349998474121094,39.04999923706055,40.650001525878906,20122,0.0,0.0
2011-08-17 00:00:00+05:30,41.0,41.0,39.0,40.75,27384,0.0,0.0
2011-08-18 00:00:00+05:30,40.0,41.0,39.099998474121094,40.20000076293945,28485,0.0,0.0
2011-08-19 00:00:00+05:30,39.25,40.5,32.20000076293945,35.099998474121094,128927,0.0,0.0
2011-08-22 00:00:00+05:30,34.0,34.0,31.600000381469727,32.900001525878906,55707,0.0,0.0
2011-08-23 00:00:00+05:30,32.5,33.79999923706055,31.600000381469727,33.150001525878906,6449,0.0,0.0
2011-08-24 00:00:00+05:30,32.79999923706055,33.5,27.100000381469727,31.5,159320,0.0,0.0
2011-08-25 00:00:00+05:30,32.099998474121094,32.79999923706055,30.799999237060547,31.25,135201,0.0,0.0
2011-08-26 00:00:00+05:30,32.5,32.5,30.149999618530273,30.399999618530273,3647,0.0,0.0
2011-08-29 00:00:00+05:30,32.25,32.5,31.0,31.549999237060547,4213,0.0,0.0
2011-08-30 00:00:00+05:30,31.649999618530273,32.900001525878906,31.600000381469727,32.0,5902,0.0,0.0
2011-09-02 00:00:00+05:30,31.549999237060547,32.5,31.549999237060547,32.29999923706055,4599,0.0,0.0
2011-09-05 00:00:00+05:30,32.0,33.29999923706055,32.0,32.54999923706055,8098,0.0,0.0
2011-09-06 00:00:00+05:30,32.400001525878906,32.5,31.5,32.0,3971,0.0,0.0
2011-09-07 00:00:00+05:30,32.5,33.0,31.700000762939453,31.850000381469727,3595,0.0,0.0
2011-09-08 00:00:00+05:30,34.25,34.29999923706055,32.29999923706055,32.599998474121094,3300,0.0,0.0
2011-09-09 00:00:00+05:30,32.150001525878906,33.900001525878906,32.099998474121094,32.849998474121094,16144,0.0,0.0
2011-09-12 00:00:00+05:30,31.600000381469727,32.79999923706055,31.600000381469727,32.5,2012,0.0,0.0
2011-09-13 00:00:00+05:30,32.900001525878906,32.900001525878906,31.649999618530273,31.950000762939453,2779,0.0,0.0
2011-09-14 00:00:00+05:30,31.950000762939453,32.95000076293945,31.0,32.25,6048,0.0,0.0
2011-09-15 00:00:00+05:30,31.799999237060547,32.79999923706055,31.799999237060547,32.79999923706055,560,0.0,0.0
2011-09-16 00:00:00+05:30,32.29999923706055,32.79999923706055,32.20000076293945,32.5,1520,0.0,0.0
2011-09-19 00:00:00+05:30,32.79999923706055,32.79999923706055,31.799999237060547,31.799999237060547,730,0.0,0.0
2011-09-20 00:00:00+05:30,31.950000762939453,32.650001525878906,31.799999237060547,31.899999618530273,1255,0.0,0.0
2011-09-21 00:00:00+05:30,32.0,32.20000076293945,30.049999237060547,30.450000762939453,39709,0.0,0.0
2011-09-22 00:00:00+05:30,30.200000762939453,30.5,29.5,29.700000762939453,8259,0.0,0.0
2011-09-23 00:00:00+05:30,29.100000381469727,30.0,29.100000381469727,29.600000381469727,6028,0.0,0.0
2011-09-26 00:00:00+05:30,30.0,30.0,28.299999237060547,28.950000762939453,4002,0.0,0.0
2011-09-27 00:00:00+05:30,29.200000762939453,30.25,29.200000762939453,29.350000381469727,3477,0.0,0.0
2011-09-28 00:00:00+05:30,28.850000381469727,30.950000762939453,28.5,28.899999618530273,6662,0.0,0.0
2011-09-29 00:00:00+05:30,28.0,28.700000762939453,27.5,27.850000381469727,3859,0.0,0.0
2011-09-30 00:00:00+05:30,27.049999237060547,29.200000762939453,27.049999237060547,28.399999618530273,4647,0.0,0.0
2011-10-03 00:00:00+05:30,29.0,29.0,26.700000762939453,28.350000381469727,3820,0.0,0.0
2011-10-04 00:00:00+05:30,27.399999618530273,29.399999618530273,27.399999618530273,28.149999618530273,3983,0.0,0.0
2011-10-05 00:00:00+05:30,27.450000762939453,28.0,27.200000762939453,27.450000762939453,2252,0.0,0.0
2011-10-07 00:00:00+05:30,27.549999237060547,29.0,27.100000381469727,27.350000381469727,2001,0.0,0.0
2011-10-10 00:00:00+05:30,27.149999618530273,29.899999618530273,27.149999618530273,28.549999237060547,4567,0.0,0.0
2011-10-11 00:00:00+05:30,29.899999618530273,29.899999618530273,28.5,28.850000381469727,788,0.0,0.0
2011-10-12 00:00:00+05:30,29.25,29.299999237060547,28.100000381469727,28.549999237060547,3930,0.0,0.0
2011-10-13 00:00:00+05:30,28.299999237060547,29.25,28.299999237060547,28.600000381469727,1100,0.0,0.0
2011-10-14 00:00:00+05:30,28.100000381469727,29.700000762939453,28.100000381469727,29.100000381469727,8191,0.0,0.0
2011-10-17 00:00:00+05:30,28.200000762939453,30.850000381469727,28.200000762939453,30.350000381469727,9820,0.0,0.0
2011-10-18 00:00:00+05:30,30.100000381469727,30.799999237060547,29.799999237060547,30.100000381469727,10920,0.0,0.0
2011-10-19 00:00:00+05:30,30.899999618530273,31.950000762939453,30.5,31.399999618530273,17311,0.0,0.0
2011-10-20 00:00:00+05:30,31.899999618530273,32.0,31.399999618530273,31.600000381469727,14518,0.0,0.0
2011-10-21 00:00:00+05:30,32.20000076293945,32.900001525878906,31.049999237060547,32.70000076293945,10629,0.0,0.0
2011-10-24 00:00:00+05:30,33.099998474121094,33.099998474121094,31.5,32.400001525878906,3603,0.0,0.0
2011-10-25 00:00:00+05:30,31.899999618530273,32.95000076293945,31.549999237060547,32.5,17045,0.0,0.0
2011-10-28 00:00:00+05:30,33.400001525878906,33.400001525878906,31.5,31.649999618530273,839,0.0,0.0
2011-10-31 00:00:00+05:30,32.0,32.900001525878906,31.700000762939453,31.799999237060547,3046,0.0,0.0
2011-11-01 00:00:00+05:30,31.5,32.0,31.5,31.899999618530273,134922,0.0,0.0
2011-11-02 00:00:00+05:30,32.0,32.0,31.100000381469727,31.100000381469727,5209,0.0,0.0
2011-11-03 00:00:00+05:30,31.149999618530273,31.5,30.399999618530273,30.600000381469727,120846,0.0,0.0
2011-11-04 00:00:00+05:30,31.5,31.5,30.799999237060547,30.899999618530273,911,0.0,0.0
2011-11-08 00:00:00+05:30,30.350000381469727,31.200000762939453,30.200000762939453,30.899999618530273,85058,0.0,0.0
2011-11-09 00:00:00+05:30,30.299999237060547,30.799999237060547,30.049999237060547,30.200000762939453,2733,0.0,0.0
2011-11-11 00:00:00+05:30,30.049999237060547,31.25,29.700000762939453,29.950000762939453,16492,0.0,0.0
2011-11-14 00:00:00+05:30,30.950000762939453,30.950000762939453,28.0,28.299999237060547,11385,0.0,0.0
2011-11-15 00:00:00+05:30,27.899999618530273,28.5,27.049999237060547,27.799999237060547,11547,0.0,0.0
2011-11-16 00:00:00+05:30,27.5,28.5,25.799999237060547,28.149999618530273,202582,0.0,0.0
2011-11-17 00:00:00+05:30,29.850000381469727,29.850000381469727,26.149999618530273,26.75,4237,0.0,0.0
2011-11-18 00:00:00+05:30,26.200000762939453,28.450000762939453,26.200000762939453,27.649999618530273,2917,0.0,0.0
2011-11-21 00:00:00+05:30,27.0,29.0,27.0,28.450000762939453,4029,0.0,0.0
2011-11-22 00:00:00+05:30,27.5,30.0,26.75,29.549999237060547,125773,0.0,0.0
2011-11-23 00:00:00+05:30,29.0,31.0,28.799999237060547,29.5,18223,0.0,0.0
2011-11-24 00:00:00+05:30,28.5,30.75,28.0,29.799999237060547,17673,0.0,0.0
2011-11-25 00:00:00+05:30,29.100000381469727,30.049999237060547,28.549999237060547,29.950000762939453,3770,0.0,0.0
2011-11-28 00:00:00+05:30,30.5,30.600000381469727,28.799999237060547,29.950000762939453,8466,0.0,0.0
2011-11-29 00:00:00+05:30,30.0,30.0,24.0,27.549999237060547,271878,0.0,0.0
2011-11-30 00:00:00+05:30,28.0,28.850000381469727,27.100000381469727,28.5,2296,0.0,0.0
2011-12-01 00:00:00+05:30,29.350000381469727,30.0,29.0,29.799999237060547,11830,0.0,0.0
2011-12-02 00:00:00+05:30,28.649999618530273,31.450000762939453,28.649999618530273,30.350000381469727,3138,0.0,0.0
2011-12-05 00:00:00+05:30,30.0,30.549999237060547,28.5,30.350000381469727,883,0.0,0.0
2011-12-07 00:00:00+05:30,30.5,30.5,28.0,28.899999618530273,13276,0.0,0.0
2011-12-08 00:00:00+05:30,29.799999237060547,29.799999237060547,27.299999237060547,28.100000381469727,3353,0.0,0.0
2011-12-09 00:00:00+05:30,27.649999618530273,29.600000381469727,27.649999618530273,29.100000381469727,673,0.0,0.0
2011-12-12 00:00:00+05:30,28.549999237060547,29.899999618530273,28.549999237060547,29.299999237060547,7238,0.0,0.0
2011-12-13 00:00:00+05:30,28.25,29.299999237060547,28.25,29.299999237060547,45089,0.0,0.0
2011-12-14 00:00:00+05:30,28.0,29.5,28.0,29.200000762939453,21883,0.0,0.0
2011-12-15 00:00:00+05:30,28.299999237060547,28.299999237060547,27.100000381469727,28.049999237060547,3489,0.0,0.0
2011-12-16 00:00:00+05:30,27.649999618530273,28.899999618530273,25.049999237060547,25.700000762939453,4797,0.0,0.0
2011-12-19 00:00:00+05:30,25.700000762939453,26.5,23.799999237060547,25.0,21812,0.0,0.0
2011-12-20 00:00:00+05:30,24.100000381469727,27.399999618530273,24.100000381469727,26.5,10942,0.0,0.0
2011-12-21 00:00:00+05:30,27.649999618530273,27.649999618530273,26.0,26.299999237060547,3314,0.0,0.0
2011-12-22 00:00:00+05:30,26.100000381469727,27.75,26.100000381469727,27.0,3190,0.0,0.0
2011-12-23 00:00:00+05:30,27.75,28.200000762939453,27.100000381469727,27.75,5897,0.0,0.0
2011-12-26 00:00:00+05:30,28.75,28.75,27.049999237060547,28.25,4880,0.0,0.0
2011-12-27 00:00:00+05:30,27.0,28.299999237060547,25.899999618530273,28.100000381469727,3473,0.0,0.0
2011-12-28 00:00:00+05:30,28.149999618530273,29.899999618530273,27.450000762939453,28.950000762939453,14819,0.0,0.0
2011-12-29 00:00:00+05:30,28.5,29.0,28.5,29.0,7142,0.0,0.0
2011-12-30 00:00:00+05:30,28.0,29.5,28.0,29.0,10737,0.0,0.0
2012-01-02 00:00:00+05:30,28.0,29.399999618530273,27.049999237060547,28.0,3156,0.0,0.0
2012-01-03 00:00:00+05:30,27.600000381469727,28.850000381469727,27.600000381469727,28.450000762939453,2725,0.0,0.0
2012-01-04 00:00:00+05:30,29.25,29.5,28.149999618530273,29.0,6282,0.0,0.0
2012-01-05 00:00:00+05:30,28.299999237060547,29.0,27.100000381469727,27.600000381469727,4571,0.0,0.0
2012-01-06 00:00:00+05:30,27.399999618530273,27.399999618530273,27.399999618530273,27.399999618530273,140,0.0,0.0
2012-01-09 00:00:00+05:30,27.5,29.399999618530273,27.5,29.200000762939453,24096,0.0,0.0
2012-01-10 00:00:00+05:30,29.899999618530273,29.899999618530273,28.700000762939453,29.200000762939453,28216,0.0,0.0
2012-01-11 00:00:00+05:30,28.950000762939453,30.0,28.950000762939453,29.25,34952,0.0,0.0
2012-01-12 00:00:00+05:30,30.0,31.149999618530273,29.0,30.450000762939453,165374,0.0,0.0
2012-01-13 00:00:00+05:30,31.5,31.899999618530273,30.100000381469727,31.399999618530273,124308,0.0,0.0
2012-01-16 00:00:00+05:30,31.899999618530273,31.899999618530273,30.5,30.75,15995,0.0,0.0
2012-01-17 00:00:00+05:30,30.0,31.450000762939453,29.600000381469727,30.950000762939453,27555,0.0,0.0
2012-01-18 00:00:00+05:30,30.049999237060547,31.299999237060547,30.049999237060547,30.850000381469727,10580,0.0,0.0
2012-01-19 00:00:00+05:30,30.25,31.5,30.25,31.350000381469727,28922,0.0,0.0
2012-01-20 00:00:00+05:30,31.850000381469727,32.5,30.950000762939453,31.850000381469727,15372,0.0,0.0
2012-01-23 00:00:00+05:30,31.149999618530273,32.25,31.100000381469727,32.150001525878906,8609,0.0,0.0
2012-01-24 00:00:00+05:30,32.5,33.75,32.099998474121094,32.79999923706055,20278,0.0,0.0
2012-01-25 00:00:00+05:30,32.95000076293945,33.900001525878906,32.95000076293945,33.54999923706055,15998,0.0,0.0
2012-01-27 00:00:00+05:30,34.0,35.25,33.400001525878906,34.849998474121094,23396,0.0,0.0
2012-01-30 00:00:00+05:30,35.099998474121094,38.5,34.5,35.650001525878906,62276,0.0,0.0
2012-01-31 00:00:00+05:30,35.150001525878906,37.0,35.099998474121094,35.95000076293945,59813,0.0,0.0
2012-02-01 00:00:00+05:30,37.0,38.900001525878906,36.04999923706055,38.150001525878906,128937,0.0,0.0
2012-02-02 00:00:00+05:30,38.099998474121094,38.900001525878906,37.5,38.400001525878906,53593,0.0,0.0
2012-02-03 00:00:00+05:30,37.5,39.0,35.75,37.650001525878906,11775,0.0,0.0
2012-02-06 00:00:00+05:30,37.0,38.400001525878906,35.54999923706055,37.75,19435,0.0,0.0
2012-02-07 00:00:00+05:30,38.5,38.900001525878906,37.54999923706055,37.54999923706055,4467,0.0,0.0
2012-02-08 00:00:00+05:30,39.0,39.0,38.0,38.75,31363,0.0,0.0
2012-02-09 00:00:00+05:30,38.0,39.400001525878906,36.20000076293945,37.849998474121094,4485,0.0,0.0
2012-02-10 00:00:00+05:30,37.650001525878906,39.900001525878906,36.95000076293945,38.25,52848,0.0,0.0
2012-02-13 00:00:00+05:30,38.0,39.400001525878906,36.849998474121094,37.400001525878906,56658,0.0,0.0
2012-02-14 00:00:00+05:30,37.70000076293945,40.0,37.599998474121094,38.29999923706055,10583,0.0,0.0
2012-02-15 00:00:00+05:30,38.349998474121094,38.599998474121094,37.20000076293945,37.900001525878906,86096,0.0,0.0
2012-02-16 00:00:00+05:30,37.45000076293945,38.900001525878906,37.45000076293945,37.849998474121094,79802,0.0,0.0
2012-02-17 00:00:00+05:30,37.650001525878906,38.400001525878906,37.5,37.75,11950,0.0,0.0
2012-02-21 00:00:00+05:30,37.04999923706055,38.75,37.04999923706055,37.599998474121094,32476,0.0,0.0
2012-02-22 00:00:00+05:30,38.0,39.400001525878906,37.95000076293945,39.099998474121094,106250,0.0,0.0
2012-02-23 00:00:00+05:30,40.849998474121094,41.0,38.0,40.150001525878906,90180,0.0,0.0
2012-02-24 00:00:00+05:30,39.099998474121094,39.79999923706055,38.599998474121094,39.0,7444,0.0,0.0
2012-02-27 00:00:00+05:30,39.900001525878906,41.0,37.150001525878906,38.599998474121094,55984,0.0,0.0
2012-02-28 00:00:00+05:30,38.04999923706055,39.79999923706055,38.04999923706055,38.900001525878906,32669,0.0,0.0
2012-02-29 00:00:00+05:30,38.0,38.79999923706055,36.599998474121094,37.95000076293945,4871,0.0,0.0
2012-03-01 00:00:00+05:30,37.099998474121094,38.70000076293945,37.099998474121094,37.650001525878906,3167,0.0,0.0
2012-03-02 00:00:00+05:30,38.0,38.70000076293945,37.599998474121094,38.5,427,0.0,0.0
2012-03-05 00:00:00+05:30,40.849998474121094,40.849998474121094,38.650001525878906,39.150001525878906,71526,0.0,0.0
2012-03-06 00:00:00+05:30,39.54999923706055,40.400001525878906,38.29999923706055,38.29999923706055,8639,0.0,0.0
2012-03-07 00:00:00+05:30,38.150001525878906,38.29999923706055,37.599998474121094,37.650001525878906,5500,0.0,0.0
2012-03-09 00:00:00+05:30,38.95000076293945,38.95000076293945,37.599998474121094,38.150001525878906,3021,0.0,0.0
2012-03-12 00:00:00+05:30,37.54999923706055,39.400001525878906,37.0,37.45000076293945,3248,0.0,0.0
2012-03-13 00:00:00+05:30,37.79999923706055,38.0,37.04999923706055,37.20000076293945,2784,0.0,0.0
2012-03-14 00:00:00+05:30,37.25,37.5,36.099998474121094,36.20000076293945,6723,0.0,0.0
2012-03-15 00:00:00+05:30,36.5,36.95000076293945,35.0,35.20000076293945,13152,0.0,0.0
2012-03-16 00:00:00+05:30,37.5,37.5,34.650001525878906,35.29999923706055,1932,0.0,0.0
2012-03-19 00:00:00+05:30,34.5,34.849998474121094,34.0,34.849998474121094,1708,0.0,0.0
2012-03-20 00:00:00+05:30,34.0,35.0,33.0,33.04999923706055,4117,0.0,0.0
2012-03-21 00:00:00+05:30,33.0,33.849998474121094,32.900001525878906,33.75,1461,0.0,0.0
2012-03-22 00:00:00+05:30,32.349998474121094,34.099998474121094,32.099998474121094,32.20000076293945,2299,0.0,0.0
2012-03-23 00:00:00+05:30,31.299999237060547,32.900001525878906,31.0,31.649999618530273,1135,0.0,0.0
2012-03-26 00:00:00+05:30,33.0,35.0,31.5,31.799999237060547,2069,0.0,0.0
2012-03-27 00:00:00+05:30,32.150001525878906,32.900001525878906,29.25,29.700000762939453,14535,0.0,0.0
2012-03-28 00:00:00+05:30,29.5,29.5,28.299999237060547,28.799999237060547,4556,0.0,0.0
2012-03-29 00:00:00+05:30,28.0,29.899999618530273,26.549999237060547,28.399999618530273,19624,0.0,0.0
2012-03-30 00:00:00+05:30,27.0,34.0,26.799999237060547,30.399999618530273,54340,0.0,0.0
2012-04-02 00:00:00+05:30,32.0,32.0,29.25,29.799999237060547,16774,0.0,0.0
2012-04-03 00:00:00+05:30,31.950000762939453,31.950000762939453,30.0,30.299999237060547,18070,0.0,0.0
2012-04-04 00:00:00+05:30,29.299999237060547,30.5,29.100000381469727,30.200000762939453,5368,0.0,0.0
2012-04-09 00:00:00+05:30,30.25,30.649999618530273,30.25,30.399999618530273,3784,0.0,0.0
2012-04-10 00:00:00+05:30,30.0,30.75,29.0,30.700000762939453,642,0.0,0.0
2012-04-11 00:00:00+05:30,30.700000762939453,30.700000762939453,29.100000381469727,29.450000762939453,1984,0.0,0.0
2012-04-12 00:00:00+05:30,29.950000762939453,30.950000762939453,29.75,30.549999237060547,1142,0.0,0.0
2012-04-13 00:00:00+05:30,31.0,31.450000762939453,29.600000381469727,29.799999237060547,2441,0.0,0.0
2012-04-16 00:00:00+05:30,30.75,30.75,29.5,29.649999618530273,1615,0.0,0.0
2012-04-17 00:00:00+05:30,29.350000381469727,30.0,29.299999237060547,29.399999618530273,1158,0.0,0.0
2012-04-18 00:00:00+05:30,29.75,32.5,28.600000381469727,29.549999237060547,66102,0.0,0.0
2012-04-19 00:00:00+05:30,30.0,30.0,29.299999237060547,29.5,3684,0.0,0.0
2012-04-20 00:00:00+05:30,29.25,29.75,29.149999618530273,29.25,10327,0.0,0.0
2012-04-23 00:00:00+05:30,28.850000381469727,29.600000381469727,28.799999237060547,29.399999618530273,7628,0.0,0.0
2012-04-24 00:00:00+05:30,28.049999237060547,29.649999618530273,28.049999237060547,29.5,1800,0.0,0.0
2012-04-25 00:00:00+05:30,29.25,29.5,28.75,28.950000762939453,6048,0.0,0.0
2012-04-26 00:00:00+05:30,29.75,29.75,28.600000381469727,29.049999237060547,5265,0.0,0.0
2012-04-27 00:00:00+05:30,28.850000381469727,29.5,28.549999237060547,28.700000762939453,21621,0.0,0.0
2012-04-30 00:00:00+05:30,29.299999237060547,29.899999618530273,29.299999237060547,29.350000381469727,1363,0.0,0.0
2012-05-02 00:00:00+05:30,29.75,30.25,29.399999618530273,30.0,4299,0.0,0.0
2012-05-03 00:00:00+05:30,31.0,31.350000381469727,30.25,31.0,11713,0.0,0.0
2012-05-04 00:00:00+05:30,30.25,31.0,29.5,30.200000762939453,1505,0.0,0.0
2012-05-07 00:00:00+05:30,30.0,30.0,28.0,28.649999618530273,9976,0.0,0.0
2012-05-08 00:00:00+05:30,28.75,29.600000381469727,28.549999237060547,28.700000762939453,2701,0.0,0.0
2012-05-09 00:00:00+05:30,28.549999237060547,29.0,28.5,28.5,1899,0.0,0.0
2012-05-10 00:00:00+05:30,28.600000381469727,29.649999618530273,28.600000381469727,28.75,1402,0.0,0.0
2012-05-11 00:00:00+05:30,28.0,29.850000381469727,26.0,29.700000762939453,51924,0.0,0.0
2012-05-14 00:00:00+05:30,29.25,29.25,28.200000762939453,28.75,96,0.0,0.0
2012-05-15 00:00:00+05:30,29.350000381469727,29.350000381469727,28.100000381469727,28.149999618530273,555,0.0,0.0
2012-05-16 00:00:00+05:30,28.0,28.75,26.600000381469727,26.75,7339,0.0,0.0
2012-05-17 00:00:00+05:30,28.299999237060547,28.5,26.600000381469727,27.0,2567,0.0,0.0
2012-05-18 00:00:00+05:30,26.299999237060547,27.0,26.200000762939453,26.799999237060547,707,0.0,0.0
2012-05-21 00:00:00+05:30,26.25,27.5,26.25,26.299999237060547,140,0.0,0.0
2012-05-22 00:00:00+05:30,26.75,27.75,26.5,26.649999618530273,215,0.0,0.0
2012-05-23 00:00:00+05:30,26.25,26.25,26.200000762939453,26.200000762939453,54,0.0,0.0
2012-05-24 00:00:00+05:30,26.100000381469727,27.0,26.100000381469727,26.700000762939453,608,0.0,0.0
2012-05-25 00:00:00+05:30,26.700000762939453,26.700000762939453,26.700000762939453,26.700000762939453,0,0.0,0.0
2012-05-28 00:00:00+05:30,26.100000381469727,26.299999237060547,24.149999618530273,24.700000762939453,8491,0.0,0.0
2012-05-29 00:00:00+05:30,24.549999237060547,24.549999237060547,23.0,23.450000762939453,12427,0.0,0.0
2012-05-30 00:00:00+05:30,23.450000762939453,23.450000762939453,22.100000381469727,22.100000381469727,5775,0.0,0.0
2012-05-31 00:00:00+05:30,22.200000762939453,22.25,20.850000381469727,22.149999618530273,36279,0.0,0.0
2012-06-01 00:00:00+05:30,21.799999237060547,23.0,21.25,22.700000762939453,1388,0.0,0.0
2012-06-04 00:00:00+05:30,22.0,24.350000381469727,21.25,23.75,4755,0.0,0.0
2012-06-05 00:00:00+05:30,24.5,24.5,22.450000762939453,22.899999618530273,1402,0.0,0.0
2012-06-06 00:00:00+05:30,22.700000762939453,23.649999618530273,22.600000381469727,23.149999618530273,18893,0.0,0.0
2012-06-07 00:00:00+05:30,23.700000762939453,24.200000762939453,22.5,23.600000381469727,46127,0.0,0.0
2012-06-08 00:00:00+05:30,23.700000762939453,24.25,23.5,24.0,108711,0.0,0.0
2012-06-11 00:00:00+05:30,24.399999618530273,24.399999618530273,23.450000762939453,23.5,350,0.0,0.0
2012-06-12 00:00:00+05:30,23.600000381469727,23.799999237060547,23.100000381469727,23.649999618530273,979,0.0,0.0
2012-06-13 00:00:00+05:30,23.299999237060547,24.700000762939453,23.299999237060547,23.600000381469727,5145,0.0,0.0
2012-06-14 00:00:00+05:30,23.399999618530273,24.299999237060547,23.299999237060547,24.0,20270,0.0,0.0
2012-06-15 00:00:00+05:30,23.600000381469727,23.600000381469727,23.450000762939453,23.549999237060547,179,0.0,0.0
2012-06-18 00:00:00+05:30,24.299999237060547,24.299999237060547,23.0,23.100000381469727,1097,0.0,0.0
2012-06-19 00:00:00+05:30,23.299999237060547,24.350000381469727,23.299999237060547,23.5,2828,0.0,0.0
2012-06-20 00:00:00+05:30,23.75,23.75,23.5,23.600000381469727,1429,0.0,0.0
2012-06-21 00:00:00+05:30,23.600000381469727,23.600000381469727,23.600000381469727,23.600000381469727,166,0.0,0.0
2012-06-22 00:00:00+05:30,23.5,24.899999618530273,23.5,24.149999618530273,1816,0.0,0.0
2012-06-25 00:00:00+05:30,24.850000381469727,24.850000381469727,24.25,24.649999618530273,847,0.0,0.0
2012-06-26 00:00:00+05:30,25.149999618530273,25.149999618530273,24.25,24.5,1539,0.0,0.0
2012-06-27 00:00:00+05:30,25.25,25.25,24.399999618530273,24.399999618530273,1299,0.0,0.0
2012-06-28 00:00:00+05:30,24.600000381469727,25.200000762939453,24.600000381469727,24.899999618530273,965,0.0,0.0
2012-06-29 00:00:00+05:30,25.0,26.5,25.0,26.200000762939453,4875,0.0,0.0
2012-07-02 00:00:00+05:30,26.899999618530273,26.899999618530273,26.0,26.649999618530273,40185,0.0,0.0
2012-07-03 00:00:00+05:30,27.399999618530273,28.5,27.25,27.649999618530273,7139,0.0,0.0
2012-07-04 00:00:00+05:30,28.200000762939453,29.899999618530273,28.200000762939453,29.799999237060547,17604,0.0,0.0
2012-07-05 00:00:00+05:30,29.200000762939453,32.25,29.200000762939453,31.100000381469727,12753,0.0,0.0
2012-07-06 00:00:00+05:30,31.25,37.29999923706055,30.5,35.849998474121094,321423,0.0,0.0
2012-07-09 00:00:00+05:30,35.599998474121094,35.599998474121094,33.25,34.0,76500,0.0,0.0
2012-07-10 00:00:00+05:30,33.79999923706055,34.0,32.25,32.5,137987,0.0,0.0
2012-07-11 00:00:00+05:30,32.54999923706055,33.29999923706055,32.0,32.5,18184,0.0,0.0
2012-07-12 00:00:00+05:30,32.5,33.25,31.899999618530273,31.950000762939453,18608,0.0,0.0
2012-07-13 00:00:00+05:30,33.349998474121094,33.900001525878906,31.799999237060547,31.950000762939453,62730,0.0,0.0
2012-07-16 00:00:00+05:30,32.75,33.0,31.100000381469727,31.25,53942,0.0,0.0
2012-07-17 00:00:00+05:30,31.899999618530273,31.899999618530273,30.600000381469727,31.100000381469727,7548,0.0,0.0
2012-07-18 00:00:00+05:30,30.5,31.5,30.0,31.299999237060547,5507,0.0,0.0
2012-07-19 00:00:00+05:30,32.349998474121094,32.400001525878906,30.549999237060547,31.299999237060547,5135,0.0,0.0
2012-07-20 00:00:00+05:30,32.5,32.54999923706055,30.350000381469727,30.450000762939453,4829,0.0,0.0
2012-07-23 00:00:00+05:30,31.799999237060547,31.799999237060547,29.5,30.149999618530273,108615,0.0,0.0
2012-07-24 00:00:00+05:30,31.0,31.600000381469727,29.350000381469727,31.600000381469727,254794,0.0,0.0
2012-07-25 00:00:00+05:30,33.0,33.150001525878906,32.849998474121094,33.150001525878906,211622,0.0,0.0
2012-07-26 00:00:00+05:30,31.549999237060547,32.70000076293945,31.5,31.5,329882,0.0,0.0
2012-07-27 00:00:00+05:30,31.350000381469727,31.950000762939453,30.049999237060547,30.600000381469727,28139,0.0,0.0
2012-07-30 00:00:00+05:30,30.5,30.5,29.549999237060547,29.700000762939453,476,0.0,0.0
2012-07-31 00:00:00+05:30,29.299999237060547,30.799999237060547,29.100000381469727,30.0,2130,0.0,0.0
2012-08-01 00:00:00+05:30,30.100000381469727,31.200000762939453,29.600000381469727,30.899999618530273,26309,0.0,0.0
2012-08-02 00:00:00+05:30,29.600000381469727,31.350000381469727,29.600000381469727,30.850000381469727,5160,0.0,0.0
2012-08-03 00:00:00+05:30,31.299999237060547,31.649999618530273,31.200000762939453,31.549999237060547,2625,0.0,0.0
2012-08-06 00:00:00+05:30,32.400001525878906,32.400001525878906,30.200000762939453,30.549999237060547,77100,0.0,0.0
2012-08-07 00:00:00+05:30,30.25,31.100000381469727,30.149999618530273,30.299999237060547,29905,0.0,0.0
2012-08-08 00:00:00+05:30,29.100000381469727,30.200000762939453,29.0,29.149999618530273,18839,0.0,0.0
2012-08-09 00:00:00+05:30,28.049999237060547,30.0,28.049999237060547,29.350000381469727,5875,0.0,0.0
2012-08-10 00:00:00+05:30,29.049999237060547,29.649999618530273,29.049999237060547,29.5,53737,0.0,0.0
2012-08-13 00:00:00+05:30,28.649999618530273,30.0,28.649999618530273,30.0,3550,0.0,0.0
2012-08-14 00:00:00+05:30,29.149999618530273,29.899999618530273,29.100000381469727,29.549999237060547,819,0.0,0.0
2012-08-16 00:00:00+05:30,28.549999237060547,29.850000381469727,28.549999237060547,28.700000762939453,1416,0.0,0.0
2012-08-17 00:00:00+05:30,29.0,30.100000381469727,28.0,29.950000762939453,27733,0.0,0.0
2012-08-21 00:00:00+05:30,30.700000762939453,31.100000381469727,30.0,30.950000762939453,27550,0.0,0.0
2012-08-22 00:00:00+05:30,30.25,30.899999618530273,30.25,30.649999618530273,1900,0.0,0.0
2012-08-23 00:00:00+05:30,30.649999618530273,30.899999618530273,30.049999237060547,30.850000381469727,2704,0.0,0.0
2012-08-24 00:00:00+05:30,29.549999237060547,31.0,29.549999237060547,31.0,14851,0.0,0.0
2012-08-27 00:00:00+05:30,30.899999618530273,30.899999618530273,29.549999237060547,30.549999237060547,2230,0.0,0.0
2012-08-28 00:00:00+05:30,29.899999618530273,30.649999618530273,29.899999618530273,30.399999618530273,8885,0.0,0.0
2012-08-29 00:00:00+05:30,29.100000381469727,29.5,29.100000381469727,29.5,4898,0.0,0.0
2012-08-30 00:00:00+05:30,28.549999237060547,29.549999237060547,28.5,29.450000762939453,4073,0.0,0.0
2012-08-31 00:00:00+05:30,29.200000762939453,29.450000762939453,28.0,28.0,23866,0.0,0.0
2012-09-03 00:00:00+05:30,27.600000381469727,28.5,26.600000381469727,26.600000381469727,14845,0.0,0.0
2012-09-04 00:00:00+05:30,26.5,26.5,25.299999237060547,25.350000381469727,14451,0.0,0.0
2012-09-05 00:00:00+05:30,25.0,25.0,24.100000381469727,24.100000381469727,17352,0.0,0.0
2012-09-06 00:00:00+05:30,24.100000381469727,24.950000762939453,22.899999618530273,24.649999618530273,32478,0.0,0.0
2012-09-07 00:00:00+05:30,24.25,25.75,23.600000381469727,25.149999618530273,6556,0.0,0.0
2012-09-10 00:00:00+05:30,26.100000381469727,26.649999618530273,25.399999618530273,26.649999618530273,13367,0.0,0.0
2012-09-11 00:00:00+05:30,26.600000381469727,27.5,26.600000381469727,27.25,3556,0.0,0.0
2012-09-12 00:00:00+05:30,27.899999618530273,27.899999618530273,27.25,27.649999618530273,2596,0.0,0.0
2012-09-13 00:00:00+05:30,27.899999618530273,28.149999618530273,27.299999237060547,27.299999237060547,3475,0.0,0.0
2012-09-14 00:00:00+05:30,27.399999618530273,27.950000762939453,27.149999618530273,27.299999237060547,4320,0.0,0.0
2012-09-17 00:00:00+05:30,27.399999618530273,27.450000762939453,26.100000381469727,26.5,2820,0.0,0.0
2012-09-18 00:00:00+05:30,26.649999618530273,27.799999237060547,26.649999618530273,27.799999237060547,5185,0.0,0.0
2012-09-20 00:00:00+05:30,29.049999237060547,29.149999618530273,28.5,28.850000381469727,12507,0.0,0.0
2012-09-21 00:00:00+05:30,29.149999618530273,29.75,29.149999618530273,29.549999237060547,6222,0.0,0.0
2012-09-24 00:00:00+05:30,30.100000381469727,30.799999237060547,29.649999618530273,30.350000381469727,14012,0.0,0.0
2012-09-25 00:00:00+05:30,28.850000381469727,29.5,28.850000381469727,29.100000381469727,5522,0.0,0.0
2012-09-26 00:00:00+05:30,27.899999618530273,29.700000762939453,27.899999618530273,28.100000381469727,7738,0.0,0.0
2012-09-27 00:00:00+05:30,29.450000762939453,29.5,27.799999237060547,28.100000381469727,7410,0.0,0.0
2012-09-28 00:00:00+05:30,28.049999237060547,28.5,28.049999237060547,28.200000762939453,10249,0.0,0.0
2012-10-01 00:00:00+05:30,27.299999237060547,28.850000381469727,27.299999237060547,28.049999237060547,6644,0.0,0.0
2012-10-03 00:00:00+05:30,28.5,28.5,27.649999618530273,28.049999237060547,2262,0.0,0.0
2012-10-04 00:00:00+05:30,28.399999618530273,28.399999618530273,27.600000381469727,27.899999618530273,4528,0.0,0.0
2012-10-05 00:00:00+05:30,28.0,28.350000381469727,26.950000762939453,27.0,2122,0.0,0.0
2012-10-08 00:00:00+05:30,26.950000762939453,27.899999618530273,26.950000762939453,27.25,3029,0.0,0.0
2012-10-09 00:00:00+05:30,27.600000381469727,28.0,27.5,27.700000762939453,1321,0.0,0.0
2012-10-10 00:00:00+05:30,27.25,28.0,27.200000762939453,27.850000381469727,2481,0.0,0.0
2012-10-11 00:00:00+05:30,27.549999237060547,28.450000762939453,27.399999618530273,28.350000381469727,2788,0.0,0.0
2012-10-12 00:00:00+05:30,29.100000381469727,29.75,28.799999237060547,29.549999237060547,43930,0.0,0.0
2012-10-15 00:00:00+05:30,29.649999618530273,30.049999237060547,28.350000381469727,29.049999237060547,23249,0.0,0.0
2012-10-16 00:00:00+05:30,29.049999237060547,29.049999237060547,28.549999237060547,28.799999237060547,2948,0.0,0.0
2012-10-17 00:00:00+05:30,29.0,29.450000762939453,28.0,28.049999237060547,16820,0.0,0.0
2012-10-18 00:00:00+05:30,27.75,28.75,27.75,28.0,19082,0.0,0.0
2012-10-19 00:00:00+05:30,27.649999618530273,28.5,27.549999237060547,28.0,14087,0.0,0.0
2012-10-22 00:00:00+05:30,27.549999237060547,28.200000762939453,26.75,27.100000381469727,21737,0.0,0.0
2012-10-23 00:00:00+05:30,26.600000381469727,28.0,26.600000381469727,26.850000381469727,30271,0.0,0.0
2012-10-25 00:00:00+05:30,26.5,27.75,26.399999618530273,26.549999237060547,10453,0.0,0.0
2012-10-29 00:00:00+05:30,26.850000381469727,27.75,26.5,27.25,12115,0.0,0.0
2012-10-30 00:00:00+05:30,27.299999237060547,28.25,27.149999618530273,28.0,7419,0.0,0.0
2012-10-31 00:00:00+05:30,27.25,29.0,27.25,28.899999618530273,8954,0.0,0.0
2012-11-01 00:00:00+05:30,28.5,29.399999618530273,28.299999237060547,29.100000381469727,4138,0.0,0.0
2012-11-02 00:00:00+05:30,29.100000381469727,29.100000381469727,27.649999618530273,27.649999618530273,13166,0.0,0.0
2012-11-05 00:00:00+05:30,27.0,27.850000381469727,26.850000381469727,27.0,8368,0.0,0.0
2012-11-06 00:00:00+05:30,27.0,27.0,26.649999618530273,27.0,675,0.0,0.0
2012-11-07 00:00:00+05:30,27.149999618530273,27.75,27.0,27.049999237060547,4100,0.0,0.0
2012-11-08 00:00:00+05:30,26.850000381469727,27.399999618530273,26.0,26.399999618530273,5901,0.0,0.0
2012-11-09 00:00:00+05:30,26.5,26.899999618530273,26.200000762939453,26.649999618530273,1718,0.0,0.0
2012-11-12 00:00:00+05:30,26.25,26.850000381469727,26.0,26.850000381469727,2750,0.0,0.0
2012-11-15 00:00:00+05:30,26.5,28.700000762939453,26.0,28.299999237060547,10772,0.0,0.0
2012-11-16 00:00:00+05:30,28.0,29.149999618530273,27.399999618530273,28.899999618530273,10321,0.0,0.0
2012-11-19 00:00:00+05:30,27.149999618530273,29.25,27.149999618530273,28.299999237060547,10774,0.0,0.0
2012-11-20 00:00:00+05:30,27.5,29.200000762939453,27.200000762939453,28.899999618530273,22031,0.0,0.0
2012-11-21 00:00:00+05:30,27.899999618530273,29.25,27.899999618530273,29.0,7980,0.0,0.0
2012-11-22 00:00:00+05:30,28.0,29.5,27.200000762939453,29.299999237060547,18819,0.0,0.0
2012-11-23 00:00:00+05:30,27.0,29.950000762939453,26.950000762939453,29.049999237060547,11214,0.0,0.0
2012-11-26 00:00:00+05:30,29.0,29.450000762939453,28.899999618530273,29.049999237060547,10675,0.0,0.0
2012-11-27 00:00:00+05:30,28.5,29.100000381469727,28.149999618530273,28.5,6914,0.0,0.0
2012-11-29 00:00:00+05:30,29.450000762939453,29.5,28.75,29.299999237060547,9582,0.0,0.0
2012-11-30 00:00:00+05:30,28.75,29.5,28.399999618530273,28.950000762939453,77860,0.0,0.0
2012-12-03 00:00:00+05:30,29.399999618530273,29.5,28.850000381469727,29.399999618530273,32640,0.0,0.0
2012-12-04 00:00:00+05:30,29.75,31.600000381469727,29.5,31.25,24049,0.0,0.0
2012-12-05 00:00:00+05:30,31.0,31.899999618530273,30.25,31.399999618530273,19242,0.0,0.0
2012-12-06 00:00:00+05:30,28.649999618530273,31.649999618530273,28.649999618530273,31.0,15435,0.0,0.0
2012-12-07 00:00:00+05:30,31.0,31.0,30.0,30.350000381469727,9759,0.0,0.0
2012-12-10 00:00:00+05:30,29.700000762939453,30.450000762939453,28.350000381469727,29.600000381469727,21791,0.0,0.0
2012-12-11 00:00:00+05:30,29.049999237060547,31.0,29.049999237060547,30.100000381469727,47492,0.0,0.0
2012-12-12 00:00:00+05:30,29.25,31.0,29.25,29.649999618530273,21222,0.0,0.0
2012-12-13 00:00:00+05:30,29.649999618530273,31.0,29.399999618530273,30.100000381469727,20613,0.0,0.0
2012-12-14 00:00:00+05:30,30.75,31.0,29.100000381469727,29.25,37577,0.0,0.0
2012-12-17 00:00:00+05:30,29.75,30.450000762939453,27.399999618530273,29.549999237060547,67342,0.0,0.0
2012-12-18 00:00:00+05:30,29.5,30.0,28.850000381469727,29.950000762939453,5462,0.0,0.0
2012-12-19 00:00:00+05:30,29.0,29.950000762939453,29.0,29.299999237060547,1019,0.0,0.0
2012-12-20 00:00:00+05:30,28.799999237060547,29.950000762939453,28.75,28.899999618530273,876,0.0,0.0
2012-12-21 00:00:00+05:30,28.049999237060547,28.950000762939453,28.049999237060547,28.100000381469727,3515,0.0,0.0
2012-12-24 00:00:00+05:30,28.25,28.25,27.649999618530273,27.700000762939453,3135,0.0,0.0
2012-12-26 00:00:00+05:30,28.0,28.200000762939453,27.75,27.75,2151,0.0,0.0
2012-12-27 00:00:00+05:30,27.0,29.5,27.0,27.75,945,0.0,0.0
2012-12-28 00:00:00+05:30,27.0,28.0,27.0,27.950000762939453,1282,0.0,0.0
2012-12-31 00:00:00+05:30,27.5,28.700000762939453,27.5,28.049999237060547,2144,0.0,0.0
2013-01-01 00:00:00+05:30,28.049999237060547,28.299999237060547,27.399999618530273,27.549999237060547,8382,0.0,0.0
2013-01-02 00:00:00+05:30,28.0,29.0,28.0,28.549999237060547,4072,0.0,0.0
2013-01-03 00:00:00+05:30,27.850000381469727,28.850000381469727,27.850000381469727,28.149999618530273,13124,0.0,0.0
2013-01-04 00:00:00+05:30,29.25,29.25,27.600000381469727,27.700000762939453,3045,0.0,0.0
2013-01-07 00:00:00+05:30,27.5,29.899999618530273,26.649999618530273,27.799999237060547,5334,0.0,0.0
2013-01-08 00:00:00+05:30,27.799999237060547,28.700000762939453,27.100000381469727,27.5,5789,0.0,0.0
2013-01-09 00:00:00+05:30,27.149999618530273,27.649999618530273,27.149999618530273,27.25,3126,0.0,0.0
2013-01-10 00:00:00+05:30,27.350000381469727,27.649999618530273,27.0,27.299999237060547,1642,0.0,0.0
2013-01-11 00:00:00+05:30,27.299999237060547,27.299999237060547,27.100000381469727,27.200000762939453,320,0.0,0.0
2013-01-14 00:00:00+05:30,27.25,27.5,26.100000381469727,26.350000381469727,3839,0.0,0.0
2013-01-15 00:00:00+05:30,26.950000762939453,26.950000762939453,25.399999618530273,26.25,6217,0.0,0.0
2013-01-16 00:00:00+05:30,26.100000381469727,26.100000381469727,25.850000381469727,26.0,1756,0.0,0.0
2013-01-17 00:00:00+05:30,26.049999237060547,26.950000762939453,26.0,26.350000381469727,1557,0.0,0.0
2013-01-18 00:00:00+05:30,26.600000381469727,27.200000762939453,26.600000381469727,26.850000381469727,5487,0.0,0.0
2013-01-21 00:00:00+05:30,27.200000762939453,27.799999237060547,25.649999618530273,25.899999618530273,6473,0.0,0.0
2013-01-22 00:00:00+05:30,26.0,26.0,25.600000381469727,25.600000381469727,1219,0.0,0.0
2013-01-23 00:00:00+05:30,25.399999618530273,25.5,24.299999237060547,24.649999618530273,2882,0.0,0.0
2013-01-24 00:00:00+05:30,25.5,25.950000762939453,22.149999618530273,22.700000762939453,7826,0.0,0.0
2013-01-25 00:00:00+05:30,23.100000381469727,23.200000762939453,22.600000381469727,23.100000381469727,4018,0.0,0.0
2013-01-28 00:00:00+05:30,24.149999618530273,25.0,23.700000762939453,23.75,1593,0.0,0.0
2013-01-29 00:00:00+05:30,24.299999237060547,24.5,23.5,23.5,1038,0.0,0.0
2013-01-30 00:00:00+05:30,24.0,24.0,22.549999237060547,23.75,3447,0.0,0.0
2013-01-31 00:00:00+05:30,23.799999237060547,23.899999618530273,23.200000762939453,23.600000381469727,1170,0.0,0.0
2013-02-01 00:00:00+05:30,24.0,24.0,23.299999237060547,23.299999237060547,2495,0.0,0.0
2013-02-04 00:00:00+05:30,23.850000381469727,23.850000381469727,23.200000762939453,23.200000762939453,931,0.0,0.0
2013-02-05 00:00:00+05:30,23.299999237060547,23.399999618530273,23.0,23.350000381469727,741,0.0,0.0
2013-02-06 00:00:00+05:30,23.5,25.399999618530273,23.399999618530273,23.899999618530273,4767,0.0,0.0
2013-02-07 00:00:00+05:30,25.950000762939453,25.950000762939453,24.0,24.299999237060547,4188,0.0,0.0
2013-02-08 00:00:00+05:30,24.100000381469727,24.100000381469727,22.649999618530273,23.049999237060547,5101,0.0,0.0
2013-02-11 00:00:00+05:30,22.899999618530273,23.600000381469727,22.649999618530273,23.0,2750,0.0,0.0
2013-02-12 00:00:00+05:30,22.850000381469727,23.5,22.850000381469727,23.149999618530273,2091,0.0,0.0
2013-02-13 00:00:00+05:30,23.0,23.200000762939453,22.600000381469727,22.700000762939453,21208,0.0,0.0
2013-02-14 00:00:00+05:30,22.600000381469727,23.200000762939453,22.399999618530273,22.450000762939453,5328,0.0,0.0
2013-02-15 00:00:00+05:30,22.5,24.5,22.5,23.0,1326,0.0,0.0
2013-02-18 00:00:00+05:30,23.0,25.950000762939453,23.0,25.399999618530273,21745,0.0,0.0
2013-02-19 00:00:00+05:30,26.0,28.799999237060547,25.649999618530273,27.25,36091,0.0,0.0
2013-02-20 00:00:00+05:30,27.549999237060547,27.649999618530273,26.899999618530273,27.149999618530273,6487,0.0,0.0
2013-02-21 00:00:00+05:30,27.0,27.0,25.5,25.799999237060547,4843,0.0,0.0
2013-02-22 00:00:00+05:30,25.600000381469727,26.899999618530273,25.600000381469727,25.700000762939453,7796,0.0,0.0
2013-02-25 00:00:00+05:30,26.049999237060547,26.100000381469727,25.5,25.5,1497,0.0,0.0
2013-02-26 00:00:00+05:30,25.299999237060547,25.299999237060547,23.149999618530273,23.799999237060547,4088,0.0,0.0
2013-02-27 00:00:00+05:30,23.600000381469727,24.950000762939453,23.600000381469727,24.200000762939453,2335,0.0,0.0
2013-02-28 00:00:00+05:30,24.799999237060547,24.850000381469727,23.399999618530273,23.399999618530273,2665,0.0,0.0
2013-03-01 00:00:00+05:30,23.549999237060547,24.350000381469727,22.600000381469727,23.149999618530273,2488,0.0,0.0
2013-03-04 00:00:00+05:30,22.799999237060547,24.399999618530273,22.799999237060547,23.25,1069,0.0,0.0
2013-03-05 00:00:00+05:30,23.0,26.5,23.0,24.700000762939453,3030,0.0,0.0
2013-03-06 00:00:00+05:30,24.950000762939453,26.0,24.399999618530273,25.0,2544,0.0,0.0
2013-03-07 00:00:00+05:30,24.700000762939453,24.799999237060547,23.75,24.299999237060547,5410,0.0,0.0
2013-03-08 00:00:00+05:30,24.399999618530273,24.799999237060547,23.149999618530273,24.450000762939453,1898,0.0,0.0
2013-03-11 00:00:00+05:30,25.0,26.0,24.549999237060547,24.649999618530273,4746,0.0,0.0
2013-03-12 00:00:00+05:30,25.200000762939453,26.799999237060547,25.200000762939453,26.399999618530273,3016,0.0,0.0
2013-03-13 00:00:00+05:30,28.899999618530273,29.899999618530273,25.450000762939453,25.549999237060547,8946,0.0,0.0
2013-03-14 00:00:00+05:30,25.700000762939453,26.200000762939453,25.0,26.049999237060547,1913,0.0,0.0
2013-03-15 00:00:00+05:30,25.700000762939453,25.700000762939453,24.350000381469727,25.0,2260,0.0,0.0
2013-03-18 00:00:00+05:30,25.100000381469727,25.450000762939453,24.100000381469727,24.899999618530273,2462,0.0,0.0
2013-03-19 00:00:00+05:30,24.950000762939453,24.950000762939453,22.600000381469727,23.549999237060547,2969,0.0,0.0
2013-03-20 00:00:00+05:30,22.75,23.950000762939453,22.049999237060547,22.399999618530273,4830,0.0,0.0
2013-03-21 00:00:00+05:30,22.0,22.600000381469727,20.649999618530273,21.5,9198,0.0,0.0
2013-03-22 00:00:00+05:30,21.0,21.75,20.649999618530273,21.399999618530273,3599,0.0,0.0
2013-03-25 00:00:00+05:30,21.200000762939453,22.0,20.600000381469727,20.950000762939453,3511,0.0,0.0
2013-03-26 00:00:00+05:30,21.450000762939453,22.350000381469727,20.649999618530273,22.350000381469727,3500,0.0,0.0
2013-03-28 00:00:00+05:30,21.899999618530273,24.0,21.899999618530273,22.899999618530273,2967,0.0,0.0
2013-04-01 00:00:00+05:30,23.450000762939453,23.5,22.5,22.700000762939453,1406,0.0,0.0
2013-04-02 00:00:00+05:30,23.950000762939453,24.899999618530273,23.950000762939453,24.600000381469727,5127,0.0,0.0
2013-04-03 00:00:00+05:30,22.799999237060547,25.200000762939453,21.600000381469727,23.600000381469727,1108,0.0,0.0
2013-04-04 00:00:00+05:30,23.0,25.0,22.100000381469727,24.5,15559,0.0,0.0
2013-04-05 00:00:00+05:30,26.0,27.450000762939453,23.100000381469727,23.5,38466,0.0,0.0
2013-04-08 00:00:00+05:30,23.5,23.5,23.5,23.5,0,0.0,0.0
2013-04-09 00:00:00+05:30,23.5,23.5,23.5,23.5,0,0.0,0.0
2013-04-10 00:00:00+05:30,23.5,23.5,23.5,23.5,0,0.0,0.0
2013-04-11 00:00:00+05:30,23.5,23.5,23.5,23.5,0,0.0,0.0
2013-04-12 00:00:00+05:30,23.5,23.5,23.5,23.5,0,0.0,0.0
2013-04-15 00:00:00+05:30,21.0,22.899999618530273,21.0,21.0,110,0.0,0.0
2013-04-16 00:00:00+05:30,20.950000762939453,21.049999237060547,20.950000762939453,20.950000762939453,20,0.0,0.0
2013-04-17 00:00:00+05:30,20.049999237060547,21.5,20.049999237060547,20.049999237060547,1101,0.0,0.0
2013-04-18 00:00:00+05:30,20.049999237060547,21.100000381469727,20.049999237060547,20.049999237060547,401,0.0,0.0
2013-04-22 00:00:00+05:30,21.399999618530273,21.399999618530273,20.049999237060547,21.399999618530273,20,0.0,0.0
2013-04-23 00:00:00+05:30,21.399999618530273,21.399999618530273,21.399999618530273,21.399999618530273,0,0.0,0.0
2013-04-25 00:00:00+05:30,21.399999618530273,21.399999618530273,21.399999618530273,21.399999618530273,0,0.0,0.0
2013-04-26 00:00:00+05:30,20.0,20.0,20.0,20.0,17,0.0,0.0
2013-04-29 00:00:00+05:30,20.299999237060547,20.299999237060547,20.25,20.299999237060547,901,0.0,0.0
2013-04-30 00:00:00+05:30,26.0,27.450000762939453,23.100000381469727,20.0,97,0.0,0.0
2013-05-02 00:00:00+05:30,17.600000381469727,20.0,17.600000381469727,17.600000381469727,801,0.0,0.0
2013-05-03 00:00:00+05:30,17.5,19.899999618530273,17.5,17.5,175,0.0,0.0
2013-05-06 00:00:00+05:30,17.5,17.5,17.5,17.5,500,0.0,0.0
2013-05-07 00:00:00+05:30,18.149999618530273,18.149999618530273,18.149999618530273,18.149999618530273,10,0.0,0.0
2013-05-08 00:00:00+05:30,17.5,19.049999237060547,17.5,17.5,1550,0.0,0.0
2013-05-09 00:00:00+05:30,19.25,19.25,19.25,19.25,375,0.0,0.0
2013-05-10 00:00:00+05:30,18.5,18.5,18.049999237060547,18.5,269,0.0,0.0
2013-05-13 00:00:00+05:30,18.5,18.5,18.399999618530273,18.399999618530273,79,0.0,0.0
2013-05-14 00:00:00+05:30,18.0,18.25,18.0,18.0,200,0.0,0.0
2013-05-15 00:00:00+05:30,18.0,18.0,18.0,18.0,0,0.0,0.0
2013-05-16 00:00:00+05:30,19.0,19.0,19.0,19.0,100,0.0,0.0
2013-05-17 00:00:00+05:30,18.950000762939453,18.950000762939453,18.950000762939453,18.950000762939453,50,0.0,0.0
2013-05-20 00:00:00+05:30,17.899999618530273,17.899999618530273,17.899999618530273,17.899999618530273,150,0.0,0.0
2013-05-21 00:00:00+05:30,17.799999237060547,17.899999618530273,17.799999237060547,17.799999237060547,301,0.0,0.0
2013-05-22 00:00:00+05:30,16.100000381469727,18.25,16.100000381469727,16.100000381469727,452,0.0,0.0
2013-05-23 00:00:00+05:30,17.450000762939453,17.450000762939453,17.450000762939453,17.450000762939453,1,0.0,0.0
2013-05-24 00:00:00+05:30,17.5,17.5,16.049999237060547,17.5,215,0.0,0.0
2013-05-27 00:00:00+05:30,20.899999618530273,20.899999618530273,16.5,20.899999618530273,510,0.0,0.0
2013-05-28 00:00:00+05:30,17.649999618530273,17.649999618530273,17.450000762939453,17.649999618530273,661,0.0,0.0
2013-05-29 00:00:00+05:30,16.649999618530273,18.899999618530273,16.649999618530273,16.649999618530273,300,0.0,0.0
2013-05-30 00:00:00+05:30,18.0,18.0,15.5,18.0,132,0.0,0.0
2013-05-31 00:00:00+05:30,17.700000762939453,17.700000762939453,16.0,17.700000762939453,88,0.0,0.0
2013-06-03 00:00:00+05:30,15.0,15.0,15.0,15.0,350,0.0,0.0
2013-06-04 00:00:00+05:30,17.850000381469727,17.850000381469727,15.0,17.850000381469727,207,0.0,0.0
2013-06-05 00:00:00+05:30,17.850000381469727,17.850000381469727,17.850000381469727,17.850000381469727,0,0.0,0.0
2013-06-06 00:00:00+05:30,17.850000381469727,17.850000381469727,17.850000381469727,17.850000381469727,0,0.0,0.0
2013-06-07 00:00:00+05:30,17.850000381469727,17.850000381469727,17.850000381469727,17.850000381469727,0,0.0,0.0
2013-06-10 00:00:00+05:30,16.350000381469727,16.350000381469727,16.350000381469727,16.350000381469727,255,0.0,0.0
2013-06-11 00:00:00+05:30,15.5,15.5,15.0,15.5,2948,0.0,0.0
2013-06-12 00:00:00+05:30,17.850000381469727,17.850000381469727,15.5,17.850000381469727,827,0.0,0.0
2013-06-13 00:00:00+05:30,16.5,16.5,16.5,16.5,1420,0.0,0.0
2013-06-14 00:00:00+05:30,17.0,17.0,16.5,17.0,1035,0.0,0.0
2013-06-17 00:00:00+05:30,17.0,17.0,16.5,17.0,300,0.0,0.0
2013-06-18 00:00:00+05:30,17.549999237060547,17.549999237060547,17.0,17.549999237060547,1994,0.0,0.0
2013-06-19 00:00:00+05:30,18.0,18.0,18.0,18.0,210,0.0,0.0
2013-06-20 00:00:00+05:30,19.25,19.25,19.149999618530273,19.25,6927,0.0,0.0
2013-06-21 00:00:00+05:30,17.549999237060547,17.549999237060547,17.549999237060547,17.549999237060547,200,0.0,0.0
2013-06-24 00:00:00+05:30,16.0,17.0,16.0,16.0,100,0.0,0.0
2013-06-25 00:00:00+05:30,16.0,16.0,16.0,16.0,0,0.0,0.0
2013-06-26 00:00:00+05:30,15.100000381469727,15.100000381469727,15.100000381469727,15.100000381469727,400,0.0,0.0
2013-06-27 00:00:00+05:30,18.0,18.0,18.0,18.0,10,0.0,0.0
2013-06-28 00:00:00+05:30,17.399999618530273,18.0,15.0,17.399999618530273,1480,0.0,0.0
2013-07-01 00:00:00+05:30,15.050000190734863,15.050000190734863,15.050000190734863,15.050000190734863,200,0.0,0.0
2013-07-02 00:00:00+05:30,16.600000381469727,16.600000381469727,13.050000190734863,16.600000381469727,840,0.0,0.0
2013-07-03 00:00:00+05:30,17.799999237060547,17.799999237060547,16.049999237060547,17.799999237060547,1100,0.0,0.0
2013-07-04 00:00:00+05:30,16.049999237060547,17.899999618530273,16.049999237060547,16.049999237060547,110,0.0,0.0
2013-07-05 00:00:00+05:30,16.049999237060547,16.049999237060547,16.049999237060547,16.049999237060547,0,0.0,0.0
2013-07-08 00:00:00+05:30,18.0,18.0,16.0,18.0,3251,0.0,0.0
2013-07-09 00:00:00+05:30,18.0,18.0,18.0,18.0,0,0.0,0.0
2013-07-10 00:00:00+05:30,18.0,18.899999618530273,18.0,18.0,8111,0.0,0.0
2013-07-11 00:00:00+05:30,18.0,18.0,18.0,18.0,75,0.0,0.0
2013-07-12 00:00:00+05:30,17.200000762939453,17.200000762939453,17.200000762939453,17.200000762939453,100,0.0,0.0
2013-07-15 00:00:00+05:30,17.0,17.049999237060547,17.0,17.0,225,0.0,0.0
2013-07-16 00:00:00+05:30,17.0,17.0,17.0,17.0,0,0.0,0.0
2013-07-17 00:00:00+05:30,17.049999237060547,17.049999237060547,17.0,17.049999237060547,650,0.0,0.0
2013-07-18 00:00:00+05:30,17.049999237060547,17.049999237060547,17.049999237060547,17.049999237060547,0,0.0,0.0
2013-07-19 00:00:00+05:30,16.0,16.0,14.050000190734863,16.0,394,0.0,0.0
2013-07-22 00:00:00+05:30,16.049999237060547,16.049999237060547,16.049999237060547,16.049999237060547,400,0.0,0.0
2013-07-23 00:00:00+05:30,16.049999237060547,16.049999237060547,16.049999237060547,16.049999237060547,0,0.0,0.0
2013-07-24 00:00:00+05:30,16.0,16.0,16.0,16.0,150,0.0,0.0
2013-07-25 00:00:00+05:30,16.0,16.0,16.0,16.0,0,0.0,0.0
2013-07-26 00:00:00+05:30,16.0,16.0,16.0,16.0,0,0.0,0.0
2013-07-29 00:00:00+05:30,15.300000190734863,15.300000190734863,15.149999618530273,15.300000190734863,1119,0.0,0.0
2013-07-30 00:00:00+05:30,15.300000190734863,15.300000190734863,15.300000190734863,15.300000190734863,0,0.0,0.0
2013-07-31 00:00:00+05:30,15.0,15.0,15.0,15.0,100,0.0,0.0
2013-08-01 00:00:00+05:30,15.0,15.0,15.0,15.0,0,0.0,0.0
2013-08-02 00:00:00+05:30,15.0,15.0,15.0,15.0,100,0.0,0.0
2013-08-05 00:00:00+05:30,15.0,15.0,15.0,15.0,409,0.0,0.0
2013-08-06 00:00:00+05:30,14.899999618530273,15.0,14.899999618530273,14.899999618530273,1200,0.0,0.0
2013-08-07 00:00:00+05:30,14.899999618530273,14.899999618530273,14.899999618530273,14.899999618530273,0,0.0,0.0
2013-08-08 00:00:00+05:30,14.899999618530273,14.899999618530273,14.899999618530273,14.899999618530273,0,0.0,0.0
2013-08-12 00:00:00+05:30,14.899999618530273,14.899999618530273,14.899999618530273,14.899999618530273,0,0.0,0.0
2013-08-13 00:00:00+05:30,14.5,14.5,14.5,14.5,300,0.0,0.0
2013-08-14 00:00:00+05:30,14.5,14.5,14.5,14.5,0,0.0,0.0
2013-08-16 00:00:00+05:30,14.5,14.5,14.5,14.5,160,0.0,0.0
2013-08-19 00:00:00+05:30,14.5,14.5,14.5,14.5,0,0.0,0.0
2013-08-20 00:00:00+05:30,12.75,13.800000190734863,12.75,13.800000190734863,75,0.0,0.0
2013-08-21 00:00:00+05:30,14.0,14.0,14.0,14.0,290,0.0,0.0
2013-08-22 00:00:00+05:30,14.0,14.5,14.0,14.0,60,0.0,0.0
2013-08-23 00:00:00+05:30,14.0,14.0,14.0,14.0,0,0.0,0.0
2013-08-26 00:00:00+05:30,14.0,14.0,14.0,14.0,0,0.0,0.0
2013-08-27 00:00:00+05:30,14.0,14.0,14.0,14.0,0,0.0,0.0
2013-08-28 00:00:00+05:30,14.0,14.0,14.0,14.0,100,0.0,0.0
2013-08-29 00:00:00+05:30,14.0,14.0,14.0,14.0,0,0.0,0.0
2013-08-30 00:00:00+05:30,15.050000190734863,16.799999237060547,15.050000190734863,15.050000190734863,1010,0.0,0.0
2013-09-02 00:00:00+05:30,16.0,16.799999237060547,15.100000381469727,16.0,805,0.0,0.0
2013-09-03 00:00:00+05:30,16.0,16.0,16.0,16.0,0,0.0,0.0
2013-09-04 00:00:00+05:30,16.0,16.0,16.0,16.0,0,0.0,0.0
2013-09-05 00:00:00+05:30,16.899999618530273,16.899999618530273,16.899999618530273,16.899999618530273,69,0.0,0.0
2013-09-06 00:00:00+05:30,15.25,15.25,15.25,15.25,10,0.0,0.0
2013-09-10 00:00:00+05:30,14.050000190734863,15.050000190734863,14.050000190734863,14.050000190734863,10950,0.0,0.0
2013-09-11 00:00:00+05:30,15.399999618530273,15.399999618530273,14.5,15.399999618530273,816,0.0,0.0
2013-09-12 00:00:00+05:30,15.0,15.0,15.0,15.0,525,0.0,0.0
2013-09-13 00:00:00+05:30,15.0,15.0,15.0,15.0,0,0.0,0.0
2013-09-16 00:00:00+05:30,16.25,16.25,16.25,16.25,5,0.0,0.0
2013-09-17 00:00:00+05:30,17.649999618530273,17.649999618530273,14.649999618530273,17.649999618530273,560,0.0,0.0
2013-09-18 00:00:00+05:30,17.649999618530273,17.649999618530273,17.649999618530273,17.649999618530273,0,0.0,0.0
2013-09-19 00:00:00+05:30,17.649999618530273,17.649999618530273,17.649999618530273,17.649999618530273,0,0.0,0.0
2013-09-20 00:00:00+05:30,17.649999618530273,17.649999618530273,17.649999618530273,17.649999618530273,0,0.0,0.0
2013-09-23 00:00:00+05:30,16.799999237060547,16.799999237060547,16.799999237060547,16.799999237060547,290,0.0,0.0
2013-09-24 00:00:00+05:30,16.799999237060547,16.799999237060547,16.799999237060547,16.799999237060547,0,0.0,0.0
2013-09-25 00:00:00+05:30,16.799999237060547,16.799999237060547,16.799999237060547,16.799999237060547,0,0.0,0.0
2013-09-26 00:00:00+05:30,16.0,16.0,16.0,16.0,191,0.0,0.0
2013-09-27 00:00:00+05:30,16.0,16.0,16.0,16.0,0,0.0,0.0
2013-09-30 00:00:00+05:30,16.0,16.0,16.0,16.0,0,0.0,0.0
2013-10-01 00:00:00+05:30,16.0,16.0,16.0,16.0,0,0.0,0.0
2013-10-03 00:00:00+05:30,15.199999809265137,15.199999809265137,15.199999809265137,15.199999809265137,100,0.0,0.0
2013-10-04 00:00:00+05:30,14.449999809265137,14.449999809265137,14.449999809265137,14.449999809265137,1083,0.0,0.0
2013-10-07 00:00:00+05:30,14.449999809265137,14.449999809265137,14.449999809265137,14.449999809265137,0,0.0,0.0
2013-10-08 00:00:00+05:30,14.449999809265137,14.449999809265137,14.449999809265137,14.449999809265137,0,0.0,0.0
2013-10-09 00:00:00+05:30,14.449999809265137,14.449999809265137,14.449999809265137,14.449999809265137,0,0.0,0.0
2013-10-10 00:00:00+05:30,14.449999809265137,14.449999809265137,14.449999809265137,14.449999809265137,0,0.0,0.0
2013-10-11 00:00:00+05:30,15.149999618530273,15.149999618530273,15.149999618530273,15.149999618530273,10,0.0,0.0
2013-10-14 00:00:00+05:30,15.149999618530273,15.149999618530273,15.149999618530273,15.149999618530273,0,0.0,0.0
2013-10-15 00:00:00+05:30,15.149999618530273,15.149999618530273,15.149999618530273,15.149999618530273,0,0.0,0.0
2013-10-17 00:00:00+05:30,15.149999618530273,15.149999618530273,15.149999618530273,15.149999618530273,0,0.0,0.0
2013-10-18 00:00:00+05:30,14.399999618530273,14.399999618530273,14.399999618530273,14.399999618530273,200,0.0,0.0
2013-10-21 00:00:00+05:30,15.0,15.0,14.399999618530273,15.0,220,0.0,0.0
2013-10-22 00:00:00+05:30,14.350000381469727,14.550000190734863,14.350000381469727,14.350000381469727,275,0.0,0.0
2013-10-23 00:00:00+05:30,14.850000381469727,14.850000381469727,14.350000381469727,14.850000381469727,1496,0.0,0.0
2013-10-24 00:00:00+05:30,15.149999618530273,15.399999618530273,14.850000381469727,15.149999618530273,351,0.0,0.0
2013-10-25 00:00:00+05:30,14.399999618530273,14.75,14.399999618530273,14.399999618530273,140,0.0,0.0
2013-10-28 00:00:00+05:30,14.399999618530273,14.399999618530273,14.399999618530273,14.399999618530273,500,0.0,0.0
2013-10-29 00:00:00+05:30,14.399999618530273,14.399999618530273,14.399999618530273,14.399999618530273,0,0.0,0.0
2013-10-30 00:00:00+05:30,14.649999618530273,15.100000381469727,14.649999618530273,14.649999618530273,550,0.0,0.0
2013-10-31 00:00:00+05:30,14.5,14.5,13.949999809265137,14.5,3410,0.0,0.0
2013-11-01 00:00:00+05:30,13.949999809265137,15.199999809265137,13.800000190734863,15.199999809265137,505,0.0,0.0
2013-11-05 00:00:00+05:30,15.199999809265137,15.199999809265137,15.199999809265137,15.199999809265137,0,0.0,0.0
2013-11-06 00:00:00+05:30,15.199999809265137,15.199999809265137,15.199999809265137,15.199999809265137,0,0.0,0.0
2013-11-07 00:00:00+05:30,16.0,16.0,14.350000381469727,16.0,1128,0.0,0.0
2013-11-08 00:00:00+05:30,14.399999618530273,14.399999618530273,14.399999618530273,14.399999618530273,1601,0.0,0.0
2013-11-11 00:00:00+05:30,13.0,14.350000381469727,13.0,13.0,500,0.0,0.0
2013-11-12 00:00:00+05:30,14.0,14.0,12.25,14.0,3410,0.0,0.0
2013-11-13 00:00:00+05:30,14.899999618530273,14.899999618530273,12.600000381469727,14.899999618530273,1211,0.0,0.0
2013-11-14 00:00:00+05:30,14.0,14.0,13.449999809265137,14.0,962,0.0,0.0
2013-11-18 00:00:00+05:30,13.449999809265137,13.449999809265137,13.449999809265137,13.449999809265137,100,0.0,0.0
2013-11-19 00:00:00+05:30,13.449999809265137,13.449999809265137,13.449999809265137,13.449999809265137,0,0.0,0.0
2013-11-20 00:00:00+05:30,14.75,14.75,13.699999809265137,14.75,1434,0.0,0.0
2013-11-21 00:00:00+05:30,14.75,14.75,14.75,14.75,0,0.0,0.0
2013-11-22 00:00:00+05:30,13.800000190734863,14.5,13.800000190734863,13.800000190734863,111,0.0,0.0
2013-11-25 00:00:00+05:30,13.399999618530273,13.399999618530273,13.0,13.399999618530273,1650,0.0,0.0
2013-11-26 00:00:00+05:30,13.100000381469727,13.100000381469727,13.100000381469727,13.100000381469727,200,0.0,0.0
2013-11-27 00:00:00+05:30,13.149999618530273,13.149999618530273,13.149999618530273,13.149999618530273,50,0.0,0.0
2013-11-28 00:00:00+05:30,13.149999618530273,13.149999618530273,13.149999618530273,13.149999618530273,0,0.0,0.0
2013-11-29 00:00:00+05:30,13.149999618530273,13.149999618530273,13.149999618530273,13.149999618530273,0,0.0,0.0
2013-12-02 00:00:00+05:30,13.5,13.5,13.0,13.5,210,0.0,0.0
2013-12-03 00:00:00+05:30,12.800000190734863,13.899999618530273,12.800000190734863,12.800000190734863,241,0.0,0.0
2013-12-04 00:00:00+05:30,12.800000190734863,12.800000190734863,12.800000190734863,12.800000190734863,1,0.0,0.0
2013-12-05 00:00:00+05:30,12.800000190734863,12.800000190734863,12.800000190734863,12.800000190734863,0,0.0,0.0
2013-12-06 00:00:00+05:30,13.149999618530273,13.5,13.149999618530273,13.149999618530273,3560,0.0,0.0
2013-12-09 00:00:00+05:30,13.0,13.0,12.100000381469727,13.0,3300,0.0,0.0
2013-12-10 00:00:00+05:30,13.899999618530273,13.899999618530273,12.0,13.899999618530273,400,0.0,0.0
2013-12-11 00:00:00+05:30,14.0,14.0,13.050000190734863,14.0,2055,0.0,0.0
2013-12-12 00:00:00+05:30,13.5,13.5,13.0,13.5,954,0.0,0.0
2013-12-13 00:00:00+05:30,13.5,13.5,13.5,13.5,0,0.0,0.0
2013-12-16 00:00:00+05:30,13.0,13.5,13.0,13.0,3282,0.0,0.0
2013-12-17 00:00:00+05:30,14.300000190734863,14.300000190734863,13.0,14.300000190734863,4001,0.0,0.0
2013-12-18 00:00:00+05:30,13.649999618530273,13.649999618530273,13.199999809265137,13.649999618530273,5573,0.0,0.0
2013-12-19 00:00:00+05:30,13.5,13.5,13.5,13.5,2020,0.0,0.0
2013-12-20 00:00:00+05:30,13.300000190734863,13.75,13.300000190734863,13.300000190734863,3060,0.0,0.0
2013-12-23 00:00:00+05:30,13.0,13.5,13.0,13.0,3985,0.0,0.0
2013-12-24 00:00:00+05:30,13.199999809265137,13.5,13.0,13.199999809265137,5500,0.0,0.0
2013-12-26 00:00:00+05:30,14.449999809265137,14.449999809265137,12.949999809265137,14.449999809265137,5460,0.0,0.0
2013-12-27 00:00:00+05:30,13.100000381469727,13.75,13.100000381469727,13.100000381469727,740,0.0,0.0
2013-12-30 00:00:00+05:30,13.0,13.0,13.0,13.0,790,0.0,0.0
2013-12-31 00:00:00+05:30,13.0,13.0,12.199999809265137,12.199999809265137,5300,0.0,0.0
2014-01-01 00:00:00+05:30,13.399999618530273,13.399999618530273,12.5,13.399999618530273,75,0.0,0.0
2014-01-02 00:00:00+05:30,13.0,14.699999809265137,13.0,13.0,3811,0.0,0.0
2014-01-03 00:00:00+05:30,13.0,13.0,13.0,13.0,0,0.0,0.0
2014-01-06 00:00:00+05:30,12.5,12.5,12.5,12.5,850,0.0,0.0
2014-01-07 00:00:00+05:30,13.550000190734863,13.550000190734863,13.0,13.550000190734863,1699,0.0,0.0
2014-01-08 00:00:00+05:30,16.200000762939453,16.200000762939453,13.199999809265137,16.200000762939453,210,0.0,0.0
2014-01-09 00:00:00+05:30,13.050000190734863,15.949999809265137,13.050000190734863,13.050000190734863,3250,0.0,0.0
2014-01-10 00:00:00+05:30,12.699999809265137,12.699999809265137,12.699999809265137,12.699999809265137,100,0.0,0.0
2014-01-13 00:00:00+05:30,12.800000190734863,15.199999809265137,11.199999809265137,12.949999809265137,18383,0.0,0.0
2014-01-14 00:00:00+05:30,12.800000190734863,13.649999618530273,12.199999809265137,13.550000190734863,15750,0.0,0.0
2014-01-15 00:00:00+05:30,13.5,14.949999809265137,12.75,13.850000381469727,8444,0.0,0.0
2014-01-16 00:00:00+05:30,13.75,14.449999809265137,13.699999809265137,13.75,2440,0.0,0.0
2014-01-17 00:00:00+05:30,15.399999618530273,15.399999618530273,13.850000381469727,13.850000381469727,1403,0.0,0.0
2014-01-20 00:00:00+05:30,13.850000381469727,14.300000190734863,13.800000190734863,14.300000190734863,24117,0.0,0.0
2014-01-21 00:00:00+05:30,14.0,15.75,13.350000381469727,13.600000381469727,2951,0.0,0.0
2014-01-22 00:00:00+05:30,13.649999618530273,14.100000381469727,12.550000190734863,13.75,3593,0.0,0.0
2014-01-23 00:00:00+05:30,13.550000190734863,13.550000190734863,13.550000190734863,13.550000190734863,50,0.0,0.0
2014-01-24 00:00:00+05:30,13.550000190734863,13.550000190734863,12.649999618530273,12.75,6106,0.0,0.0
2014-01-27 00:00:00+05:30,12.399999618530273,13.25,12.100000381469727,12.25,1823,0.0,0.0
2014-01-28 00:00:00+05:30,12.300000190734863,12.399999618530273,12.199999809265137,12.25,405,0.0,0.0
2014-01-29 00:00:00+05:30,12.25,12.600000381469727,12.25,12.600000381469727,450,0.0,0.0
2014-01-30 00:00:00+05:30,12.649999618530273,12.649999618530273,12.25,12.350000381469727,2262,0.0,0.0
2014-01-31 00:00:00+05:30,12.5,12.5,12.0,12.5,303,0.0,0.0
2014-02-03 00:00:00+05:30,12.100000381469727,13.0,11.949999809265137,12.350000381469727,1207,0.0,0.0
2014-02-04 00:00:00+05:30,12.399999618530273,12.449999809265137,12.399999618530273,12.449999809265137,150,0.0,0.0
2014-02-05 00:00:00+05:30,12.149999618530273,12.850000381469727,12.149999618530273,12.850000381469727,400,0.0,0.0
2014-02-06 00:00:00+05:30,12.5,13.050000190734863,12.5,12.949999809265137,289,0.0,0.0
2014-02-07 00:00:00+05:30,12.899999618530273,12.899999618530273,11.649999618530273,11.899999618530273,1744,0.0,0.0
2014-02-10 00:00:00+05:30,13.300000190734863,13.300000190734863,12.199999809265137,12.25,1932,0.0,0.0
2014-02-11 00:00:00+05:30,12.5,12.5,12.100000381469727,12.100000381469727,1400,0.0,0.0
2014-02-12 00:00:00+05:30,12.25,13.0,11.699999809265137,11.699999809265137,4283,0.0,0.0
2014-02-13 00:00:00+05:30,12.600000381469727,12.600000381469727,11.199999809265137,11.5,13511,0.0,0.0
2014-02-14 00:00:00+05:30,11.25,11.949999809265137,11.100000381469727,11.350000381469727,3413,0.0,0.0
2014-02-17 00:00:00+05:30,11.399999618530273,11.850000381469727,11.399999618530273,11.699999809265137,1585,0.0,0.0
2014-02-18 00:00:00+05:30,11.399999618530273,12.0,11.0,11.600000381469727,217,0.0,0.0
2014-02-19 00:00:00+05:30,13.5,13.5,11.899999618530273,12.600000381469727,7734,0.0,0.0
2014-02-20 00:00:00+05:30,12.75,13.800000190734863,12.75,13.449999809265137,7651,0.0,0.0
2014-02-21 00:00:00+05:30,13.100000381469727,13.699999809265137,13.100000381469727,13.300000190734863,5164,0.0,0.0
2014-02-24 00:00:00+05:30,13.100000381469727,13.699999809265137,13.100000381469727,13.600000381469727,2733,0.0,0.0
2014-02-25 00:00:00+05:30,13.050000190734863,13.399999618530273,12.75,13.0,1303,0.0,0.0
2014-02-26 00:00:00+05:30,13.199999809265137,13.399999618530273,13.199999809265137,13.199999809265137,2063,0.0,0.0
2014-02-28 00:00:00+05:30,13.050000190734863,13.050000190734863,12.899999618530273,13.0,1926,0.0,0.0
2014-03-03 00:00:00+05:30,12.850000381469727,13.199999809265137,12.800000190734863,13.050000190734863,1654,0.0,0.0
2014-03-04 00:00:00+05:30,13.300000190734863,13.300000190734863,12.899999618530273,13.0,2663,0.0,0.0
2014-03-05 00:00:00+05:30,12.899999618530273,13.199999809265137,12.800000190734863,13.100000381469727,2516,0.0,0.0
2014-03-06 00:00:00+05:30,13.050000190734863,13.899999618530273,13.050000190734863,13.5,27395,0.0,0.0
2014-03-07 00:00:00+05:30,13.600000381469727,14.399999618530273,13.399999618530273,13.399999618530273,7097,0.0,0.0
2014-03-10 00:00:00+05:30,13.449999809265137,13.550000190734863,13.050000190734863,13.100000381469727,1317,0.0,0.0
2014-03-11 00:00:00+05:30,13.0,13.5,13.0,13.399999618530273,5405,0.0,0.0
2014-03-12 00:00:00+05:30,14.850000381469727,14.850000381469727,13.0,13.949999809265137,3661,0.0,0.0
2014-03-13 00:00:00+05:30,13.949999809265137,16.700000762939453,13.0,15.899999618530273,20667,0.0,0.0
2014-03-14 00:00:00+05:30,15.699999809265137,17.649999618530273,15.600000381469727,15.649999618530273,7696,0.0,0.0
2014-03-18 00:00:00+05:30,16.850000381469727,16.850000381469727,14.350000381469727,15.800000190734863,3921,0.0,0.0
2014-03-19 00:00:00+05:30,15.800000190734863,15.800000190734863,15.300000190734863,15.550000190734863,1046,0.0,0.0
2014-03-20 00:00:00+05:30,15.300000190734863,17.0,15.0,16.0,6380,0.0,0.0
2014-03-21 00:00:00+05:30,16.25,16.25,15.800000190734863,16.049999237060547,827,0.0,0.0
2014-03-24 00:00:00+05:30,15.75,16.0,15.600000381469727,15.600000381469727,3101,0.0,0.0
2014-03-25 00:00:00+05:30,15.300000190734863,16.25,15.149999618530273,16.049999237060547,1071,0.0,0.0
2014-03-26 00:00:00+05:30,15.600000381469727,16.0,14.550000190734863,15.0,2465,0.0,0.0
2014-03-27 00:00:00+05:30,15.100000381469727,16.100000381469727,15.100000381469727,15.949999809265137,3784,0.0,0.0
2014-03-28 00:00:00+05:30,16.5,16.5,15.25,15.550000190734863,1508,0.0,0.0
2014-03-31 00:00:00+05:30,15.100000381469727,16.299999237060547,15.0,16.299999237060547,3678,0.0,0.0
2014-04-01 00:00:00+05:30,16.600000381469727,17.100000381469727,16.600000381469727,17.100000381469727,2322,0.0,0.0
2014-04-02 00:00:00+05:30,17.850000381469727,17.850000381469727,16.5,17.549999237060547,3407,0.0,0.0
2014-04-03 00:00:00+05:30,17.049999237060547,17.049999237060547,16.899999618530273,16.899999618530273,650,0.0,0.0
2014-04-04 00:00:00+05:30,17.649999618530273,17.700000762939453,17.5,17.700000762939453,1190,0.0,0.0
2014-04-07 00:00:00+05:30,17.700000762939453,18.549999237060547,17.700000762939453,18.5,5211,0.0,0.0
2014-04-09 00:00:00+05:30,18.5,19.399999618530273,18.0,18.0,4875,0.0,0.0
2014-04-10 00:00:00+05:30,18.100000381469727,18.899999618530273,17.600000381469727,17.799999237060547,3927,0.0,0.0
2014-04-11 00:00:00+05:30,17.5,17.899999618530273,17.450000762939453,17.450000762939453,1023,0.0,0.0
2014-04-15 00:00:00+05:30,17.25,18.25,17.0,17.399999618530273,1596,0.0,0.0
2014-04-16 00:00:00+05:30,16.600000381469727,18.25,16.600000381469727,16.950000762939453,1483,0.0,0.0
2014-04-17 00:00:00+05:30,17.100000381469727,17.549999237060547,16.5,16.5,1377,0.0,0.0
2014-04-21 00:00:00+05:30,16.5,16.549999237060547,15.699999809265137,15.699999809265137,7655,0.0,0.0
2014-04-22 00:00:00+05:30,15.5,16.100000381469727,15.0,16.100000381469727,2268,0.0,0.0
2014-04-23 00:00:00+05:30,16.899999618530273,16.899999618530273,15.899999618530273,16.899999618530273,3390,0.0,0.0
2014-04-24 00:00:00+05:30,16.899999618530273,16.899999618530273,16.899999618530273,16.899999618530273,0,0.0,0.0
2014-04-25 00:00:00+05:30,16.100000381469727,16.100000381469727,16.100000381469727,16.100000381469727,500,0.0,0.0
2014-04-28 00:00:00+05:30,16.100000381469727,16.100000381469727,16.0,16.0,200,0.0,0.0
2014-04-29 00:00:00+05:30,16.100000381469727,16.450000762939453,16.100000381469727,16.450000762939453,3557,0.0,0.0
2014-04-30 00:00:00+05:30,16.5,16.5,16.0,16.0,3247,0.0,0.0
2014-05-02 00:00:00+05:30,16.0,16.799999237060547,15.399999618530273,15.449999809265137,2347,0.0,0.0
2014-05-05 00:00:00+05:30,16.0,16.0,14.800000190734863,15.0,1359,0.0,0.0
2014-05-06 00:00:00+05:30,15.0,15.75,14.25,15.399999618530273,627,0.0,0.0
2014-05-07 00:00:00+05:30,14.800000190734863,15.350000381469727,14.649999618530273,15.350000381469727,700,0.0,0.0
2014-05-08 00:00:00+05:30,15.399999618530273,15.850000381469727,14.899999618530273,15.0,1562,0.0,0.0
2014-05-09 00:00:00+05:30,14.649999618530273,15.699999809265137,14.649999618530273,14.850000381469727,636,0.0,0.0
2014-05-12 00:00:00+05:30,15.25,15.25,14.300000190734863,14.5,6974,0.0,0.0
2014-05-13 00:00:00+05:30,14.149999618530273,15.199999809265137,14.149999618530273,14.949999809265137,8034,0.0,0.0
2014-05-14 00:00:00+05:30,14.949999809265137,15.649999618530273,14.600000381469727,15.399999618530273,5674,0.0,0.0
2014-05-15 00:00:00+05:30,15.25,15.899999618530273,14.649999618530273,15.0,11443,0.0,0.0
2014-05-16 00:00:00+05:30,15.0,15.5,14.25,14.350000381469727,5022,0.0,0.0
2014-05-19 00:00:00+05:30,14.5,15.050000190734863,14.350000381469727,15.050000190734863,2140,0.0,0.0
2014-05-20 00:00:00+05:30,15.350000381469727,15.800000190734863,15.050000190734863,15.800000190734863,1651,0.0,0.0
2014-05-21 00:00:00+05:30,15.5,16.549999237060547,15.050000190734863,16.549999237060547,2855,0.0,0.0
2014-05-22 00:00:00+05:30,16.700000762939453,17.350000381469727,16.700000762939453,17.350000381469727,7135,0.0,0.0
2014-05-23 00:00:00+05:30,18.200000762939453,18.200000762939453,18.200000762939453,18.200000762939453,6291,0.0,0.0
2014-05-26 00:00:00+05:30,18.549999237060547,19.100000381469727,17.649999618530273,17.950000762939453,17526,0.0,0.0
2014-05-27 00:00:00+05:30,18.0,18.399999618530273,17.399999618530273,18.25,3874,0.0,0.0
2014-05-28 00:00:00+05:30,18.0,18.5,17.850000381469727,18.399999618530273,4327,0.0,0.0
2014-05-29 00:00:00+05:30,17.600000381469727,17.899999618530273,17.5,17.899999618530273,1304,0.0,0.0
2014-05-30 00:00:00+05:30,18.0,18.0,17.049999237060547,17.100000381469727,2130,0.0,0.0
2014-06-02 00:00:00+05:30,17.0,17.799999237060547,17.0,17.399999618530273,800,0.0,0.0
2014-06-03 00:00:00+05:30,17.200000762939453,18.25,17.200000762939453,18.25,4675,0.0,0.0
2014-06-04 00:00:00+05:30,18.5,19.149999618530273,18.5,19.149999618530273,7476,0.0,0.0
2014-06-05 00:00:00+05:30,20.100000381469727,20.100000381469727,19.049999237060547,20.100000381469727,16328,0.0,0.0
2014-06-06 00:00:00+05:30,21.0,21.100000381469727,21.0,21.100000381469727,8141,0.0,0.0
2014-06-09 00:00:00+05:30,22.149999618530273,22.149999618530273,22.100000381469727,22.149999618530273,13876,0.0,0.0
2014-06-10 00:00:00+05:30,23.200000762939453,23.25,22.200000762939453,23.25,14777,0.0,0.0
2014-06-11 00:00:00+05:30,24.399999618530273,24.399999618530273,22.100000381469727,22.100000381469727,12118,0.0,0.0
2014-06-12 00:00:00+05:30,22.5,23.100000381469727,21.0,21.600000381469727,13126,0.0,0.0
2014-06-13 00:00:00+05:30,21.600000381469727,22.200000762939453,20.600000381469727,21.0,5411,0.0,0.0
2014-06-16 00:00:00+05:30,20.5,21.100000381469727,20.0,21.100000381469727,2310,0.0,0.0
2014-06-17 00:00:00+05:30,21.100000381469727,21.950000762939453,21.0,21.850000381469727,1485,0.0,0.0
2014-06-18 00:00:00+05:30,22.899999618530273,22.899999618530273,21.5,22.100000381469727,2912,0.0,0.0
2014-06-19 00:00:00+05:30,21.0,22.5,21.0,21.0,2031,0.0,0.0
2014-06-20 00:00:00+05:30,21.100000381469727,22.049999237060547,20.450000762939453,21.5,10996,0.0,0.0
2014-06-23 00:00:00+05:30,22.0,22.549999237060547,22.0,22.549999237060547,9227,0.0,0.0
2014-06-24 00:00:00+05:30,23.649999618530273,23.649999618530273,23.649999618530273,23.649999618530273,17168,0.0,0.0
2014-06-25 00:00:00+05:30,24.700000762939453,24.700000762939453,22.649999618530273,23.350000381469727,12765,0.0,0.0
2014-06-26 00:00:00+05:30,24.399999618530273,24.5,23.5,24.149999618530273,11613,0.0,0.0
2014-06-27 00:00:00+05:30,25.0,25.299999237060547,24.25,24.799999237060547,12518,0.0,0.0
2014-06-30 00:00:00+05:30,24.5,26.0,24.0,25.25,10141,0.0,0.0
2014-07-01 00:00:00+05:30,24.149999618530273,25.5,24.0,24.950000762939453,1643,0.0,0.0
2014-07-02 00:00:00+05:30,23.850000381469727,25.350000381469727,23.75,23.799999237060547,4562,0.0,0.0
2014-07-03 00:00:00+05:30,24.5,24.899999618530273,22.700000762939453,22.950000762939453,5434,0.0,0.0
2014-07-04 00:00:00+05:30,24.0,24.049999237060547,22.549999237060547,23.25,2581,0.0,0.0
2014-07-07 00:00:00+05:30,23.0,23.5,22.600000381469727,22.649999618530273,1676,0.0,0.0
2014-07-08 00:00:00+05:30,21.600000381469727,22.0,21.549999237060547,21.549999237060547,8044,0.0,0.0
2014-07-09 00:00:00+05:30,20.5,20.799999237060547,20.5,20.5,4425,0.0,0.0
2014-07-10 00:00:00+05:30,20.0,20.5,19.5,20.5,4701,0.0,0.0
2014-07-11 00:00:00+05:30,20.100000381469727,20.100000381469727,19.5,19.5,365,0.0,0.0
2014-07-14 00:00:00+05:30,19.5,19.5,18.549999237060547,19.0,1015,0.0,0.0
2014-07-15 00:00:00+05:30,18.25,19.950000762939453,18.25,19.649999618530273,2922,0.0,0.0
2014-07-16 00:00:00+05:30,19.649999618530273,20.600000381469727,19.649999618530273,20.600000381469727,2467,0.0,0.0
2014-07-17 00:00:00+05:30,21.600000381469727,21.600000381469727,20.649999618530273,20.899999618530273,1513,0.0,0.0
2014-07-18 00:00:00+05:30,21.899999618530273,21.899999618530273,20.0,20.450000762939453,1501,0.0,0.0
2014-07-21 00:00:00+05:30,20.5,20.5,20.399999618530273,20.399999618530273,272,0.0,0.0
2014-07-22 00:00:00+05:30,19.5,21.299999237060547,19.399999618530273,19.950000762939453,764,0.0,0.0
2014-07-23 00:00:00+05:30,20.899999618530273,20.899999618530273,19.0,19.0,1752,0.0,0.0
2014-07-24 00:00:00+05:30,18.049999237060547,19.950000762939453,18.049999237060547,18.649999618530273,1714,0.0,0.0
2014-07-25 00:00:00+05:30,19.0,19.5,18.5,19.5,2079,0.0,0.0
2014-07-28 00:00:00+05:30,18.600000381469727,18.600000381469727,18.600000381469727,18.600000381469727,500,0.0,0.0
2014-07-30 00:00:00+05:30,18.600000381469727,19.5,18.0,19.5,1962,0.0,0.0
2014-07-31 00:00:00+05:30,20.049999237060547,20.049999237060547,19.5,19.5,1542,0.0,0.0
2014-08-01 00:00:00+05:30,19.0,20.0,18.700000762939453,19.899999618530273,1105,0.0,0.0
2014-08-04 00:00:00+05:30,20.0,20.0,19.049999237060547,19.25,1920,0.0,0.0
2014-08-05 00:00:00+05:30,19.299999237060547,19.950000762939453,19.299999237060547,19.899999618530273,1140,0.0,0.0
2014-08-06 00:00:00+05:30,20.799999237060547,20.799999237060547,19.049999237060547,19.049999237060547,1084,0.0,0.0
2014-08-07 00:00:00+05:30,20.0,20.0,18.600000381469727,18.950000762939453,358,0.0,0.0
2014-08-08 00:00:00+05:30,19.350000381469727,19.350000381469727,18.399999618530273,18.950000762939453,652,0.0,0.0
2014-08-11 00:00:00+05:30,18.100000381469727,19.399999618530273,18.100000381469727,18.350000381469727,1152,0.0,0.0
2014-08-12 00:00:00+05:30,18.100000381469727,18.899999618530273,18.100000381469727,18.100000381469727,502,0.0,0.0
2014-08-13 00:00:00+05:30,17.600000381469727,18.700000762939453,17.25,18.700000762939453,1535,0.0,0.0
2014-08-14 00:00:00+05:30,18.0,19.549999237060547,17.799999237060547,17.899999618530273,6669,0.0,0.0
2014-08-18 00:00:00+05:30,17.049999237060547,17.049999237060547,17.049999237060547,17.049999237060547,2641,0.0,0.0
2014-08-19 00:00:00+05:30,16.899999618530273,17.25,16.200000762939453,16.200000762939453,3162,0.0,0.0
2014-08-20 00:00:00+05:30,16.5,16.5,16.0,16.399999618530273,3445,0.0,0.0
2014-08-21 00:00:00+05:30,17.200000762939453,17.200000762939453,15.600000381469727,15.600000381469727,3916,0.0,0.0
2014-08-22 00:00:00+05:30,16.200000762939453,16.350000381469727,15.550000190734863,16.350000381469727,10852,0.0,0.0
2014-08-25 00:00:00+05:30,17.149999618530273,17.149999618530273,15.600000381469727,16.399999618530273,22719,0.0,0.0
2014-08-26 00:00:00+05:30,15.600000381469727,16.399999618530273,15.600000381469727,15.75,3097,0.0,0.0
2014-08-27 00:00:00+05:30,15.649999618530273,16.399999618530273,15.399999618530273,15.899999618530273,6258,0.0,0.0
2014-08-28 00:00:00+05:30,15.350000381469727,15.550000190734863,15.199999809265137,15.550000190734863,1938,0.0,0.0
2014-09-01 00:00:00+05:30,15.100000381469727,15.949999809265137,14.800000190734863,14.899999618530273,6293,0.0,0.0
2014-09-02 00:00:00+05:30,14.850000381469727,15.449999809265137,14.350000381469727,14.399999618530273,12684,0.0,0.0
2014-09-03 00:00:00+05:30,14.100000381469727,15.100000381469727,14.0,14.850000381469727,17733,0.0,0.0
2014-09-04 00:00:00+05:30,14.850000381469727,15.449999809265137,14.149999618530273,14.199999809265137,7299,0.0,0.0
2014-09-05 00:00:00+05:30,14.0,14.5,13.550000190734863,14.100000381469727,3911,0.0,0.0
2014-09-08 00:00:00+05:30,13.800000190734863,14.800000190734863,13.399999618530273,14.100000381469727,5171,0.0,0.0
2014-09-09 00:00:00+05:30,13.800000190734863,14.550000190734863,13.5,14.300000190734863,11764,0.0,0.0
2014-09-10 00:00:00+05:30,13.600000381469727,15.0,13.600000381469727,14.5,6964,0.0,0.0
2014-09-11 00:00:00+05:30,14.800000190734863,15.199999809265137,14.5,14.699999809265137,11518,0.0,0.0
2014-09-12 00:00:00+05:30,15.350000381469727,15.399999618530273,14.399999618530273,14.699999809265137,16417,0.0,0.0
2014-09-15 00:00:00+05:30,15.0,15.0,14.300000190734863,14.5,2187,0.0,0.0
2014-09-16 00:00:00+05:30,14.5,15.149999618530273,14.0,14.350000381469727,3478,0.0,0.0
2014-09-17 00:00:00+05:30,14.949999809265137,14.949999809265137,14.0,14.600000381469727,2452,0.0,0.0
2014-09-18 00:00:00+05:30,14.649999618530273,14.649999618530273,14.600000381469727,14.600000381469727,13,0.0,0.0
2014-09-19 00:00:00+05:30,14.0,15.199999809265137,14.0,14.800000190734863,5324,0.0,0.0
2014-09-22 00:00:00+05:30,14.25,15.199999809265137,14.100000381469727,15.149999618530273,13706,0.0,0.0
2014-09-23 00:00:00+05:30,14.649999618530273,14.699999809265137,14.399999618530273,14.399999618530273,5320,0.0,0.0
2014-09-24 00:00:00+05:30,14.050000190734863,14.449999809265137,13.699999809265137,14.0,8352,0.0,0.0
2014-09-25 00:00:00+05:30,13.449999809265137,13.899999618530273,13.350000381469727,13.5,962,0.0,0.0
2014-09-26 00:00:00+05:30,13.050000190734863,13.949999809265137,13.050000190734863,13.949999809265137,435,0.0,0.0
2014-09-29 00:00:00+05:30,13.300000190734863,14.5,13.300000190734863,14.449999809265137,2449,0.0,0.0
2014-09-30 00:00:00+05:30,13.75,14.5,13.75,13.800000190734863,2854,0.0,0.0
2014-10-01 00:00:00+05:30,14.0,14.350000381469727,13.399999618530273,14.0,9684,0.0,0.0
2014-10-07 00:00:00+05:30,14.0,14.649999618530273,14.0,14.449999809265137,1461,0.0,0.0
2014-10-08 00:00:00+05:30,14.100000381469727,15.399999618530273,14.100000381469727,14.399999618530273,1848,0.0,0.0
2014-10-09 00:00:00+05:30,15.0,15.5,14.100000381469727,14.899999618530273,1054,0.0,0.0
2014-10-10 00:00:00+05:30,14.100000381469727,14.800000190734863,14.100000381469727,14.25,892,0.0,0.0
2014-10-13 00:00:00+05:30,13.5,13.899999618530273,13.5,13.75,1590,0.0,0.0
2014-10-14 00:00:00+05:30,12.75,13.899999618530273,12.75,13.5,1622,0.0,0.0
2014-10-15 00:00:00+05:30,13.5,13.5,13.5,13.5,0,0.0,0.0
2014-10-16 00:00:00+05:30,12.199999809265137,14.75,12.199999809265137,13.0,2319,0.0,0.0
2014-10-17 00:00:00+05:30,12.550000190734863,13.649999618530273,12.550000190734863,13.050000190734863,1102,0.0,0.0
2014-10-20 00:00:00+05:30,12.75,13.600000381469727,12.75,13.600000381469727,2013,0.0,0.0
2014-10-21 00:00:00+05:30,12.5,14.850000381469727,12.5,13.050000190734863,1491,0.0,0.0
2014-10-22 00:00:00+05:30,13.0,14.300000190734863,13.0,14.199999809265137,936,0.0,0.0
2014-10-27 00:00:00+05:30,15.550000190734863,15.550000190734863,13.5,14.0,905,0.0,0.0
2014-10-28 00:00:00+05:30,13.0,14.149999618530273,13.0,14.0,1589,0.0,0.0
2014-10-29 00:00:00+05:30,14.100000381469727,14.449999809265137,13.75,13.75,1248,0.0,0.0
2014-10-30 00:00:00+05:30,13.800000190734863,14.75,13.800000190734863,13.800000190734863,152,0.0,0.0
2014-10-31 00:00:00+05:30,13.5,15.0,13.5,14.399999618530273,33750,0.0,0.0
2014-11-03 00:00:00+05:30,13.149999618530273,14.399999618530273,13.149999618530273,13.949999809265137,4582,0.0,0.0
2014-11-05 00:00:00+05:30,14.199999809265137,14.5,13.75,14.0,3177,0.0,0.0
2014-11-07 00:00:00+05:30,14.300000190734863,14.300000190734863,13.199999809265137,14.0,2382,0.0,0.0
2014-11-10 00:00:00+05:30,13.600000381469727,14.25,13.600000381469727,13.699999809265137,2138,0.0,0.0
2014-11-11 00:00:00+05:30,13.699999809265137,13.800000190734863,13.5,13.699999809265137,900,0.0,0.0
2014-11-12 00:00:00+05:30,13.550000190734863,14.350000381469727,13.550000190734863,14.149999618530273,4311,0.0,0.0
2014-11-13 00:00:00+05:30,14.0,15.649999618530273,14.0,15.050000190734863,5396,0.0,0.0
2014-11-14 00:00:00+05:30,15.199999809265137,15.75,14.550000190734863,15.350000381469727,7627,0.0,0.0
2014-11-17 00:00:00+05:30,15.050000190734863,15.050000190734863,13.25,14.100000381469727,8782,0.0,0.0
2014-11-18 00:00:00+05:30,14.5,16.899999618530273,14.5,16.899999618530273,39645,0.0,0.0
2014-11-19 00:00:00+05:30,18.100000381469727,19.0,17.299999237060547,18.5,67912,0.0,0.0
2014-11-20 00:00:00+05:30,18.100000381469727,18.350000381469727,14.949999809265137,16.399999618530273,50371,0.0,0.0
2014-11-21 00:00:00+05:30,16.0,16.0,14.600000381469727,14.800000190734863,30837,0.0,0.0
2014-11-24 00:00:00+05:30,15.649999618530273,15.649999618530273,14.5,14.800000190734863,19900,0.0,0.0
2014-11-25 00:00:00+05:30,16.399999618530273,16.399999618530273,13.899999618530273,14.0,12283,0.0,0.0
2014-11-26 00:00:00+05:30,14.600000381469727,14.699999809265137,13.850000381469727,14.0,7563,0.0,0.0
2014-11-27 00:00:00+05:30,14.350000381469727,14.350000381469727,13.800000190734863,13.899999618530273,2387,0.0,0.0
2014-11-28 00:00:00+05:30,13.850000381469727,14.550000190734863,13.5,13.899999618530273,7374,0.0,0.0
2014-12-01 00:00:00+05:30,14.0,14.199999809265137,13.899999618530273,13.899999618530273,1504,0.0,0.0
2014-12-02 00:00:00+05:30,14.100000381469727,14.100000381469727,13.25,13.75,2775,0.0,0.0
2014-12-03 00:00:00+05:30,14.050000190734863,14.050000190734863,13.100000381469727,13.699999809265137,10299,0.0,0.0
2014-12-04 00:00:00+05:30,14.0,14.0,13.100000381469727,13.550000190734863,3417,0.0,0.0
2014-12-05 00:00:00+05:30,13.550000190734863,13.550000190734863,13.550000190734863,13.550000190734863,0,0.0,0.0
2014-12-08 00:00:00+05:30,13.399999618530273,13.699999809265137,13.050000190734863,13.25,8590,0.0,0.0
2014-12-09 00:00:00+05:30,13.25,13.399999618530273,12.800000190734863,13.050000190734863,2992,0.0,0.0
2014-12-10 00:00:00+05:30,13.550000190734863,14.399999618530273,13.050000190734863,14.050000190734863,12290,0.0,0.0
2014-12-11 00:00:00+05:30,14.600000381469727,16.850000381469727,14.600000381469727,16.100000381469727,70745,0.0,0.0
2014-12-12 00:00:00+05:30,15.550000190734863,15.850000381469727,14.899999618530273,15.25,7225,0.0,0.0
2014-12-15 00:00:00+05:30,15.100000381469727,16.100000381469727,13.25,13.699999809265137,24605,0.0,0.0
2014-12-16 00:00:00+05:30,13.5,14.850000381469727,12.600000381469727,13.199999809265137,16384,0.0,0.0
2014-12-17 00:00:00+05:30,13.550000190734863,14.300000190734863,12.899999618530273,13.600000381469727,7203,0.0,0.0
2014-12-18 00:00:00+05:30,14.5,14.850000381469727,13.850000381469727,14.100000381469727,3731,0.0,0.0
2014-12-19 00:00:00+05:30,14.149999618530273,14.75,13.899999618530273,14.199999809265137,3656,0.0,0.0
2014-12-22 00:00:00+05:30,13.899999618530273,14.449999809265137,13.600000381469727,14.0,4024,0.0,0.0
2014-12-23 00:00:00+05:30,14.149999618530273,14.149999618530273,13.949999809265137,14.050000190734863,1368,0.0,0.0
2014-12-24 00:00:00+05:30,13.5,14.199999809265137,13.199999809265137,13.699999809265137,2909,0.0,0.0
2014-12-26 00:00:00+05:30,14.0,14.75,13.149999618530273,14.350000381469727,5456,0.0,0.0
2014-12-29 00:00:00+05:30,14.350000381469727,14.449999809265137,14.0,14.100000381469727,1972,0.0,0.0
2014-12-30 00:00:00+05:30,13.899999618530273,14.399999618530273,13.649999618530273,14.149999618530273,4701,0.0,0.0
2014-12-31 00:00:00+05:30,14.199999809265137,14.199999809265137,13.649999618530273,13.899999618530273,12830,0.0,0.0
2015-01-01 00:00:00+05:30,14.199999809265137,14.199999809265137,13.850000381469727,14.100000381469727,5244,0.0,0.0
2015-01-02 00:00:00+05:30,14.0,14.5,13.949999809265137,14.100000381469727,10827,0.0,0.0
2015-01-05 00:00:00+05:30,15.0,15.0,14.0,14.149999618530273,2561,0.0,0.0
2015-01-06 00:00:00+05:30,13.800000190734863,14.75,13.199999809265137,13.5,16759,0.0,0.0
2015-01-07 00:00:00+05:30,13.300000190734863,13.800000190734863,13.050000190734863,13.649999618530273,2988,0.0,0.0
2015-01-08 00:00:00+05:30,13.25,14.300000190734863,13.25,13.649999618530273,4530,0.0,0.0
2015-01-09 00:00:00+05:30,14.050000190734863,14.050000190734863,13.600000381469727,13.600000381469727,2608,0.0,0.0
2015-01-12 00:00:00+05:30,13.949999809265137,14.149999618530273,13.649999618530273,13.75,5675,0.0,0.0
2015-01-13 00:00:00+05:30,13.800000190734863,14.0,13.699999809265137,13.75,4970,0.0,0.0
2015-01-14 00:00:00+05:30,13.800000190734863,14.0,13.550000190734863,13.850000381469727,1928,0.0,0.0
2015-01-15 00:00:00+05:30,13.600000381469727,13.75,13.600000381469727,13.699999809265137,1713,0.0,0.0
2015-01-16 00:00:00+05:30,13.850000381469727,13.899999618530273,13.649999618530273,13.649999618530273,3173,0.0,0.0
2015-01-19 00:00:00+05:30,13.0,13.699999809265137,13.0,13.550000190734863,2043,0.0,0.0
2015-01-20 00:00:00+05:30,13.399999618530273,13.649999618530273,13.25,13.300000190734863,3102,0.0,0.0
2015-01-21 00:00:00+05:30,13.5,13.800000190734863,13.449999809265137,13.600000381469727,3331,0.0,0.0
2015-01-22 00:00:00+05:30,13.300000190734863,13.699999809265137,13.300000190734863,13.5,2858,0.0,0.0
2015-01-23 00:00:00+05:30,13.300000190734863,13.300000190734863,12.649999618530273,13.050000190734863,6368,0.0,0.0
2015-01-27 00:00:00+05:30,13.0,14.199999809265137,12.600000381469727,13.800000190734863,9789,0.0,0.0
2015-01-28 00:00:00+05:30,14.0,15.449999809265137,13.050000190734863,13.5,5222,0.0,0.0
2015-01-29 00:00:00+05:30,13.399999618530273,13.800000190734863,13.0,13.5,5957,0.0,0.0
2015-01-30 00:00:00+05:30,13.399999618530273,14.0,12.25,13.25,9909,0.0,0.0
2015-02-02 00:00:00+05:30,12.899999618530273,13.399999618530273,12.350000381469727,13.199999809265137,5476,0.0,0.0
2015-02-03 00:00:00+05:30,13.5,13.5,13.0,13.399999618530273,1711,0.0,0.0
2015-02-04 00:00:00+05:30,13.300000190734863,13.300000190734863,12.699999809265137,13.149999618530273,3986,0.0,0.0
2015-02-05 00:00:00+05:30,13.050000190734863,13.649999618530273,13.0,13.0,1031,0.0,0.0
2015-02-06 00:00:00+05:30,13.0,13.25,12.649999618530273,12.899999618530273,2660,0.0,0.0
2015-02-09 00:00:00+05:30,12.800000190734863,14.399999618530273,12.300000190734863,12.649999618530273,3026,0.0,0.0
2015-02-10 00:00:00+05:30,12.800000190734863,13.399999618530273,12.350000381469727,12.449999809265137,2023,0.0,0.0
2015-02-11 00:00:00+05:30,12.300000190734863,12.850000381469727,12.300000190734863,12.5,6967,0.0,0.0
2015-02-12 00:00:00+05:30,13.350000381469727,13.350000381469727,12.600000381469727,12.600000381469727,8269,0.0,0.0
2015-02-13 00:00:00+05:30,12.199999809265137,12.800000190734863,12.0,12.350000381469727,7913,0.0,0.0
2015-02-16 00:00:00+05:30,12.300000190734863,12.399999618530273,11.800000190734863,11.949999809265137,6484,0.0,0.0
2015-02-18 00:00:00+05:30,12.050000190734863,12.899999618530273,11.949999809265137,12.75,16079,0.0,0.0
2015-02-19 00:00:00+05:30,13.300000190734863,13.300000190734863,12.5,12.649999618530273,3643,0.0,0.0
2015-02-20 00:00:00+05:30,13.050000190734863,14.0,12.199999809265137,12.949999809265137,21783,0.0,0.0
2015-02-23 00:00:00+05:30,12.300000190734863,13.350000381469727,12.0,12.75,10306,0.0,0.0
2015-02-24 00:00:00+05:30,12.600000381469727,12.850000381469727,12.25,12.5,989,0.0,0.0
2015-02-25 00:00:00+05:30,12.699999809265137,12.800000190734863,12.050000190734863,12.199999809265137,12871,0.0,0.0
2015-02-26 00:00:00+05:30,12.5,12.5,11.949999809265137,12.199999809265137,710,0.0,0.0
2015-02-27 00:00:00+05:30,12.449999809265137,12.600000381469727,12.0,12.350000381469727,2141,0.0,0.0
2015-03-02 00:00:00+05:30,12.5,12.5,11.199999809265137,11.75,7664,0.0,0.0
2015-03-03 00:00:00+05:30,11.699999809265137,12.449999809265137,11.5,12.0,8803,0.0,0.0
2015-03-04 00:00:00+05:30,12.050000190734863,12.399999618530273,11.5,11.699999809265137,4367,0.0,0.0
2015-03-05 00:00:00+05:30,11.550000190734863,11.550000190734863,11.25,11.449999809265137,11554,0.0,0.0
2015-03-09 00:00:00+05:30,12.899999618530273,12.899999618530273,11.25,11.25,8748,0.0,0.0
2015-03-10 00:00:00+05:30,11.149999618530273,11.899999618530273,11.100000381469727,11.100000381469727,1351,0.0,0.0
2015-03-11 00:00:00+05:30,11.0,11.149999618530273,10.050000190734863,10.600000381469727,10201,0.0,0.0
2015-03-12 00:00:00+05:30,10.899999618530273,11.0,10.100000381469727,10.300000190734863,4530,0.0,0.0
2015-03-13 00:00:00+05:30,10.399999618530273,10.899999618530273,10.0,10.550000190734863,1844,0.0,0.0
2015-03-16 00:00:00+05:30,10.199999809265137,12.199999809265137,10.199999809265137,11.399999618530273,48399,0.0,0.0
2015-03-17 00:00:00+05:30,11.050000190734863,11.600000381469727,10.649999618530273,11.0,38870,0.0,0.0
2015-03-18 00:00:00+05:30,11.25,11.949999809265137,10.949999809265137,11.100000381469727,11359,0.0,0.0
2015-03-19 00:00:00+05:30,10.899999618530273,11.0,10.600000381469727,10.649999618530273,15537,0.0,0.0
2015-03-20 00:00:00+05:30,10.75,10.75,8.899999618530273,9.699999809265137,16750,0.0,0.0
2015-03-23 00:00:00+05:30,10.0,10.199999809265137,9.050000190734863,10.0,2481,0.0,0.0
2015-03-24 00:00:00+05:30,9.899999618530273,11.600000381469727,9.100000381469727,10.050000190734863,19705,0.0,0.0
2015-03-25 00:00:00+05:30,10.949999809265137,12.0,9.399999618530273,9.5,37940,0.0,0.0
2015-03-26 00:00:00+05:30,9.199999809265137,10.5,9.199999809265137,9.850000381469727,13193,0.0,0.0
2015-03-27 00:00:00+05:30,9.699999809265137,10.899999618530273,9.5,10.5,3883,0.0,0.0
2015-03-30 00:00:00+05:30,11.449999809265137,11.449999809265137,9.899999618530273,10.75,4760,0.0,0.0
2015-03-31 00:00:00+05:30,10.600000381469727,11.899999618530273,10.399999618530273,11.0,9166,0.0,0.0
2015-04-01 00:00:00+05:30,11.050000190734863,11.050000190734863,10.399999618530273,11.0,5098,0.0,0.0
2015-04-06 00:00:00+05:30,12.649999618530273,12.649999618530273,10.949999809265137,11.199999809265137,3466,0.0,0.0
2015-04-07 00:00:00+05:30,11.100000381469727,11.800000190734863,11.0,11.050000190734863,2852,0.0,0.0
2015-04-08 00:00:00+05:30,11.100000381469727,11.850000381469727,10.600000381469727,10.850000381469727,7141,0.0,0.0
2015-04-09 00:00:00+05:30,10.949999809265137,11.300000190734863,10.850000381469727,11.050000190734863,2885,0.0,0.0
2015-04-10 00:00:00+05:30,11.649999618530273,11.649999618530273,10.550000190734863,10.850000381469727,1010,0.0,0.0
2015-04-13 00:00:00+05:30,10.449999809265137,11.149999618530273,10.449999809265137,10.850000381469727,2782,0.0,0.0
2015-04-15 00:00:00+05:30,11.0,11.949999809265137,10.5,10.699999809265137,2406,0.0,0.0
2015-04-16 00:00:00+05:30,10.899999618530273,11.5,10.600000381469727,11.149999618530273,3857,0.0,0.0
2015-04-17 00:00:00+05:30,11.949999809265137,11.949999809265137,10.550000190734863,10.850000381469727,2455,0.0,0.0
2015-04-20 00:00:00+05:30,10.699999809265137,11.25,10.699999809265137,11.0,4876,0.0,0.0
2015-04-21 00:00:00+05:30,10.899999618530273,11.399999618530273,10.399999618530273,11.25,1178,0.0,0.0
2015-04-22 00:00:00+05:30,11.300000190734863,11.600000381469727,11.100000381469727,11.550000190734863,1668,0.0,0.0
2015-04-23 00:00:00+05:30,11.350000381469727,11.5,11.050000190734863,11.100000381469727,2971,0.0,0.0
2015-04-24 00:00:00+05:30,11.399999618530273,11.399999618530273,10.25,11.199999809265137,1913,0.0,0.0
2015-04-27 00:00:00+05:30,11.0,11.149999618530273,10.600000381469727,10.75,1795,0.0,0.0
2015-04-28 00:00:00+05:30,10.649999618530273,11.0,9.850000381469727,11.0,12586,0.0,0.0
2015-04-29 00:00:00+05:30,11.050000190734863,11.25,10.449999809265137,10.550000190734863,3290,0.0,0.0
2015-04-30 00:00:00+05:30,11.949999809265137,11.949999809265137,10.5,10.600000381469727,4182,0.0,0.0
2015-05-04 00:00:00+05:30,10.600000381469727,11.649999618530273,10.5,11.399999618530273,512,0.0,0.0
2015-05-05 00:00:00+05:30,11.199999809265137,11.399999618530273,10.399999618530273,10.600000381469727,246,0.0,0.0
2015-05-06 00:00:00+05:30,10.600000381469727,11.0,9.550000190734863,10.100000381469727,5664,0.0,0.0
2015-05-07 00:00:00+05:30,10.100000381469727,10.800000190734863,10.0,10.050000190734863,853,0.0,0.0
2015-05-08 00:00:00+05:30,10.0,10.0,9.5,9.850000381469727,2550,0.0,0.0
2015-05-11 00:00:00+05:30,10.050000190734863,10.399999618530273,9.399999618530273,9.5,11853,0.0,0.0
2015-05-12 00:00:00+05:30,9.300000190734863,10.149999618530273,9.300000190734863,10.0,4454,0.0,0.0
2015-05-13 00:00:00+05:30,10.0,10.199999809265137,9.5,9.600000381469727,2694,0.0,0.0
2015-05-14 00:00:00+05:30,10.0,10.0,9.399999618530273,9.899999618530273,246,0.0,0.0
2015-05-15 00:00:00+05:30,10.0,10.0,9.199999809265137,9.449999809265137,2077,0.0,0.0
2015-05-18 00:00:00+05:30,9.350000381469727,9.899999618530273,9.350000381469727,9.699999809265137,1348,0.0,0.0
2015-05-19 00:00:00+05:30,9.899999618530273,9.899999618530273,9.399999618530273,9.649999618530273,1096,0.0,0.0
2015-05-20 00:00:00+05:30,9.5,9.899999618530273,9.5,9.850000381469727,3842,0.0,0.0
2015-05-21 00:00:00+05:30,9.699999809265137,9.850000381469727,9.5,9.75,2167,0.0,0.0
2015-05-22 00:00:00+05:30,9.850000381469727,10.199999809265137,9.75,9.75,301,0.0,0.0
2015-05-25 00:00:00+05:30,9.800000190734863,9.800000190734863,9.399999618530273,9.449999809265137,427,0.0,0.0
2015-05-26 00:00:00+05:30,9.899999618530273,9.899999618530273,9.600000381469727,9.600000381469727,4005,0.0,0.0
2015-05-27 00:00:00+05:30,9.699999809265137,9.949999809265137,9.600000381469727,9.75,470,0.0,0.0
2015-05-28 00:00:00+05:30,9.649999618530273,10.199999809265137,9.649999618530273,10.100000381469727,2289,0.0,0.0
2015-05-29 00:00:00+05:30,9.699999809265137,11.0,9.699999809265137,10.600000381469727,4341,0.0,0.0
2015-06-01 00:00:00+05:30,10.300000190734863,11.399999618530273,10.199999809265137,10.850000381469727,1265,0.0,0.0
2015-06-02 00:00:00+05:30,10.800000190734863,10.800000190734863,10.0,10.0,843,0.0,0.0
2015-06-03 00:00:00+05:30,10.0,10.0,8.850000381469727,9.350000381469727,1508,0.0,0.0
2015-06-04 00:00:00+05:30,10.5,10.75,8.699999809265137,9.699999809265137,676,0.0,0.0
2015-06-05 00:00:00+05:30,9.5,10.5,9.5,10.5,300,0.0,0.0
2015-06-08 00:00:00+05:30,10.100000381469727,10.100000381469727,9.300000190734863,9.699999809265137,471,0.0,0.0
2015-06-09 00:00:00+05:30,9.600000381469727,9.600000381469727,9.25,9.350000381469727,105,0.0,0.0
2015-06-10 00:00:00+05:30,9.5,10.699999809265137,9.5,10.399999618530273,12259,0.0,0.0
2015-06-11 00:00:00+05:30,10.5,10.5,9.300000190734863,9.449999809265137,1711,0.0,0.0
2015-06-12 00:00:00+05:30,9.850000381469727,9.850000381469727,9.550000190734863,9.550000190734863,463,0.0,0.0
2015-06-15 00:00:00+05:30,9.350000381469727,10.0,9.100000381469727,10.0,604,0.0,0.0
2015-06-16 00:00:00+05:30,9.699999809265137,10.399999618530273,9.199999809265137,9.75,179,0.0,0.0
2015-06-17 00:00:00+05:30,9.699999809265137,9.800000190734863,9.5,9.699999809265137,1297,0.0,0.0
2015-06-18 00:00:00+05:30,9.649999618530273,9.75,9.25,9.75,11647,0.0,0.0
2015-06-19 00:00:00+05:30,9.699999809265137,9.850000381469727,9.550000190734863,9.850000381469727,231,0.0,0.0
2015-06-22 00:00:00+05:30,9.600000381469727,10.050000190734863,9.5,9.699999809265137,1877,0.0,0.0
2015-06-23 00:00:00+05:30,9.600000381469727,11.600000381469727,9.199999809265137,10.149999618530273,34401,0.0,0.0
2015-06-24 00:00:00+05:30,10.0,12.0,9.800000190734863,10.75,68721,0.0,0.0
2015-06-25 00:00:00+05:30,10.5,11.0,10.199999809265137,10.899999618530273,4564,0.0,0.0
2015-06-26 00:00:00+05:30,10.550000190734863,11.149999618530273,10.550000190734863,10.550000190734863,3622,0.0,0.0
2015-06-29 00:00:00+05:30,10.5,10.5,9.899999618530273,10.050000190734863,2378,0.0,0.0
2015-06-30 00:00:00+05:30,10.0,10.449999809265137,9.600000381469727,10.199999809265137,4448,0.0,0.0
2015-07-01 00:00:00+05:30,10.199999809265137,10.199999809265137,10.0,10.0,428,0.0,0.0
2015-07-02 00:00:00+05:30,9.800000190734863,10.100000381469727,9.5,10.050000190734863,1011,0.0,0.0
2015-07-03 00:00:00+05:30,9.850000381469727,10.199999809265137,9.550000190734863,10.050000190734863,3603,0.0,0.0
2015-07-06 00:00:00+05:30,10.0,10.600000381469727,9.199999809265137,9.899999618530273,4868,0.0,0.0
2015-07-07 00:00:00+05:30,10.0,10.449999809265137,9.699999809265137,9.800000190734863,4637,0.0,0.0
2015-07-08 00:00:00+05:30,9.899999618530273,10.0,9.899999618530273,10.0,5249,0.0,0.0
2015-07-09 00:00:00+05:30,10.0,10.399999618530273,9.199999809265137,10.0,8277,0.0,0.0
2015-07-10 00:00:00+05:30,9.800000190734863,10.149999618530273,9.800000190734863,10.149999618530273,2279,0.0,0.0
2015-07-13 00:00:00+05:30,10.300000190734863,10.300000190734863,10.0,10.199999809265137,2329,0.0,0.0
2015-07-14 00:00:00+05:30,9.899999618530273,10.449999809265137,9.899999618530273,9.949999809265137,1199,0.0,0.0
2015-07-15 00:00:00+05:30,10.0,10.600000381469727,10.0,10.100000381469727,2337,0.0,0.0
2015-07-16 00:00:00+05:30,10.149999618530273,10.75,10.149999618530273,10.5,1229,0.0,0.0
2015-07-17 00:00:00+05:30,10.699999809265137,10.699999809265137,9.75,10.100000381469727,4328,0.0,0.0
2015-07-20 00:00:00+05:30,9.5,10.100000381469727,9.5,10.0,709,0.0,0.0
2015-07-21 00:00:00+05:30,10.0,10.0,9.899999618530273,9.899999618530273,1961,0.0,0.0
2015-07-22 00:00:00+05:30,9.850000381469727,10.199999809265137,9.600000381469727,10.149999618530273,411,0.0,0.0
2015-07-23 00:00:00+05:30,9.899999618530273,10.050000190734863,9.800000190734863,10.050000190734863,2480,0.0,0.0
2015-07-24 00:00:00+05:30,10.0,10.75,9.75,10.100000381469727,4044,0.0,0.0
2015-07-27 00:00:00+05:30,10.800000190734863,10.800000190734863,9.850000381469727,10.050000190734863,3537,0.0,0.0
2015-07-28 00:00:00+05:30,9.899999618530273,9.899999618530273,9.899999618530273,9.899999618530273,201,0.0,0.0
2015-07-29 00:00:00+05:30,10.0,10.300000190734863,10.0,10.0,5193,0.0,0.0
2015-07-30 00:00:00+05:30,10.350000381469727,10.350000381469727,10.0,10.0,1302,0.0,0.0
2015-07-31 00:00:00+05:30,10.0,11.75,9.600000381469727,10.199999809265137,5128,0.0,0.0
2015-08-03 00:00:00+05:30,10.850000381469727,10.850000381469727,9.899999618530273,9.949999809265137,426,0.0,0.0
2015-08-04 00:00:00+05:30,10.0,10.199999809265137,10.0,10.149999618530273,1850,0.0,0.0
2015-08-05 00:00:00+05:30,10.149999618530273,11.5,10.149999618530273,11.350000381469727,31144,0.0,0.0
2015-08-06 00:00:00+05:30,11.399999618530273,12.350000381469727,10.800000190734863,11.850000381469727,6709,0.0,0.0
2015-08-07 00:00:00+05:30,11.850000381469727,12.199999809265137,11.5,11.899999618530273,10871,0.0,0.0
2015-08-10 00:00:00+05:30,12.0,12.050000190734863,11.699999809265137,11.699999809265137,9073,0.0,0.0
2015-08-11 00:00:00+05:30,11.600000381469727,12.199999809265137,11.050000190734863,12.0,1593,0.0,0.0
2015-08-12 00:00:00+05:30,11.5,13.350000381469727,10.5,10.75,3922,0.0,0.0
2015-08-13 00:00:00+05:30,10.399999618530273,11.850000381469727,10.050000190734863,10.600000381469727,2868,0.0,0.0
2015-08-14 00:00:00+05:30,10.5,11.0,10.050000190734863,10.949999809265137,1649,0.0,0.0
2015-08-17 00:00:00+05:30,10.649999618530273,10.649999618530273,10.199999809265137,10.300000190734863,4638,0.0,0.0
2015-08-18 00:00:00+05:30,10.5,10.899999618530273,10.0,10.050000190734863,8593,0.0,0.0
2015-08-19 00:00:00+05:30,10.100000381469727,10.199999809265137,9.850000381469727,10.199999809265137,1222,0.0,0.0
2015-08-20 00:00:00+05:30,10.350000381469727,10.350000381469727,9.850000381469727,9.899999618530273,1669,0.0,0.0
2015-08-21 00:00:00+05:30,9.600000381469727,10.0,9.25,9.899999618530273,4544,0.0,0.0
2015-08-24 00:00:00+05:30,9.899999618530273,10.5,9.149999618530273,9.199999809265137,8590,0.0,0.0
2015-08-25 00:00:00+05:30,9.199999809265137,9.899999618530273,8.25,9.350000381469727,4884,0.0,0.0
2015-08-26 00:00:00+05:30,9.300000190734863,10.0,9.300000190734863,9.550000190734863,3396,0.0,0.0
2015-08-27 00:00:00+05:30,9.0,9.699999809265137,8.5,9.5,3653,0.0,0.0
2015-08-28 00:00:00+05:30,9.0,10.449999809265137,8.600000381469727,9.600000381469727,3692,0.0,0.0
2015-08-31 00:00:00+05:30,9.199999809265137,9.5,9.050000190734863,9.5,6210,0.0,0.0
2015-09-01 00:00:00+05:30,9.0,10.899999618530273,9.0,9.5,3029,0.0,0.0
2015-09-02 00:00:00+05:30,9.0,9.600000381469727,8.800000190734863,9.350000381469727,953,0.0,0.0
2015-09-03 00:00:00+05:30,9.5,10.75,9.5,9.949999809265137,8001,0.0,0.0
2015-09-04 00:00:00+05:30,9.699999809265137,10.300000190734863,9.199999809265137,9.300000190734863,2227,0.0,0.0
2015-09-07 00:00:00+05:30,9.300000190734863,9.75,8.949999809265137,9.199999809265137,482,0.0,0.0
2015-09-08 00:00:00+05:30,9.100000381469727,9.600000381469727,9.100000381469727,9.550000190734863,4965,0.0,0.0
2015-09-09 00:00:00+05:30,9.5,9.5,9.199999809265137,9.350000381469727,5325,0.0,0.0
2015-09-10 00:00:00+05:30,9.0,9.899999618530273,9.0,9.5,1398,0.0,0.0
2015-09-11 00:00:00+05:30,9.5,9.5,9.149999618530273,9.149999618530273,402,0.0,0.0
2015-09-14 00:00:00+05:30,9.300000190734863,9.399999618530273,9.300000190734863,9.350000381469727,1305,0.0,0.0
2015-09-15 00:00:00+05:30,9.350000381469727,9.350000381469727,8.649999618530273,9.149999618530273,3129,0.0,0.0
2015-09-16 00:00:00+05:30,9.149999618530273,9.350000381469727,9.0,9.350000381469727,1849,0.0,0.0
2015-09-18 00:00:00+05:30,9.050000190734863,9.800000190734863,9.050000190734863,9.449999809265137,1546,0.0,0.0
2015-09-21 00:00:00+05:30,9.100000381469727,9.5,8.899999618530273,9.5,12402,0.0,0.0
2015-09-22 00:00:00+05:30,9.5,9.5,9.100000381469727,9.25,2690,0.0,0.0
2015-09-23 00:00:00+05:30,9.300000190734863,9.699999809265137,9.25,9.5,110,0.0,0.0
2015-09-24 00:00:00+05:30,9.5,9.75,9.25,9.399999618530273,5648,0.0,0.0
2015-09-28 00:00:00+05:30,9.850000381469727,10.0,9.300000190734863,9.75,7579,0.0,0.0
2015-09-29 00:00:00+05:30,9.649999618530273,9.649999618530273,9.449999809265137,9.550000190734863,642,0.0,0.0
2015-09-30 00:00:00+05:30,9.600000381469727,9.949999809265137,9.449999809265137,9.949999809265137,3100,0.0,0.0
2015-10-01 00:00:00+05:30,9.699999809265137,9.949999809265137,9.300000190734863,9.550000190734863,1112,0.0,0.0
2015-10-05 00:00:00+05:30,9.399999618530273,9.5,8.850000381469727,9.300000190734863,5055,0.0,0.0
2015-10-06 00:00:00+05:30,9.699999809265137,10.850000381469727,9.600000381469727,10.300000190734863,46794,0.0,0.0
2015-10-07 00:00:00+05:30,10.199999809265137,11.550000190734863,10.199999809265137,11.149999618530273,29181,0.0,0.0
2015-10-08 00:00:00+05:30,11.550000190734863,12.75,11.399999618530273,11.800000190734863,21118,0.0,0.0
2015-10-09 00:00:00+05:30,12.350000381469727,12.550000190734863,11.699999809265137,12.399999618530273,12471,0.0,0.0
2015-10-12 00:00:00+05:30,13.149999618530273,14.699999809265137,13.149999618530273,14.149999618530273,61346,0.0,0.0
2015-10-13 00:00:00+05:30,14.5,15.199999809265137,13.699999809265137,15.0,61012,0.0,0.0
2015-10-14 00:00:00+05:30,15.0,15.600000381469727,14.550000190734863,15.100000381469727,29296,0.0,0.0
2015-10-15 00:00:00+05:30,14.649999618530273,15.399999618530273,13.600000381469727,14.300000190734863,28628,0.0,0.0
2015-10-16 00:00:00+05:30,14.300000190734863,15.399999618530273,13.199999809265137,14.850000381469727,43532,0.0,0.0
2015-10-19 00:00:00+05:30,14.050000190734863,15.800000190734863,14.050000190734863,15.25,26227,0.0,0.0
2015-10-20 00:00:00+05:30,15.149999618530273,16.0,14.600000381469727,15.100000381469727,52203,0.0,0.0
2015-10-21 00:00:00+05:30,15.0,16.0,15.0,15.399999618530273,20406,0.0,0.0
2015-10-23 00:00:00+05:30,15.300000190734863,16.899999618530273,15.199999809265137,16.75,94164,0.0,0.0
2015-10-26 00:00:00+05:30,16.899999618530273,16.950000762939453,15.449999809265137,15.850000381469727,23203,0.0,0.0
2015-10-27 00:00:00+05:30,15.050000190734863,15.949999809265137,15.0,15.300000190734863,16064,0.0,0.0
2015-10-28 00:00:00+05:30,15.100000381469727,15.399999618530273,15.050000190734863,15.350000381469727,5516,0.0,0.0
2015-10-29 00:00:00+05:30,15.899999618530273,15.949999809265137,15.0,15.300000190734863,6540,0.0,0.0
2015-10-30 00:00:00+05:30,15.050000190734863,15.600000381469727,15.0,15.5,8356,0.0,0.0
2015-11-02 00:00:00+05:30,14.25,14.800000190734863,14.0,14.399999618530273,20845,0.0,0.0
2015-11-03 00:00:00+05:30,15.25,15.350000381469727,14.300000190734863,14.600000381469727,5589,0.0,0.0
2015-11-04 00:00:00+05:30,14.100000381469727,15.0,14.0,14.0,16343,0.0,0.0
2015-11-05 00:00:00+05:30,14.0,14.0,13.5,13.5,7273,0.0,0.0
2015-11-06 00:00:00+05:30,13.550000190734863,15.0,13.050000190734863,13.350000381469727,1334,0.0,0.0
2015-11-09 00:00:00+05:30,13.25,14.0,13.25,13.649999618530273,9846,0.0,0.0
2015-11-10 00:00:00+05:30,13.75,14.300000190734863,13.75,14.199999809265137,19015,0.0,0.0
2015-11-13 00:00:00+05:30,15.0,17.450000762939453,14.25,16.950000762939453,97225,0.0,0.0
2015-11-16 00:00:00+05:30,18.450000762939453,20.299999237060547,17.450000762939453,20.299999237060547,210595,0.0,0.0
2015-11-17 00:00:00+05:30,21.799999237060547,22.299999237060547,21.049999237060547,22.049999237060547,225754,0.0,0.0
2015-11-18 00:00:00+05:30,22.700000762939453,24.25,22.700000762939453,24.25,468489,0.0,0.0
2015-11-19 00:00:00+05:30,26.649999618530273,26.649999618530273,22.5,26.5,776406,0.0,0.0
2015-11-20 00:00:00+05:30,26.450000762939453,27.799999237060547,25.399999618530273,27.25,352857,0.0,0.0
2015-11-23 00:00:00+05:30,28.600000381469727,28.600000381469727,28.600000381469727,28.600000381469727,226275,0.0,0.0
2015-11-24 00:00:00+05:30,28.600000381469727,28.600000381469727,28.600000381469727,28.600000381469727,0,0.0,0.0
2015-11-26 00:00:00+05:30,28.600000381469727,28.600000381469727,28.600000381469727,28.600000381469727,0,0.0,0.0
2015-11-27 00:00:00+05:30,28.600000381469727,28.600000381469727,28.600000381469727,28.600000381469727,0,0.0,0.0
2015-11-30 00:00:00+05:30,28.600000381469727,28.600000381469727,28.600000381469727,28.600000381469727,0,0.0,0.0
2015-12-01 00:00:00+05:30,28.600000381469727,28.600000381469727,28.600000381469727,28.600000381469727,0,0.0,0.0
2015-12-02 00:00:00+05:30,28.600000381469727,28.600000381469727,28.600000381469727,28.600000381469727,0,0.0,0.0
2015-12-03 00:00:00+05:30,28.600000381469727,28.600000381469727,28.600000381469727,28.600000381469727,0,0.0,0.0
2015-12-04 00:00:00+05:30,28.600000381469727,28.600000381469727,28.600000381469727,28.600000381469727,0,0.0,0.0
2015-12-07 00:00:00+05:30,28.600000381469727,28.600000381469727,28.600000381469727,28.600000381469727,0,0.0,0.0
2015-12-08 00:00:00+05:30,28.600000381469727,28.600000381469727,28.600000381469727,28.600000381469727,0,0.0,0.0
2015-12-09 00:00:00+05:30,28.600000381469727,28.600000381469727,28.600000381469727,28.600000381469727,0,0.0,0.0
2015-12-10 00:00:00+05:30,28.600000381469727,28.600000381469727,28.600000381469727,28.600000381469727,0,0.0,0.0
2015-12-11 00:00:00+05:30,28.600000381469727,28.600000381469727,28.600000381469727,28.600000381469727,0,0.0,0.0
2015-12-14 00:00:00+05:30,28.600000381469727,28.600000381469727,28.600000381469727,28.600000381469727,0,0.0,0.0
2015-12-15 00:00:00+05:30,28.600000381469727,28.600000381469727,28.600000381469727,28.600000381469727,0,0.0,0.0
2015-12-16 00:00:00+05:30,28.600000381469727,28.600000381469727,28.600000381469727,28.600000381469727,0,0.0,0.0
2015-12-17 00:00:00+05:30,28.600000381469727,28.600000381469727,28.600000381469727,28.600000381469727,0,0.0,0.0
2015-12-18 00:00:00+05:30,28.600000381469727,28.600000381469727,28.600000381469727,28.600000381469727,0,0.0,0.0
2015-12-21 00:00:00+05:30,28.600000381469727,28.600000381469727,28.600000381469727,28.600000381469727,0,0.0,0.0
2015-12-22 00:00:00+05:30,28.600000381469727,28.600000381469727,28.600000381469727,28.600000381469727,0,0.0,0.0
2015-12-23 00:00:00+05:30,28.600000381469727,28.600000381469727,28.600000381469727,28.600000381469727,0,0.0,0.0
2015-12-24 00:00:00+05:30,28.600000381469727,28.600000381469727,28.600000381469727,28.600000381469727,0,0.0,0.0
2015-12-28 00:00:00+05:30,28.600000381469727,28.600000381469727,28.600000381469727,28.600000381469727,0,0.0,0.0
2015-12-29 00:00:00+05:30,28.600000381469727,28.600000381469727,28.600000381469727,28.600000381469727,0,0.0,0.0
2015-12-30 00:00:00+05:30,28.600000381469727,28.600000381469727,28.600000381469727,28.600000381469727,0,0.0,0.0
2015-12-31 00:00:00+05:30,28.600000381469727,28.600000381469727,28.600000381469727,28.600000381469727,0,0.0,0.0
2016-01-01 00:00:00+05:30,28.600000381469727,28.600000381469727,28.600000381469727,28.600000381469727,0,0.0,0.0
2016-01-04 00:00:00+05:30,28.600000381469727,28.600000381469727,28.600000381469727,28.600000381469727,0,0.0,0.0
2016-01-05 00:00:00+05:30,28.600000381469727,28.600000381469727,28.600000381469727,28.600000381469727,0,0.0,0.0
2016-01-06 00:00:00+05:30,28.600000381469727,28.600000381469727,28.600000381469727,28.600000381469727,0,0.0,0.0
2016-01-07 00:00:00+05:30,28.600000381469727,28.600000381469727,28.600000381469727,28.600000381469727,0,0.0,0.0
2016-01-08 00:00:00+05:30,28.600000381469727,28.600000381469727,28.600000381469727,28.600000381469727,0,0.0,0.0
2016-01-11 00:00:00+05:30,28.600000381469727,28.600000381469727,28.600000381469727,28.600000381469727,0,0.0,0.0
2016-01-12 00:00:00+05:30,28.600000381469727,28.600000381469727,28.600000381469727,28.600000381469727,0,0.0,0.0
2016-01-13 00:00:00+05:30,28.600000381469727,28.600000381469727,28.600000381469727,28.600000381469727,0,0.0,0.0
2016-01-14 00:00:00+05:30,28.600000381469727,28.600000381469727,28.600000381469727,28.600000381469727,0,0.0,0.0
2016-01-15 00:00:00+05:30,28.600000381469727,28.600000381469727,28.600000381469727,28.600000381469727,0,0.0,0.0
2016-01-18 00:00:00+05:30,28.600000381469727,28.600000381469727,28.600000381469727,28.600000381469727,0,0.0,0.0
2016-01-19 00:00:00+05:30,28.600000381469727,28.600000381469727,28.600000381469727,28.600000381469727,0,0.0,0.0
2016-01-20 00:00:00+05:30,28.600000381469727,28.600000381469727,28.600000381469727,28.600000381469727,0,0.0,0.0
2016-01-21 00:00:00+05:30,28.600000381469727,28.600000381469727,28.600000381469727,28.600000381469727,0,0.0,0.0
2016-01-22 00:00:00+05:30,28.600000381469727,28.600000381469727,28.600000381469727,28.600000381469727,0,0.0,0.0
2016-01-25 00:00:00+05:30,28.600000381469727,28.600000381469727,28.600000381469727,28.600000381469727,0,0.0,0.0
2016-01-27 00:00:00+05:30,28.600000381469727,28.600000381469727,28.600000381469727,28.600000381469727,0,0.0,0.0
2016-01-28 00:00:00+05:30,28.600000381469727,28.600000381469727,28.600000381469727,28.600000381469727,0,0.0,0.0
2016-01-29 00:00:00+05:30,28.600000381469727,28.600000381469727,28.600000381469727,28.600000381469727,0,0.0,0.0
2016-02-01 00:00:00+05:30,28.600000381469727,28.600000381469727,28.600000381469727,28.600000381469727,0,0.0,0.0
2016-02-02 00:00:00+05:30,28.600000381469727,28.600000381469727,28.600000381469727,28.600000381469727,0,0.0,0.0
2016-02-03 00:00:00+05:30,28.600000381469727,28.600000381469727,28.600000381469727,28.600000381469727,0,0.0,0.0
2016-02-04 00:00:00+05:30,28.600000381469727,28.600000381469727,28.600000381469727,28.600000381469727,0,0.0,0.0
2016-02-05 00:00:00+05:30,28.600000381469727,28.600000381469727,28.600000381469727,28.600000381469727,0,0.0,0.0
2016-02-08 00:00:00+05:30,28.600000381469727,28.600000381469727,28.600000381469727,28.600000381469727,0,0.0,0.0
2016-02-09 00:00:00+05:30,28.600000381469727,28.600000381469727,28.600000381469727,28.600000381469727,0,0.0,0.0
2016-02-10 00:00:00+05:30,28.600000381469727,28.600000381469727,28.600000381469727,28.600000381469727,0,0.0,0.0
2016-02-11 00:00:00+05:30,28.600000381469727,28.600000381469727,28.600000381469727,28.600000381469727,0,0.0,0.0
2016-02-12 00:00:00+05:30,28.600000381469727,28.600000381469727,28.600000381469727,28.600000381469727,0,0.0,0.0
2016-02-15 00:00:00+05:30,28.600000381469727,28.600000381469727,28.600000381469727,28.600000381469727,0,0.0,0.0
2016-02-16 00:00:00+05:30,28.600000381469727,28.600000381469727,28.600000381469727,28.600000381469727,0,0.0,0.0
2016-02-17 00:00:00+05:30,28.600000381469727,28.600000381469727,28.600000381469727,28.600000381469727,0,0.0,0.0
2016-02-18 00:00:00+05:30,28.600000381469727,28.600000381469727,28.600000381469727,28.600000381469727,0,0.0,0.0
2016-02-19 00:00:00+05:30,28.600000381469727,28.600000381469727,28.600000381469727,28.600000381469727,0,0.0,0.0
2016-02-22 00:00:00+05:30,28.600000381469727,28.600000381469727,28.600000381469727,28.600000381469727,0,0.0,0.0
2016-02-23 00:00:00+05:30,28.600000381469727,28.600000381469727,28.600000381469727,28.600000381469727,0,0.0,0.0
2016-02-24 00:00:00+05:30,28.600000381469727,28.600000381469727,28.600000381469727,28.600000381469727,0,0.0,0.0
2016-02-25 00:00:00+05:30,28.600000381469727,28.600000381469727,28.600000381469727,28.600000381469727,0,0.0,0.0
2016-02-26 00:00:00+05:30,28.600000381469727,28.600000381469727,28.600000381469727,28.600000381469727,0,0.0,0.0
2016-02-29 00:00:00+05:30,28.600000381469727,28.600000381469727,28.600000381469727,28.600000381469727,0,0.0,0.0
2016-03-01 00:00:00+05:30,28.600000381469727,28.600000381469727,28.600000381469727,28.600000381469727,0,0.0,0.0
2016-03-02 00:00:00+05:30,28.600000381469727,28.600000381469727,28.600000381469727,28.600000381469727,0,0.0,0.0
2016-03-03 00:00:00+05:30,28.600000381469727,28.600000381469727,28.600000381469727,28.600000381469727,0,0.0,0.0
2016-03-04 00:00:00+05:30,28.600000381469727,28.600000381469727,28.600000381469727,28.600000381469727,0,0.0,0.0
2016-03-08 00:00:00+05:30,28.600000381469727,28.600000381469727,28.600000381469727,28.600000381469727,0,0.0,0.0
2016-03-09 00:00:00+05:30,28.600000381469727,28.600000381469727,28.600000381469727,28.600000381469727,0,0.0,0.0
2016-03-10 00:00:00+05:30,28.600000381469727,28.600000381469727,28.600000381469727,28.600000381469727,0,0.0,0.0
2016-03-11 00:00:00+05:30,28.600000381469727,28.600000381469727,28.600000381469727,28.600000381469727,0,0.0,0.0
2016-03-14 00:00:00+05:30,30.0,31.5,28.5,28.5,6818,0.0,0.0
2016-03-15 00:00:00+05:30,27.5,27.5,27.100000381469727,27.100000381469727,3568,0.0,0.0
2016-03-16 00:00:00+05:30,25.75,25.75,25.75,25.75,5314,0.0,0.0
2016-03-17 00:00:00+05:30,24.5,27.0,24.5,27.0,92650,0.0,0.0
2016-03-18 00:00:00+05:30,26.200000762939453,28.049999237060547,25.649999618530273,25.700000762939453,26654,0.0,0.0
2016-03-21 00:00:00+05:30,26.950000762939453,26.950000762939453,26.25,26.799999237060547,22797,0.0,0.0
2016-03-22 00:00:00+05:30,28.0,28.100000381469727,27.100000381469727,28.100000381469727,37192,0.0,0.0
2016-03-23 00:00:00+05:30,29.299999237060547,29.5,28.799999237060547,29.5,24399,0.0,0.0
2016-03-28 00:00:00+05:30,30.899999618530273,30.950000762939453,30.899999618530273,30.950000762939453,19655,0.0,0.0
2016-03-29 00:00:00+05:30,32.0,32.45000076293945,31.799999237060547,32.0,56852,0.0,0.0
2016-03-30 00:00:00+05:30,32.79999923706055,38.400001525878906,32.5,38.400001525878906,132951,0.0,0.0
2016-03-31 00:00:00+05:30,39.29999923706055,44.95000076293945,37.29999923706055,38.400001525878906,305802,0.0,0.0
2016-04-01 00:00:00+05:30,38.5,42.599998474121094,37.599998474121094,38.349998474121094,212477,0.0,0.0
2016-04-04 00:00:00+05:30,38.849998474121094,40.70000076293945,36.099998474121094,36.75,214585,0.0,0.0
2016-04-05 00:00:00+05:30,36.04999923706055,36.04999923706055,33.5,34.150001525878906,175754,0.0,0.0
2016-04-06 00:00:00+05:30,34.0,40.29999923706055,34.0,37.95000076293945,546170,0.0,0.0
2016-04-07 00:00:00+05:30,38.0,38.75,35.75,36.150001525878906,190215,0.0,0.0
2016-04-08 00:00:00+05:30,36.650001525878906,37.45000076293945,35.20000076293945,35.79999923706055,143644,0.0,0.0
2016-04-11 00:00:00+05:30,36.599998474121094,36.599998474121094,34.0,34.70000076293945,109166,0.0,0.0
2016-04-12 00:00:00+05:30,35.0,35.400001525878906,31.5,33.04999923706055,196188,0.0,0.0
2016-04-13 00:00:00+05:30,33.5,33.79999923706055,32.20000076293945,32.54999923706055,75231,0.0,0.0
2016-04-18 00:00:00+05:30,31.950000762939453,36.599998474121094,31.700000762939453,35.70000076293945,176033,0.0,0.0
2016-04-20 00:00:00+05:30,36.900001525878906,36.900001525878906,33.54999923706055,34.0,91416,0.0,0.0
2016-04-21 00:00:00+05:30,34.45000076293945,34.599998474121094,32.099998474121094,32.349998474121094,73140,0.0,0.0
2016-04-22 00:00:00+05:30,32.5,34.0,32.20000076293945,32.650001525878906,40850,0.0,0.0
2016-04-25 00:00:00+05:30,32.70000076293945,33.900001525878906,32.20000076293945,32.400001525878906,34342,0.0,0.0
2016-04-26 00:00:00+05:30,32.0,33.0,31.600000381469727,32.54999923706055,58149,0.0,0.0
2016-04-27 00:00:00+05:30,32.75,33.150001525878906,31.799999237060547,32.29999923706055,32695,0.0,0.0
2016-04-28 00:00:00+05:30,31.799999237060547,32.099998474121094,30.049999237060547,30.600000381469727,65557,0.0,0.0
2016-04-29 00:00:00+05:30,30.200000762939453,31.799999237060547,29.0,31.350000381469727,89444,0.0,0.0
2016-05-02 00:00:00+05:30,31.100000381469727,33.5,31.100000381469727,32.150001525878906,75705,0.0,0.0
2016-05-03 00:00:00+05:30,33.54999923706055,33.54999923706055,31.5,31.850000381469727,59201,0.0,0.0
2016-05-04 00:00:00+05:30,31.100000381469727,31.799999237060547,30.299999237060547,30.549999237060547,33197,0.0,0.0
2016-05-05 00:00:00+05:30,31.0,32.95000076293945,31.0,32.349998474121094,75053,0.0,0.0
2016-05-06 00:00:00+05:30,32.400001525878906,33.79999923706055,31.299999237060547,33.099998474121094,75463,0.0,0.0
2016-05-09 00:00:00+05:30,33.5,33.79999923706055,32.5,32.849998474121094,47000,0.0,0.0
2016-05-10 00:00:00+05:30,33.45000076293945,37.54999923706055,33.0,35.349998474121094,317806,0.0,0.0
2016-05-11 00:00:00+05:30,35.0,37.400001525878906,34.5,36.349998474121094,159817,0.0,0.0
2016-05-12 00:00:00+05:30,36.79999923706055,37.79999923706055,35.79999923706055,36.650001525878906,130543,0.0,0.0
2016-05-13 00:00:00+05:30,36.0,37.0,35.0,35.20000076293945,87900,0.0,0.0
2016-05-16 00:00:00+05:30,35.75,36.45000076293945,34.54999923706055,35.400001525878906,43427,0.0,0.0
2016-05-17 00:00:00+05:30,35.5,35.5,33.5,33.849998474121094,49373,0.0,0.0
2016-05-18 00:00:00+05:30,33.5,35.5,33.0,34.04999923706055,35374,0.0,0.0
2016-05-19 00:00:00+05:30,34.0,34.0,32.0,32.25,47785,0.0,0.0
2016-05-20 00:00:00+05:30,32.29999923706055,33.0,30.25,30.75,44563,0.0,0.0
2016-05-23 00:00:00+05:30,31.5,33.5,30.549999237060547,32.45000076293945,68906,0.0,0.0
2016-05-24 00:00:00+05:30,32.45000076293945,32.79999923706055,31.049999237060547,31.75,51207,0.0,0.0
2016-05-25 00:00:00+05:30,32.599998474121094,33.0,32.0,32.849998474121094,36206,0.0,0.0
2016-05-26 00:00:00+05:30,31.700000762939453,35.20000076293945,31.5,34.349998474121094,133010,0.0,0.0
2016-05-27 00:00:00+05:30,34.099998474121094,34.349998474121094,33.099998474121094,33.70000076293945,28218,0.0,0.0
2016-05-30 00:00:00+05:30,33.70000076293945,34.5,33.70000076293945,34.150001525878906,71626,0.0,0.0
2016-05-31 00:00:00+05:30,34.25,34.25,30.549999237060547,31.200000762939453,122901,0.0,0.0
2016-06-01 00:00:00+05:30,31.950000762939453,33.0,31.299999237060547,31.950000762939453,45468,0.0,0.0
2016-06-02 00:00:00+05:30,32.0,33.0,32.0,32.25,42813,0.0,0.0
2016-06-03 00:00:00+05:30,32.45000076293945,33.5,31.649999618530273,31.899999618530273,154297,0.0,0.0
2016-06-06 00:00:00+05:30,32.099998474121094,33.70000076293945,31.899999618530273,32.099998474121094,181797,0.0,0.0
2016-06-07 00:00:00+05:30,32.849998474121094,34.25,32.5,33.95000076293945,215390,0.0,0.0
2016-06-08 00:00:00+05:30,35.150001525878906,36.45000076293945,34.04999923706055,34.599998474121094,179669,0.0,0.0
2016-06-09 00:00:00+05:30,34.599998474121094,35.5,33.099998474121094,33.5,88850,0.0,0.0
2016-06-10 00:00:00+05:30,33.849998474121094,36.5,33.400001525878906,35.95000076293945,419990,0.0,0.0
2016-06-13 00:00:00+05:30,35.95000076293945,43.099998474121094,34.5,41.599998474121094,1594899,0.0,0.0
2016-06-14 00:00:00+05:30,42.0,47.75,42.0,47.04999923706055,1069136,0.0,0.0
2016-06-15 00:00:00+05:30,48.849998474121094,56.45000076293945,48.0,56.20000076293945,1560635,0.0,0.0
2016-06-16 00:00:00+05:30,56.95000076293945,61.45000076293945,50.599998474121094,52.650001525878906,2099969,0.0,0.0
2016-06-17 00:00:00+05:30,51.29999923706055,51.29999923706055,47.400001525878906,47.400001525878906,523804,0.0,0.0
2016-06-20 00:00:00+05:30,42.79999923706055,50.70000076293945,42.79999923706055,46.04999923706055,634372,0.0,0.0
2016-06-21 00:00:00+05:30,46.400001525878906,47.900001525878906,42.54999923706055,43.29999923706055,403808,0.0,0.0
2016-06-22 00:00:00+05:30,43.45000076293945,44.45000076293945,41.150001525878906,41.20000076293945,251523,0.0,0.0
2016-06-23 00:00:00+05:30,41.20000076293945,42.5,39.150001525878906,41.150001525878906,515972,0.0,0.0
2016-06-24 00:00:00+05:30,39.099998474121094,40.650001525878906,39.099998474121094,39.75,221614,0.0,0.0
2016-06-27 00:00:00+05:30,39.70000076293945,41.70000076293945,39.599998474121094,41.70000076293945,255868,0.0,0.0
2016-06-28 00:00:00+05:30,42.79999923706055,43.75,42.75,43.75,95604,0.0,0.0
2016-06-29 00:00:00+05:30,45.599998474121094,45.900001525878906,43.79999923706055,45.900001525878906,245414,0.0,0.0
2016-06-30 00:00:00+05:30,48.0,48.150001525878906,46.099998474121094,47.0,545006,0.0,0.0
2016-07-01 00:00:00+05:30,47.900001525878906,49.349998474121094,44.70000076293945,48.349998474121094,555106,0.0,0.0
2016-07-04 00:00:00+05:30,50.45000076293945,50.70000076293945,48.099998474121094,48.349998474121094,295625,0.0,0.0
2016-07-05 00:00:00+05:30,48.5,48.54999923706055,46.20000076293945,46.45000076293945,129011,0.0,0.0
2016-07-07 00:00:00+05:30,46.0,48.75,44.25,47.54999923706055,758054,0.0,0.0
2016-07-08 00:00:00+05:30,47.599998474121094,47.650001525878906,45.5,45.650001525878906,252057,0.0,0.0
2016-07-11 00:00:00+05:30,45.900001525878906,46.75,45.5,45.79999923706055,133507,0.0,0.0
2016-07-12 00:00:00+05:30,46.0,46.45000076293945,44.099998474121094,44.5,134198,0.0,0.0
2016-07-13 00:00:00+05:30,45.0,45.0,43.150001525878906,43.70000076293945,78085,0.0,0.0
2016-07-14 00:00:00+05:30,43.75,45.849998474121094,42.54999923706055,43.900001525878906,362394,0.0,0.0
2016-07-15 00:00:00+05:30,44.150001525878906,44.20000076293945,41.75,41.900001525878906,218086,0.0,0.0
2016-07-18 00:00:00+05:30,41.349998474121094,43.400001525878906,40.900001525878906,41.150001525878906,140357,0.0,0.0
2016-07-19 00:00:00+05:30,41.75,41.75,40.54999923706055,40.95000076293945,102349,0.0,0.0
2016-07-20 00:00:00+05:30,41.400001525878906,41.75,40.70000076293945,41.150001525878906,176114,0.0,0.0
2016-07-21 00:00:00+05:30,40.900001525878906,41.599998474121094,39.20000076293945,39.79999923706055,123452,0.0,0.0
2016-07-22 00:00:00+05:30,39.599998474121094,40.849998474121094,39.5,39.79999923706055,147488,0.0,0.0
2016-07-25 00:00:00+05:30,40.04999923706055,40.54999923706055,38.0,38.150001525878906,239858,0.0,0.0
2016-07-26 00:00:00+05:30,37.95000076293945,39.0,36.95000076293945,37.25,145633,0.0,0.0
2016-07-27 00:00:00+05:30,37.400001525878906,39.099998474121094,36.5,39.099998474121094,138667,0.0,0.0
2016-07-28 00:00:00+05:30,39.849998474121094,40.400001525878906,39.099998474121094,39.20000076293945,79059,0.0,0.0
2016-07-29 00:00:00+05:30,39.0,40.5,38.5,39.849998474121094,253587,0.0,0.0
2016-08-01 00:00:00+05:30,40.099998474121094,40.75,38.20000076293945,38.45000076293945,116974,0.0,0.0
2016-08-02 00:00:00+05:30,38.849998474121094,39.0,37.54999923706055,38.20000076293945,70601,0.0,0.0
2016-08-03 00:00:00+05:30,39.20000076293945,39.20000076293945,36.900001525878906,37.25,89757,0.0,0.0
2016-08-04 00:00:00+05:30,37.29999923706055,37.849998474121094,36.04999923706055,36.25,68457,0.0,0.0
2016-08-05 00:00:00+05:30,36.5,37.79999923706055,36.45000076293945,36.849998474121094,56350,0.0,0.0
2016-08-08 00:00:00+05:30,36.79999923706055,37.5,36.29999923706055,36.900001525878906,52032,0.0,0.0
2016-08-09 00:00:00+05:30,36.54999923706055,36.599998474121094,33.599998474121094,34.150001525878906,140437,0.0,0.0
2016-08-10 00:00:00+05:30,33.099998474121094,35.0,33.099998474121094,34.25,63770,0.0,0.0
2016-08-11 00:00:00+05:30,34.25,35.400001525878906,33.54999923706055,33.849998474121094,53900,0.0,0.0
2016-08-12 00:00:00+05:30,31.799999237060547,35.0,31.799999237060547,34.599998474121094,98016,0.0,0.0
2016-08-16 00:00:00+05:30,33.5,34.20000076293945,31.549999237060547,32.25,84663,0.0,0.0
2016-08-17 00:00:00+05:30,31.899999618530273,33.0,29.5,29.649999618530273,94823,0.0,0.0
2016-08-18 00:00:00+05:30,30.0,32.599998474121094,29.549999237060547,32.599998474121094,103949,0.0,0.0
2016-08-19 00:00:00+05:30,34.599998474121094,35.849998474121094,33.75,35.25,194831,0.0,0.0
2016-08-22 00:00:00+05:30,35.54999923706055,35.95000076293945,33.5,34.150001525878906,43055,0.0,0.0
2016-08-23 00:00:00+05:30,33.5,34.79999923706055,33.099998474121094,34.5,46302,0.0,0.0
2016-08-24 00:00:00+05:30,34.25,34.5,33.5,33.75,26861,0.0,0.0
2016-08-25 00:00:00+05:30,34.5,34.5,32.5,32.650001525878906,31561,0.0,0.0
2016-08-26 00:00:00+05:30,32.79999923706055,34.25,32.79999923706055,33.25,61643,0.0,0.0
2016-08-29 00:00:00+05:30,33.95000076293945,34.0,32.599998474121094,32.900001525878906,21736,0.0,0.0
2016-08-30 00:00:00+05:30,33.0,33.5,32.599998474121094,33.0,50209,0.0,0.0
2016-08-31 00:00:00+05:30,33.0,35.0,32.75,34.0,90959,0.0,0.0
2016-09-01 00:00:00+05:30,34.849998474121094,34.849998474121094,32.54999923706055,32.599998474121094,21539,0.0,0.0
2016-09-02 00:00:00+05:30,33.25,35.900001525878906,32.45000076293945,33.0,48957,0.0,0.0
2016-09-06 00:00:00+05:30,33.54999923706055,34.0,32.75,33.04999923706055,26902,0.0,0.0
2016-09-07 00:00:00+05:30,33.0,34.0,32.0,32.54999923706055,75999,0.0,0.0
2016-09-08 00:00:00+05:30,32.70000076293945,32.849998474121094,32.099998474121094,32.25,44619,0.0,0.0
2016-09-09 00:00:00+05:30,32.70000076293945,34.04999923706055,32.04999923706055,33.25,122840,0.0,0.0
2016-09-12 00:00:00+05:30,32.20000076293945,33.400001525878906,31.700000762939453,31.899999618530273,61015,0.0,0.0
2016-09-14 00:00:00+05:30,32.5,33.45000076293945,31.700000762939453,32.04999923706055,36035,0.0,0.0
2016-09-15 00:00:00+05:30,32.54999923706055,32.650001525878906,30.600000381469727,30.950000762939453,24928,0.0,0.0
2016-09-16 00:00:00+05:30,31.5,33.75,31.100000381469727,32.29999923706055,139855,0.0,0.0
2016-09-19 00:00:00+05:30,32.900001525878906,34.849998474121094,32.900001525878906,33.79999923706055,199041,0.0,0.0
2016-09-20 00:00:00+05:30,34.79999923706055,34.900001525878906,33.900001525878906,34.20000076293945,95745,0.0,0.0
2016-09-21 00:00:00+05:30,34.5,34.599998474121094,31.100000381469727,33.150001525878906,60377,0.0,0.0
2016-09-22 00:00:00+05:30,33.349998474121094,33.95000076293945,33.0,33.54999923706055,39089,0.0,0.0
2016-09-23 00:00:00+05:30,34.5,34.5,32.099998474121094,33.400001525878906,49287,0.0,0.0
2016-09-26 00:00:00+05:30,33.04999923706055,33.900001525878906,32.95000076293945,33.0,16284,0.0,0.0
2016-09-27 00:00:00+05:30,33.79999923706055,34.5,32.95000076293945,33.150001525878906,61810,0.0,0.0
2016-09-28 00:00:00+05:30,33.70000076293945,33.70000076293945,32.75,33.099998474121094,26345,0.0,0.0
2016-09-29 00:00:00+05:30,33.099998474121094,33.849998474121094,29.600000381469727,30.149999618530273,132691,0.0,0.0
2016-09-30 00:00:00+05:30,29.75,31.950000762939453,29.200000762939453,30.600000381469727,89227,0.0,0.0
2016-10-03 00:00:00+05:30,30.799999237060547,31.600000381469727,30.799999237060547,31.200000762939453,27383,0.0,0.0
2016-10-04 00:00:00+05:30,32.099998474121094,32.099998474121094,30.549999237060547,31.25,23818,0.0,0.0
2016-10-05 00:00:00+05:30,31.549999237060547,33.29999923706055,31.299999237060547,32.20000076293945,131552,0.0,0.0
2016-10-06 00:00:00+05:30,32.849998474121094,34.79999923706055,32.849998474121094,34.04999923706055,99974,0.0,0.0
2016-10-07 00:00:00+05:30,34.849998474121094,37.400001525878906,32.099998474121094,36.650001525878906,249668,0.0,0.0
2016-10-10 00:00:00+05:30,37.0,43.45000076293945,37.0,41.79999923706055,483964,0.0,0.0
2016-10-13 00:00:00+05:30,42.0,43.29999923706055,38.29999923706055,40.150001525878906,353799,0.0,0.0
2016-10-14 00:00:00+05:30,41.79999923706055,41.79999923706055,38.70000076293945,39.400001525878906,108195,0.0,0.0
2016-10-17 00:00:00+05:30,39.70000076293945,40.0,38.0,38.29999923706055,44579,0.0,0.0
2016-10-18 00:00:00+05:30,39.5,39.5,37.150001525878906,38.04999923706055,77749,0.0,0.0
2016-10-19 00:00:00+05:30,38.099998474121094,38.5,37.5,37.900001525878906,47862,0.0,0.0
2016-10-20 00:00:00+05:30,38.5,38.5,37.0,37.25,44598,0.0,0.0
2016-10-21 00:00:00+05:30,37.099998474121094,38.75,31.700000762939453,37.04999923706055,99874,0.0,0.0
2016-10-24 00:00:00+05:30,37.0,37.75,35.25,35.70000076293945,63550,0.0,0.0
2016-10-25 00:00:00+05:30,36.0,36.25,35.099998474121094,35.5,38671,0.0,0.0
2016-10-26 00:00:00+05:30,35.0,35.5,33.0,33.75,82648,0.0,0.0
2016-10-27 00:00:00+05:30,33.79999923706055,35.900001525878906,33.5,35.04999923706055,89891,0.0,0.0
2016-10-28 00:00:00+05:30,36.45000076293945,36.70000076293945,35.25,35.599998474121094,37808,0.0,0.0
2016-11-01 00:00:00+05:30,34.04999923706055,35.349998474121094,34.04999923706055,34.349998474121094,33748,0.0,0.0
2016-11-02 00:00:00+05:30,34.45000076293945,34.54999923706055,33.0,33.45000076293945,65108,0.0,0.0
2016-11-03 00:00:00+05:30,33.650001525878906,36.900001525878906,33.650001525878906,34.650001525878906,148085,0.0,0.0
2016-11-04 00:00:00+05:30,33.900001525878906,35.04999923706055,33.0,33.45000076293945,62592,0.0,0.0
2016-11-07 00:00:00+05:30,35.45000076293945,36.400001525878906,33.29999923706055,34.349998474121094,37348,0.0,0.0
2016-11-08 00:00:00+05:30,34.400001525878906,36.0,34.150001525878906,35.099998474121094,50340,0.0,0.0
2016-11-09 00:00:00+05:30,28.100000381469727,34.75,28.100000381469727,33.45000076293945,114036,0.0,0.0
2016-11-10 00:00:00+05:30,34.900001525878906,34.95000076293945,34.150001525878906,34.29999923706055,95422,0.0,0.0
2016-11-11 00:00:00+05:30,34.0,35.849998474121094,30.049999237060547,30.649999618530273,223773,0.0,0.0
2016-11-15 00:00:00+05:30,30.0,30.0,26.450000762939453,26.850000381469727,103534,0.0,0.0
2016-11-16 00:00:00+05:30,28.0,29.25,25.149999618530273,25.899999618530273,89384,0.0,0.0
2016-11-17 00:00:00+05:30,26.0,27.0,25.350000381469727,25.850000381469727,25498,0.0,0.0
2016-11-18 00:00:00+05:30,25.799999237060547,29.100000381469727,25.149999618530273,28.0,211924,0.0,0.0
2016-11-21 00:00:00+05:30,29.549999237060547,30.299999237060547,27.799999237060547,28.100000381469727,134050,0.0,0.0
2016-11-22 00:00:00+05:30,28.399999618530273,29.0,26.799999237060547,27.700000762939453,42342,0.0,0.0
2016-11-23 00:00:00+05:30,29.799999237060547,29.799999237060547,27.049999237060547,29.399999618530273,88514,0.0,0.0
2016-11-24 00:00:00+05:30,29.049999237060547,30.350000381469727,28.549999237060547,29.149999618530273,77407,0.0,0.0
2016-11-25 00:00:00+05:30,30.149999618530273,30.450000762939453,28.700000762939453,29.100000381469727,56557,0.0,0.0
2016-11-28 00:00:00+05:30,29.149999618530273,32.099998474121094,29.0,31.200000762939453,112111,0.0,0.0
2016-11-29 00:00:00+05:30,31.5,33.0,26.700000762939453,29.850000381469727,101133,0.0,0.0
2016-11-30 00:00:00+05:30,30.549999237060547,30.549999237060547,29.5,29.850000381469727,22167,0.0,0.0
2016-12-01 00:00:00+05:30,30.450000762939453,31.399999618530273,29.5,30.200000762939453,63379,0.0,0.0
2016-12-02 00:00:00+05:30,30.0,30.799999237060547,29.299999237060547,29.649999618530273,23205,0.0,0.0
2016-12-05 00:00:00+05:30,29.899999618530273,30.0,29.149999618530273,29.549999237060547,14029,0.0,0.0
2016-12-06 00:00:00+05:30,30.0,30.200000762939453,29.200000762939453,29.299999237060547,10298,0.0,0.0
2016-12-07 00:00:00+05:30,30.350000381469727,30.350000381469727,28.799999237060547,29.299999237060547,15111,0.0,0.0
2016-12-08 00:00:00+05:30,29.850000381469727,30.399999618530273,29.200000762939453,29.549999237060547,17020,0.0,0.0
2016-12-09 00:00:00+05:30,29.5,29.950000762939453,29.0,29.25,23798,0.0,0.0
2016-12-12 00:00:00+05:30,30.350000381469727,30.350000381469727,29.0,29.100000381469727,23452,0.0,0.0
2016-12-13 00:00:00+05:30,29.149999618530273,29.5,28.299999237060547,28.899999618530273,21118,0.0,0.0
2016-12-14 00:00:00+05:30,29.100000381469727,29.149999618530273,26.75,27.700000762939453,35298,0.0,0.0
2016-12-15 00:00:00+05:30,28.0,28.649999618530273,27.049999237060547,27.350000381469727,34655,0.0,0.0
2016-12-16 00:00:00+05:30,27.799999237060547,28.200000762939453,26.600000381469727,26.799999237060547,27285,0.0,0.0
2016-12-19 00:00:00+05:30,27.25,27.25,26.049999237060547,26.549999237060547,17746,0.0,0.0
2016-12-20 00:00:00+05:30,27.100000381469727,27.100000381469727,25.700000762939453,26.0,43773,0.0,0.0
2016-12-21 00:00:00+05:30,26.899999618530273,26.950000762939453,25.75,25.950000762939453,14196,0.0,0.0
2016-12-22 00:00:00+05:30,25.399999618530273,26.799999237060547,25.399999618530273,25.950000762939453,20526,0.0,0.0
2016-12-23 00:00:00+05:30,26.0,29.200000762939453,25.600000381469727,26.899999618530273,211431,0.0,0.0
2016-12-26 00:00:00+05:30,26.950000762939453,27.0,26.25,26.5,20541,0.0,0.0
2016-12-27 00:00:00+05:30,26.25,26.850000381469727,26.25,26.649999618530273,18467,0.0,0.0
2016-12-28 00:00:00+05:30,26.899999618530273,27.700000762939453,26.149999618530273,26.450000762939453,77814,0.0,0.0
2016-12-29 00:00:00+05:30,26.450000762939453,27.5,26.0,27.049999237060547,75531,0.0,0.0
2016-12-30 00:00:00+05:30,27.350000381469727,29.0,27.149999618530273,28.350000381469727,201109,0.0,0.0
2017-01-02 00:00:00+05:30,28.0,34.0,28.0,34.0,481133,0.0,0.0
2017-01-03 00:00:00+05:30,34.849998474121094,34.849998474121094,32.70000076293945,33.04999923706055,411984,0.0,0.0
2017-01-04 00:00:00+05:30,33.70000076293945,34.5,32.29999923706055,32.599998474121094,136238,0.0,0.0
2017-01-05 00:00:00+05:30,33.0,33.79999923706055,32.0,32.54999923706055,73913,0.0,0.0
2017-01-06 00:00:00+05:30,33.0,35.45000076293945,33.0,33.54999923706055,127136,0.0,0.0
2017-01-09 00:00:00+05:30,33.70000076293945,35.5,33.599998474121094,35.150001525878906,124168,0.0,0.0
2017-01-10 00:00:00+05:30,35.5,40.900001525878906,35.5,40.20000076293945,1208535,0.0,0.0
2017-01-11 00:00:00+05:30,40.79999923706055,41.95000076293945,38.150001525878906,38.54999923706055,599195,0.0,0.0
2017-01-12 00:00:00+05:30,38.95000076293945,39.650001525878906,37.0,37.54999923706055,173111,0.0,0.0
2017-01-13 00:00:00+05:30,38.0,39.5,37.04999923706055,38.79999923706055,216448,0.0,0.0
2017-01-16 00:00:00+05:30,39.099998474121094,40.0,38.349998474121094,39.400001525878906,115163,0.0,0.0
2017-01-17 00:00:00+05:30,39.70000076293945,40.599998474121094,38.5,39.099998474121094,228099,0.0,0.0
2017-01-18 00:00:00+05:30,39.45000076293945,39.849998474121094,37.70000076293945,38.29999923706055,129867,0.0,0.0
2017-01-19 00:00:00+05:30,40.0,40.0,36.5,37.150001525878906,54666,0.0,0.0
2017-01-20 00:00:00+05:30,38.400001525878906,38.95000076293945,35.29999923706055,35.70000076293945,90572,0.0,0.0
2017-01-23 00:00:00+05:30,36.95000076293945,37.20000076293945,33.95000076293945,35.04999923706055,51004,0.0,0.0
2017-01-24 00:00:00+05:30,36.45000076293945,36.45000076293945,34.150001525878906,35.400001525878906,39802,0.0,0.0
2017-01-25 00:00:00+05:30,34.349998474121094,36.20000076293945,34.099998474121094,34.54999923706055,40598,0.0,0.0
2017-01-27 00:00:00+05:30,35.599998474121094,36.0,33.5,34.75,47694,0.0,0.0
2017-01-30 00:00:00+05:30,33.099998474121094,36.0,33.099998474121094,35.150001525878906,19324,0.0,0.0
2017-01-31 00:00:00+05:30,34.5,35.70000076293945,33.599998474121094,34.150001525878906,24410,0.0,0.0
2017-02-01 00:00:00+05:30,34.650001525878906,34.650001525878906,32.599998474121094,34.5,35764,0.0,0.0
2017-02-02 00:00:00+05:30,34.5,36.20000076293945,34.5,36.04999923706055,47922,0.0,0.0
2017-02-03 00:00:00+05:30,36.5,37.400001525878906,35.150001525878906,36.0,26776,0.0,0.0
2017-02-06 00:00:00+05:30,34.650001525878906,37.79999923706055,34.599998474121094,37.79999923706055,62810,0.0,0.0
2017-02-07 00:00:00+05:30,39.0,39.650001525878906,38.0,38.04999923706055,61949,0.0,0.0
2017-02-08 00:00:00+05:30,38.95000076293945,39.0,36.5,37.75,18173,0.0,0.0
2017-02-09 00:00:00+05:30,37.0,38.0,36.75,37.0,19509,0.0,0.0
2017-02-10 00:00:00+05:30,38.0,38.0,36.099998474121094,36.5,39640,0.0,0.0
2017-02-13 00:00:00+05:30,37.79999923706055,38.0,35.04999923706055,37.29999923706055,63315,0.0,0.0
2017-02-14 00:00:00+05:30,35.45000076293945,35.79999923706055,35.45000076293945,35.45000076293945,49557,0.0,0.0
2017-02-15 00:00:00+05:30,33.79999923706055,33.79999923706055,33.70000076293945,33.70000076293945,26428,0.0,0.0
2017-02-16 00:00:00+05:30,32.04999923706055,34.349998474121094,32.04999923706055,33.349998474121094,83484,0.0,0.0
2017-02-17 00:00:00+05:30,33.349998474121094,34.95000076293945,32.0,32.70000076293945,29179,0.0,0.0
2017-02-20 00:00:00+05:30,33.349998474121094,33.849998474121094,32.0,33.099998474121094,19786,0.0,0.0
2017-02-21 00:00:00+05:30,32.599998474121094,33.70000076293945,32.29999923706055,33.45000076293945,23165,0.0,0.0
2017-02-22 00:00:00+05:30,32.5,33.20000076293945,31.799999237060547,31.799999237060547,35572,0.0,0.0
2017-02-23 00:00:00+05:30,32.0,32.5,30.25,30.649999618530273,95642,0.0,0.0
2017-02-27 00:00:00+05:30,31.75,31.75,30.100000381469727,30.299999237060547,12095,0.0,0.0
2017-02-28 00:00:00+05:30,30.799999237060547,31.0,29.799999237060547,30.25,71269,0.0,0.0
2017-03-01 00:00:00+05:30,31.399999618530273,31.399999618530273,29.600000381469727,30.75,17343,0.0,0.0
2017-03-02 00:00:00+05:30,30.5,31.450000762939453,30.200000762939453,30.299999237060547,23611,0.0,0.0
2017-03-03 00:00:00+05:30,31.0,31.799999237060547,29.549999237060547,31.5,91772,0.0,0.0
2017-03-06 00:00:00+05:30,31.100000381469727,32.5,31.100000381469727,32.04999923706055,60681,0.0,0.0
2017-03-07 00:00:00+05:30,33.0,33.25,31.600000381469727,31.950000762939453,247739,0.0,0.0
2017-03-08 00:00:00+05:30,31.850000381469727,32.45000076293945,31.549999237060547,32.0,82991,0.0,0.0
2017-03-09 00:00:00+05:30,32.45000076293945,33.0,32.25,32.45000076293945,39543,0.0,0.0
2017-03-10 00:00:00+05:30,33.099998474121094,33.45000076293945,31.549999237060547,31.899999618530273,28182,0.0,0.0
2017-03-14 00:00:00+05:30,33.0,33.099998474121094,32.04999923706055,32.75,47511,0.0,0.0
2017-03-15 00:00:00+05:30,32.75,32.95000076293945,31.700000762939453,32.099998474121094,30338,0.0,0.0
2017-03-16 00:00:00+05:30,32.150001525878906,32.150001525878906,30.549999237060547,31.149999618530273,92334,0.0,0.0
2017-03-17 00:00:00+05:30,31.5,32.20000076293945,31.25,32.04999923706055,41210,0.0,0.0
2017-03-20 00:00:00+05:30,32.150001525878906,32.349998474121094,31.399999618530273,31.649999618530273,26142,0.0,0.0
2017-03-21 00:00:00+05:30,31.799999237060547,31.799999237060547,30.850000381469727,30.950000762939453,24347,0.0,0.0
2017-03-22 00:00:00+05:30,30.950000762939453,30.950000762939453,29.700000762939453,29.850000381469727,66448,0.0,0.0
2017-03-23 00:00:00+05:30,29.950000762939453,30.399999618530273,29.299999237060547,29.899999618530273,35431,0.0,0.0
2017-03-24 00:00:00+05:30,29.649999618530273,29.899999618530273,29.200000762939453,29.350000381469727,76764,0.0,0.0
2017-03-27 00:00:00+05:30,30.25,30.600000381469727,29.600000381469727,30.350000381469727,48617,0.0,0.0
2017-03-28 00:00:00+05:30,30.450000762939453,31.850000381469727,30.350000381469727,31.850000381469727,33707,0.0,0.0
2017-03-29 00:00:00+05:30,33.20000076293945,33.29999923706055,32.099998474121094,32.650001525878906,67437,0.0,0.0
2017-03-30 00:00:00+05:30,33.95000076293945,33.95000076293945,32.650001525878906,33.04999923706055,57349,0.0,0.0
2017-03-31 00:00:00+05:30,32.79999923706055,33.45000076293945,31.899999618530273,32.400001525878906,107486,0.0,0.0
2017-04-03 00:00:00+05:30,32.04999923706055,33.349998474121094,32.04999923706055,32.54999923706055,35268,0.0,0.0
2017-04-05 00:00:00+05:30,32.95000076293945,33.900001525878906,32.349998474121094,32.70000076293945,54886,0.0,0.0
2017-04-06 00:00:00+05:30,32.5,33.0,31.5,31.700000762939453,38474,0.0,0.0
2017-04-07 00:00:00+05:30,32.099998474121094,32.349998474121094,30.600000381469727,31.0,42946,0.0,0.0
2017-04-10 00:00:00+05:30,30.049999237060547,31.799999237060547,30.049999237060547,31.100000381469727,28180,0.0,0.0
2017-04-11 00:00:00+05:30,31.700000762939453,31.700000762939453,30.600000381469727,30.799999237060547,41331,0.0,0.0
2017-04-12 00:00:00+05:30,30.799999237060547,32.45000076293945,29.899999618530273,31.0,104378,0.0,0.0
2017-04-13 00:00:00+05:30,31.0,31.299999237060547,30.549999237060547,30.700000762939453,33006,0.0,0.0
2017-04-17 00:00:00+05:30,30.899999618530273,31.700000762939453,30.5,31.200000762939453,35752,0.0,0.0
2017-04-18 00:00:00+05:30,32.5,32.5,30.700000762939453,31.049999237060547,43704,0.0,0.0
2017-04-19 00:00:00+05:30,31.25,33.0,31.0,31.899999618530273,70201,0.0,0.0
2017-04-20 00:00:00+05:30,32.0,33.5,31.700000762939453,33.349998474121094,58134,0.0,0.0
2017-04-21 00:00:00+05:30,35.5,36.650001525878906,35.25,36.650001525878906,481844,0.0,0.0
2017-04-24 00:00:00+05:30,38.400001525878906,38.400001525878906,35.099998474121094,36.04999923706055,180296,0.0,0.0
2017-04-25 00:00:00+05:30,35.29999923706055,36.25,35.20000076293945,35.29999923706055,61977,0.0,0.0
2017-04-26 00:00:00+05:30,35.25,35.45000076293945,34.04999923706055,34.400001525878906,50133,0.0,0.0
2017-04-27 00:00:00+05:30,34.95000076293945,34.95000076293945,33.5,33.599998474121094,32852,0.0,0.0
2017-04-28 00:00:00+05:30,33.29999923706055,35.0,33.099998474121094,34.150001525878906,44245,0.0,0.0
2017-05-02 00:00:00+05:30,34.79999923706055,34.79999923706055,32.099998474121094,32.5,40127,0.0,0.0
2017-05-03 00:00:00+05:30,32.75,33.45000076293945,32.5,32.75,37576,0.0,0.0
2017-05-04 00:00:00+05:30,33.20000076293945,33.400001525878906,32.25,32.54999923706055,27696,0.0,0.0
2017-05-05 00:00:00+05:30,32.45000076293945,32.849998474121094,31.75,31.850000381469727,20657,0.0,0.0
2017-05-08 00:00:00+05:30,31.600000381469727,32.650001525878906,31.100000381469727,32.349998474121094,21269,0.0,0.0
2017-05-09 00:00:00+05:30,32.75,33.900001525878906,32.20000076293945,33.54999923706055,41046,0.0,0.0
2017-05-10 00:00:00+05:30,33.20000076293945,34.70000076293945,33.0,34.20000076293945,44938,0.0,0.0
2017-05-11 00:00:00+05:30,35.400001525878906,35.400001525878906,32.599998474121094,33.150001525878906,42585,0.0,0.0
2017-05-12 00:00:00+05:30,33.5,34.5,33.0,34.099998474121094,66381,0.0,0.0
2017-05-15 00:00:00+05:30,34.400001525878906,34.5,33.20000076293945,33.349998474121094,25857,0.0,0.0
2017-05-16 00:00:00+05:30,34.0,34.25,33.20000076293945,34.0,31207,0.0,0.0
2017-05-17 00:00:00+05:30,33.25,33.79999923706055,32.400001525878906,33.54999923706055,31449,0.0,0.0
2017-05-18 00:00:00+05:30,33.099998474121094,33.5,31.600000381469727,31.799999237060547,84506,0.0,0.0
2017-05-19 00:00:00+05:30,32.400001525878906,32.650001525878906,30.5,30.950000762939453,37477,0.0,0.0
2017-05-22 00:00:00+05:30,32.04999923706055,32.349998474121094,30.5,31.450000762939453,16996,0.0,0.0
2017-05-23 00:00:00+05:30,31.200000762939453,31.25,29.700000762939453,30.100000381469727,37737,0.0,0.0
2017-05-24 00:00:00+05:30,29.5,30.899999618530273,28.100000381469727,29.149999618530273,182397,0.0,0.0
2017-05-25 00:00:00+05:30,29.5,32.04999923706055,28.149999618530273,32.04999923706055,66833,0.0,0.0
2017-05-26 00:00:00+05:30,33.5,34.849998474121094,31.299999237060547,31.549999237060547,84977,0.0,0.0
2017-05-29 00:00:00+05:30,31.5,32.0,31.0,31.399999618530273,43254,0.0,0.0
2017-05-30 00:00:00+05:30,30.799999237060547,30.799999237060547,29.350000381469727,29.649999618530273,85569,0.0,0.0
2017-05-31 00:00:00+05:30,30.0,32.599998474121094,30.0,32.5,128067,0.0,0.0
2017-06-01 00:00:00+05:30,32.54999923706055,33.45000076293945,30.75,31.049999237060547,38869,0.0,0.0
2017-06-02 00:00:00+05:30,30.75,31.950000762939453,30.75,30.899999618530273,28521,0.0,0.0
2017-06-05 00:00:00+05:30,30.799999237060547,31.5,30.0,30.200000762939453,31790,0.0,0.0
2017-06-06 00:00:00+05:30,30.049999237060547,30.700000762939453,29.5,30.149999618530273,39106,0.0,0.0
2017-06-07 00:00:00+05:30,29.649999618530273,30.5,29.600000381469727,29.950000762939453,21322,0.0,0.0
2017-06-08 00:00:00+05:30,30.5,30.899999618530273,30.0,30.25,20289,0.0,0.0
2017-06-09 00:00:00+05:30,30.5,30.700000762939453,29.649999618530273,29.850000381469727,21093,0.0,0.0
2017-06-12 00:00:00+05:30,29.5,29.850000381469727,29.200000762939453,29.450000762939453,39561,0.0,0.0
2017-06-13 00:00:00+05:30,30.100000381469727,31.399999618530273,30.0,30.549999237060547,66386,0.0,0.0
2017-06-14 00:00:00+05:30,30.25,30.25,29.200000762939453,29.600000381469727,36621,0.0,0.0
2017-06-15 00:00:00+05:30,29.5,31.25,29.5,30.700000762939453,59690,0.0,0.0
2017-06-16 00:00:00+05:30,30.149999618530273,31.799999237060547,30.100000381469727,31.350000381469727,48505,0.0,0.0
2017-06-19 00:00:00+05:30,30.850000381469727,32.0,30.149999618530273,31.5,42030,0.0,0.0
2017-06-20 00:00:00+05:30,30.75,31.600000381469727,30.75,31.450000762939453,55079,0.0,0.0
2017-06-21 00:00:00+05:30,31.049999237060547,32.79999923706055,30.950000762939453,32.25,75781,0.0,0.0
2017-06-22 00:00:00+05:30,31.75,33.099998474121094,31.75,32.29999923706055,47901,0.0,0.0
2017-06-23 00:00:00+05:30,32.29999923706055,33.0,31.100000381469727,31.350000381469727,17820,0.0,0.0
2017-06-27 00:00:00+05:30,32.650001525878906,32.70000076293945,29.75,30.149999618530273,21073,0.0,0.0
2017-06-28 00:00:00+05:30,29.5,30.299999237060547,29.149999618530273,29.549999237060547,41137,0.0,0.0
2017-06-29 00:00:00+05:30,29.950000762939453,30.5,29.5,29.549999237060547,29969,0.0,0.0
2017-06-30 00:00:00+05:30,29.549999237060547,30.700000762939453,29.0,29.5,30778,0.0,0.0
2017-07-03 00:00:00+05:30,30.200000762939453,31.450000762939453,29.899999618530273,30.049999237060547,18194,0.0,0.0
2017-07-04 00:00:00+05:30,30.549999237060547,30.899999618530273,29.299999237060547,29.450000762939453,69200,0.0,0.0
2017-07-05 00:00:00+05:30,29.700000762939453,29.899999618530273,29.200000762939453,29.549999237060547,18044,0.0,0.0
2017-07-06 00:00:00+05:30,29.600000381469727,30.100000381469727,29.299999237060547,29.600000381469727,15632,0.0,0.0
2017-07-07 00:00:00+05:30,29.5,33.5,29.0,31.399999618530273,256930,0.0,0.0
2017-07-10 00:00:00+05:30,32.25,33.45000076293945,31.649999618530273,31.649999618530273,14262,0.0,0.0
2017-07-11 00:00:00+05:30,32.650001525878906,33.900001525878906,31.0,31.149999618530273,100860,0.0,0.0
2017-07-12 00:00:00+05:30,31.5,32.0,27.950000762939453,30.799999237060547,41436,0.0,0.0
2017-07-13 00:00:00+05:30,30.600000381469727,31.5,29.850000381469727,30.299999237060547,44171,0.0,0.0
2017-07-14 00:00:00+05:30,31.100000381469727,32.79999923706055,31.100000381469727,31.399999618530273,146679,0.0,0.0
2017-07-17 00:00:00+05:30,30.0,31.25,30.0,30.549999237060547,20511,0.0,0.0
2017-07-18 00:00:00+05:30,30.100000381469727,31.0,29.950000762939453,30.450000762939453,23396,0.0,0.0
2017-07-19 00:00:00+05:30,30.75,31.299999237060547,30.049999237060547,30.950000762939453,86087,0.0,0.0
2017-07-20 00:00:00+05:30,31.850000381469727,33.54999923706055,31.549999237060547,32.95000076293945,278228,0.0,0.0
2017-07-21 00:00:00+05:30,33.599998474121094,35.900001525878906,32.400001525878906,34.599998474121094,208702,0.0,0.0
2017-07-24 00:00:00+05:30,34.79999923706055,34.79999923706055,33.099998474121094,33.25,84907,0.0,0.0
2017-07-25 00:00:00+05:30,33.45000076293945,35.70000076293945,33.0,34.70000076293945,168725,0.0,0.0
2017-07-26 00:00:00+05:30,34.5,34.70000076293945,33.5,33.70000076293945,30647,0.0,0.0
2017-07-27 00:00:00+05:30,34.099998474121094,34.5,32.04999923706055,32.25,32056,0.0,0.0
2017-07-28 00:00:00+05:30,32.0,32.25,31.600000381469727,31.799999237060547,30487,0.0,0.0
2017-07-31 00:00:00+05:30,32.04999923706055,33.25,31.799999237060547,32.099998474121094,52096,0.0,0.0
2017-08-01 00:00:00+05:30,32.400001525878906,34.0,32.400001525878906,33.79999923706055,102445,0.0,0.0
2017-08-02 00:00:00+05:30,33.849998474121094,35.45000076293945,32.70000076293945,32.900001525878906,139252,0.0,0.0
2017-08-03 00:00:00+05:30,33.0,33.20000076293945,31.049999237060547,31.5,97775,0.0,0.0
2017-08-04 00:00:00+05:30,31.950000762939453,32.349998474121094,31.100000381469727,31.600000381469727,53624,0.0,0.0
2017-08-07 00:00:00+05:30,31.0,36.900001525878906,31.0,35.75,484267,0.0,0.0
2017-08-08 00:00:00+05:30,35.04999923706055,35.95000076293945,31.700000762939453,32.79999923706055,148358,0.0,0.0
2017-08-09 00:00:00+05:30,31.299999237060547,33.5,31.299999237060547,32.650001525878906,60094,0.0,0.0
2017-08-10 00:00:00+05:30,32.70000076293945,32.900001525878906,29.549999237060547,30.600000381469727,103802,0.0,0.0
2017-08-11 00:00:00+05:30,30.5,31.5,29.5,30.450000762939453,54501,0.0,0.0
2017-08-14 00:00:00+05:30,31.950000762939453,31.950000762939453,30.399999618530273,30.700000762939453,30802,0.0,0.0
2017-08-16 00:00:00+05:30,31.0,31.600000381469727,30.100000381469727,30.299999237060547,35967,0.0,0.0
2017-08-17 00:00:00+05:30,30.549999237060547,31.899999618530273,30.5,30.600000381469727,62037,0.0,0.0
2017-08-18 00:00:00+05:30,30.600000381469727,31.0,30.0,30.299999237060547,36018,0.0,0.0
2017-08-21 00:00:00+05:30,30.100000381469727,31.899999618530273,30.100000381469727,30.350000381469727,47360,0.0,0.0
2017-08-22 00:00:00+05:30,30.600000381469727,31.100000381469727,29.600000381469727,29.75,47696,0.0,0.0
2017-08-23 00:00:00+05:30,30.399999618530273,31.0,30.0,30.299999237060547,25616,0.0,0.0
2017-08-24 00:00:00+05:30,31.049999237060547,31.450000762939453,29.799999237060547,30.399999618530273,53350,0.0,0.0
2017-08-28 00:00:00+05:30,30.600000381469727,31.299999237060547,30.200000762939453,30.399999618530273,44394,0.0,0.0
2017-08-29 00:00:00+05:30,29.549999237060547,31.049999237060547,29.549999237060547,30.399999618530273,44616,0.0,0.0
2017-08-30 00:00:00+05:30,30.75,31.799999237060547,30.5,31.149999618530273,54602,0.0,0.0
2017-08-31 00:00:00+05:30,31.149999618530273,33.29999923706055,31.0,32.29999923706055,133267,0.0,0.0
2017-09-01 00:00:00+05:30,33.20000076293945,33.29999923706055,32.150001525878906,32.45000076293945,29672,0.0,0.0
2017-09-04 00:00:00+05:30,33.0,33.0,31.25,31.700000762939453,32556,0.0,0.0
2017-09-05 00:00:00+05:30,32.0,32.349998474121094,31.0,31.75,37837,0.0,0.0
2017-09-06 00:00:00+05:30,32.400001525878906,32.5,31.299999237060547,32.0,39496,0.0,0.0
2017-09-07 00:00:00+05:30,32.5,32.5,31.5,32.0,41636,0.0,0.0
2017-09-08 00:00:00+05:30,32.04999923706055,32.25,31.450000762939453,31.649999618530273,20622,0.0,0.0
2017-09-11 00:00:00+05:30,31.75,32.79999923706055,31.700000762939453,32.25,38441,0.0,0.0
2017-09-12 00:00:00+05:30,32.900001525878906,36.349998474121094,32.599998474121094,34.849998474121094,249675,0.0,0.0
2017-09-13 00:00:00+05:30,31.850000381469727,32.70000076293945,30.399999618530273,31.600000381469727,198601,0.0,0.0
2017-09-14 00:00:00+05:30,31.649999618530273,32.599998474121094,31.399999618530273,31.950000762939453,72711,0.0,0.0
2017-09-15 00:00:00+05:30,31.950000762939453,31.950000762939453,30.799999237060547,31.149999618530273,79310,0.0,0.0
2017-09-18 00:00:00+05:30,32.349998474121094,32.349998474121094,31.25,31.75,34833,0.0,0.0
2017-09-19 00:00:00+05:30,31.899999618530273,32.20000076293945,31.549999237060547,31.600000381469727,27876,0.0,0.0
2017-09-20 00:00:00+05:30,31.899999618530273,33.45000076293945,31.149999618530273,31.649999618530273,125378,0.0,0.0
2017-09-21 00:00:00+05:30,31.299999237060547,32.0,31.0,31.350000381469727,44997,0.0,0.0
2017-09-22 00:00:00+05:30,31.600000381469727,31.700000762939453,29.799999237060547,30.0,69027,0.0,0.0
2017-09-25 00:00:00+05:30,30.0,30.0,28.049999237060547,29.5,80729,0.0,0.0
2017-09-26 00:00:00+05:30,29.799999237060547,29.899999618530273,28.799999237060547,29.0,66967,0.0,0.0
2017-09-27 00:00:00+05:30,29.549999237060547,30.450000762939453,28.25,28.350000381469727,53797,0.0,0.0
2017-09-28 00:00:00+05:30,28.350000381469727,28.799999237060547,28.299999237060547,28.549999237060547,24380,0.0,0.0
2017-09-29 00:00:00+05:30,28.649999618530273,29.350000381469727,28.25,28.5,21787,0.0,0.0
2017-10-03 00:00:00+05:30,29.0,29.200000762939453,28.399999618530273,28.5,20399,0.0,0.0
2017-10-04 00:00:00+05:30,28.799999237060547,28.799999237060547,27.549999237060547,27.899999618530273,43426,0.0,0.0
2017-10-05 00:00:00+05:30,28.200000762939453,28.350000381469727,27.549999237060547,27.75,35060,0.0,0.0
2017-10-06 00:00:00+05:30,28.299999237060547,29.799999237060547,28.25,29.299999237060547,75979,0.0,0.0
2017-10-09 00:00:00+05:30,29.25,31.450000762939453,28.850000381469727,30.700000762939453,125971,0.0,0.0
2017-10-10 00:00:00+05:30,31.75,34.349998474121094,30.899999618530273,33.25,365848,0.0,0.0
2017-10-11 00:00:00+05:30,33.900001525878906,34.29999923706055,30.600000381469727,30.799999237060547,120089,0.0,0.0
2017-10-12 00:00:00+05:30,31.850000381469727,32.0,30.600000381469727,31.0,44236,0.0,0.0
2017-10-13 00:00:00+05:30,30.850000381469727,31.5,29.850000381469727,30.100000381469727,64402,0.0,0.0
2017-10-16 00:00:00+05:30,29.899999618530273,30.350000381469727,29.5,29.75,24969,0.0,0.0
2017-10-17 00:00:00+05:30,29.5,29.649999618530273,28.899999618530273,29.200000762939453,47139,0.0,0.0
2017-10-18 00:00:00+05:30,29.200000762939453,29.899999618530273,29.149999618530273,29.600000381469727,17038,0.0,0.0
2017-10-19 00:00:00+05:30,29.5,29.75,29.049999237060547,29.5,4668,0.0,0.0
2017-10-23 00:00:00+05:30,30.100000381469727,30.799999237060547,29.5,29.75,109519,0.0,0.0
2017-10-24 00:00:00+05:30,30.100000381469727,30.200000762939453,29.200000762939453,29.299999237060547,41688,0.0,0.0
2017-10-25 00:00:00+05:30,29.100000381469727,29.799999237060547,28.549999237060547,29.100000381469727,61559,0.0,0.0
2017-10-26 00:00:00+05:30,29.399999618530273,29.5,28.799999237060547,28.899999618530273,45782,0.0,0.0
2017-10-27 00:00:00+05:30,28.75,29.75,28.549999237060547,28.950000762939453,42414,0.0,0.0
2017-10-30 00:00:00+05:30,29.25,29.799999237060547,28.25,29.299999237060547,85359,0.0,0.0
2017-10-31 00:00:00+05:30,29.299999237060547,29.799999237060547,29.0,29.5,51752,0.0,0.0
2017-11-01 00:00:00+05:30,30.600000381469727,31.799999237060547,29.799999237060547,30.149999618530273,161580,0.0,0.0
2017-11-02 00:00:00+05:30,30.149999618530273,30.399999618530273,29.350000381469727,29.700000762939453,22380,0.0,0.0
2017-11-03 00:00:00+05:30,29.549999237060547,30.149999618530273,29.299999237060547,29.549999237060547,33613,0.0,0.0
2017-11-06 00:00:00+05:30,29.399999618530273,30.200000762939453,29.399999618530273,29.700000762939453,53253,0.0,0.0
2017-11-07 00:00:00+05:30,29.399999618530273,29.600000381469727,28.350000381469727,28.549999237060547,71292,0.0,0.0
2017-11-08 00:00:00+05:30,28.700000762939453,29.75,28.100000381469727,28.450000762939453,65252,0.0,0.0
2017-11-09 00:00:00+05:30,29.399999618530273,29.399999618530273,28.0,28.25,74289,0.0,0.0
2017-11-10 00:00:00+05:30,28.0,29.0,27.25,27.799999237060547,88331,0.0,0.0
2017-11-13 00:00:00+05:30,27.75,28.25,27.5,27.600000381469727,45038,0.0,0.0
2017-11-14 00:00:00+05:30,27.399999618530273,28.049999237060547,26.600000381469727,26.700000762939453,73285,0.0,0.0
2017-11-15 00:00:00+05:30,26.5,27.0,25.549999237060547,25.799999237060547,45009,0.0,0.0
2017-11-16 00:00:00+05:30,26.25,26.450000762939453,25.799999237060547,26.100000381469727,23568,0.0,0.0
2017-11-17 00:00:00+05:30,26.450000762939453,26.600000381469727,25.600000381469727,26.0,57596,0.0,0.0
2017-11-20 00:00:00+05:30,26.049999237060547,27.0,25.799999237060547,26.149999618530273,38579,0.0,0.0
2017-11-21 00:00:00+05:30,26.25,26.5,26.0,26.049999237060547,37100,0.0,0.0
2017-11-22 00:00:00+05:30,26.200000762939453,26.399999618530273,25.700000762939453,25.899999618530273,18335,0.0,0.0
2017-11-23 00:00:00+05:30,26.200000762939453,29.450000762939453,26.0,28.25,91970,0.0,0.0
2017-11-24 00:00:00+05:30,28.0,28.0,26.350000381469727,26.649999618530273,32934,0.0,0.0
2017-11-27 00:00:00+05:30,26.5,27.899999618530273,26.399999618530273,26.649999618530273,20013,0.0,0.0
2017-11-28 00:00:00+05:30,26.700000762939453,27.149999618530273,26.200000762939453,26.450000762939453,48403,0.0,0.0
2017-11-29 00:00:00+05:30,26.450000762939453,27.600000381469727,26.100000381469727,26.399999618530273,74917,0.0,0.0
2017-11-30 00:00:00+05:30,26.850000381469727,26.850000381469727,26.25,26.549999237060547,27484,0.0,0.0
2017-12-01 00:00:00+05:30,26.600000381469727,27.0,25.899999618530273,26.0,105833,0.0,0.0
2017-12-04 00:00:00+05:30,26.0,26.25,25.600000381469727,25.700000762939453,64073,0.0,0.0
2017-12-05 00:00:00+05:30,25.5,26.299999237060547,25.350000381469727,26.049999237060547,48631,0.0,0.0
2017-12-06 00:00:00+05:30,26.649999618530273,26.799999237060547,26.049999237060547,26.299999237060547,39355,0.0,0.0
2017-12-07 00:00:00+05:30,26.200000762939453,26.5,25.75,26.049999237060547,16029,0.0,0.0
2017-12-08 00:00:00+05:30,25.600000381469727,26.549999237060547,25.600000381469727,26.200000762939453,28404,0.0,0.0
2017-12-11 00:00:00+05:30,26.450000762939453,26.600000381469727,26.200000762939453,26.450000762939453,18940,0.0,0.0
2017-12-12 00:00:00+05:30,26.049999237060547,26.5,25.450000762939453,25.5,49410,0.0,0.0
2017-12-13 00:00:00+05:30,25.100000381469727,25.549999237060547,24.399999618530273,24.600000381469727,85563,0.0,0.0
2017-12-14 00:00:00+05:30,25.25,25.25,24.200000762939453,24.450000762939453,41197,0.0,0.0
2017-12-15 00:00:00+05:30,25.0,25.0,23.799999237060547,24.0,37473,0.0,0.0
2017-12-18 00:00:00+05:30,24.700000762939453,24.700000762939453,23.200000762939453,23.549999237060547,46481,0.0,0.0
2017-12-19 00:00:00+05:30,24.350000381469727,25.950000762939453,23.549999237060547,24.799999237060547,143542,0.0,0.0
2017-12-20 00:00:00+05:30,25.799999237060547,26.649999618530273,25.5,26.25,196901,0.0,0.0
2017-12-21 00:00:00+05:30,26.450000762939453,26.450000762939453,24.600000381469727,24.899999618530273,78873,0.0,0.0
2017-12-22 00:00:00+05:30,25.0,25.399999618530273,24.799999237060547,25.100000381469727,25703,0.0,0.0
2017-12-26 00:00:00+05:30,25.399999618530273,25.549999237060547,24.399999618530273,25.100000381469727,46630,0.0,0.0
2017-12-27 00:00:00+05:30,25.299999237060547,27.100000381469727,24.850000381469727,26.350000381469727,153937,0.0,0.0
2017-12-28 00:00:00+05:30,26.0,26.5,25.100000381469727,25.649999618530273,63405,0.0,0.0
2017-12-29 00:00:00+05:30,25.200000762939453,26.149999618530273,25.200000762939453,25.75,142095,0.0,0.0
2018-01-01 00:00:00+05:30,25.950000762939453,26.899999618530273,25.600000381469727,25.700000762939453,68791,0.0,0.0
2018-01-02 00:00:00+05:30,26.100000381469727,26.850000381469727,25.700000762939453,26.049999237060547,71648,0.0,0.0
2018-01-03 00:00:00+05:30,26.600000381469727,26.649999618530273,26.049999237060547,26.350000381469727,22627,0.0,0.0
2018-01-04 00:00:00+05:30,27.0,27.0,26.299999237060547,26.649999618530273,37712,0.0,0.0
2018-01-05 00:00:00+05:30,26.0,27.399999618530273,26.0,26.549999237060547,51553,0.0,0.0
2018-01-08 00:00:00+05:30,26.600000381469727,26.799999237060547,26.100000381469727,26.600000381469727,29205,0.0,0.0
2018-01-09 00:00:00+05:30,26.649999618530273,26.799999237060547,26.100000381469727,26.299999237060547,21147,0.0,0.0
2018-01-10 00:00:00+05:30,26.5,27.0,25.0,25.5,52686,0.0,0.0
2018-01-11 00:00:00+05:30,25.149999618530273,26.450000762939453,25.149999618530273,25.700000762939453,31615,0.0,0.0
2018-01-12 00:00:00+05:30,25.799999237060547,26.0,25.0,25.350000381469727,70794,0.0,0.0
2018-01-15 00:00:00+05:30,25.350000381469727,25.850000381469727,25.149999618530273,25.299999237060547,26600,0.0,0.0
2018-01-16 00:00:00+05:30,25.799999237060547,25.799999237060547,24.5,24.549999237060547,32770,0.0,0.0
2018-01-17 00:00:00+05:30,24.200000762939453,24.75,24.0,24.200000762939453,35942,0.0,0.0
2018-01-18 00:00:00+05:30,24.75,24.799999237060547,22.600000381469727,23.0,99134,0.0,0.0
2018-01-19 00:00:00+05:30,23.799999237060547,23.799999237060547,23.100000381469727,23.5,29923,0.0,0.0
2018-01-22 00:00:00+05:30,23.899999618530273,23.899999618530273,22.700000762939453,22.899999618530273,35824,0.0,0.0
2018-01-23 00:00:00+05:30,23.5,23.5,22.549999237060547,22.649999618530273,47271,0.0,0.0
2018-01-24 00:00:00+05:30,22.600000381469727,23.200000762939453,22.25,22.350000381469727,37546,0.0,0.0
2018-01-25 00:00:00+05:30,22.850000381469727,23.0,22.549999237060547,22.899999618530273,20307,0.0,0.0
2018-01-29 00:00:00+05:30,23.049999237060547,23.049999237060547,22.299999237060547,22.549999237060547,34005,0.0,0.0
2018-01-30 00:00:00+05:30,22.700000762939453,22.799999237060547,22.0,22.149999618530273,22341,0.0,0.0
2018-01-31 00:00:00+05:30,22.450000762939453,23.25,22.149999618530273,22.600000381469727,36746,0.0,0.0
2018-02-01 00:00:00+05:30,22.25,22.5,21.5,21.700000762939453,39294,0.0,0.0
2018-02-02 00:00:00+05:30,21.049999237060547,21.5,20.100000381469727,20.350000381469727,39914,0.0,0.0
2018-02-05 00:00:00+05:30,20.649999618530273,21.75,18.299999237060547,21.549999237060547,53348,0.0,0.0
2018-02-06 00:00:00+05:30,20.299999237060547,20.799999237060547,19.700000762939453,19.950000762939453,59183,0.0,0.0
2018-02-07 00:00:00+05:30,20.450000762939453,21.899999618530273,19.799999237060547,20.200000762939453,18622,0.0,0.0
2018-02-08 00:00:00+05:30,20.600000381469727,20.799999237060547,20.25,20.649999618530273,27489,0.0,0.0
2018-02-09 00:00:00+05:30,19.5,20.899999618530273,19.200000762939453,20.5,115222,0.0,0.0
2018-02-12 00:00:00+05:30,20.950000762939453,21.0,20.25,20.549999237060547,31092,0.0,0.0
2018-02-14 00:00:00+05:30,20.549999237060547,20.899999618530273,20.100000381469727,20.200000762939453,20413,0.0,0.0
2018-02-15 00:00:00+05:30,20.200000762939453,20.450000762939453,18.399999618530273,19.149999618530273,45387,0.0,0.0
2018-02-16 00:00:00+05:30,19.549999237060547,19.649999618530273,18.799999237060547,19.350000381469727,14120,0.0,0.0
2018-02-19 00:00:00+05:30,19.75,19.75,17.75,18.450000762939453,15879,0.0,0.0
2018-02-20 00:00:00+05:30,18.5,19.0,17.799999237060547,18.049999237060547,34571,0.0,0.0
2018-02-21 00:00:00+05:30,18.450000762939453,18.450000762939453,16.899999618530273,17.100000381469727,32975,0.0,0.0
2018-02-22 00:00:00+05:30,17.0,17.25,16.200000762939453,16.399999618530273,45358,0.0,0.0
2018-02-23 00:00:00+05:30,16.75,17.100000381469727,16.350000381469727,16.799999237060547,30322,0.0,0.0
2018-02-26 00:00:00+05:30,13.600000381469727,15.699999809265137,13.449999809265137,14.25,1696690,0.0,0.0
2018-02-27 00:00:00+05:30,14.75,16.200000762939453,14.75,15.600000381469727,774465,0.0,0.0
2018-02-28 00:00:00+05:30,15.449999809265137,15.5,14.25,14.649999618530273,194883,0.0,0.0
2018-03-01 00:00:00+05:30,14.649999618530273,15.800000190734863,14.649999618530273,14.75,86419,0.0,0.0
2018-03-05 00:00:00+05:30,14.75,15.0,14.25,14.5,64868,0.0,0.0
2018-03-06 00:00:00+05:30,14.5,14.800000190734863,13.550000190734863,13.800000190734863,67262,0.0,0.0
2018-03-07 00:00:00+05:30,13.800000190734863,14.300000190734863,12.399999618530273,13.399999618530273,137151,0.0,0.0
2018-03-08 00:00:00+05:30,13.050000190734863,13.399999618530273,12.649999618530273,13.050000190734863,147994,0.0,0.0
2018-03-09 00:00:00+05:30,13.550000190734863,13.550000190734863,12.75,13.0,22757,0.0,0.0
2018-03-12 00:00:00+05:30,12.899999618530273,13.0,12.350000381469727,12.800000190734863,44246,0.0,0.0
2018-03-13 00:00:00+05:30,12.699999809265137,13.0,12.25,12.699999809265137,31106,0.0,0.0
2018-03-14 00:00:00+05:30,12.949999809265137,13.100000381469727,12.5,12.699999809265137,187764,0.0,0.0
2018-03-15 00:00:00+05:30,12.75,13.899999618530273,12.5,13.25,34635,0.0,0.0
2018-03-16 00:00:00+05:30,13.25,15.600000381469727,13.25,14.399999618530273,219141,0.0,0.0
2018-03-19 00:00:00+05:30,14.899999618530273,15.399999618530273,14.0,14.899999618530273,62316,0.0,0.0
2018-03-20 00:00:00+05:30,14.649999618530273,15.5,14.300000190734863,15.100000381469727,61008,0.0,0.0
2018-03-21 00:00:00+05:30,15.0,15.449999809265137,14.5,15.149999618530273,52526,0.0,0.0
2018-03-22 00:00:00+05:30,15.0,15.5,14.649999618530273,15.300000190734863,45087,0.0,0.0
2018-03-23 00:00:00+05:30,14.899999618530273,15.199999809265137,14.0,14.25,54093,0.0,0.0
2018-03-26 00:00:00+05:30,14.949999809265137,15.0,13.699999809265137,14.800000190734863,58867,0.0,0.0
2018-03-27 00:00:00+05:30,14.800000190734863,15.100000381469727,14.449999809265137,14.899999618530273,47814,0.0,0.0
2018-03-28 00:00:00+05:30,14.800000190734863,15.100000381469727,14.5,14.75,47474,0.0,0.0
2018-04-02 00:00:00+05:30,14.75,16.950000762939453,14.5,15.25,161280,0.0,0.0
2018-04-03 00:00:00+05:30,15.199999809265137,15.399999618530273,14.5,14.850000381469727,38563,0.0,0.0
2018-04-04 00:00:00+05:30,14.850000381469727,15.899999618530273,14.449999809265137,14.600000381469727,46519,0.0,0.0
2018-04-05 00:00:00+05:30,14.800000190734863,15.199999809265137,14.800000190734863,15.050000190734863,16419,0.0,0.0
2018-04-06 00:00:00+05:30,15.399999618530273,15.399999618530273,14.800000190734863,14.850000381469727,16611,0.0,0.0
2018-04-09 00:00:00+05:30,14.850000381469727,15.25,14.149999618530273,15.0,14589,0.0,0.0
2018-04-10 00:00:00+05:30,15.25,15.75,14.699999809265137,15.25,51553,0.0,0.0
2018-04-11 00:00:00+05:30,15.25,15.25,14.800000190734863,15.0,8138,0.0,0.0
2018-04-12 00:00:00+05:30,15.25,15.25,14.600000381469727,14.75,17475,0.0,0.0
2018-04-13 00:00:00+05:30,14.699999809265137,14.899999618530273,14.199999809265137,14.350000381469727,12361,0.0,0.0
2018-04-16 00:00:00+05:30,14.649999618530273,14.649999618530273,14.0,14.149999618530273,18012,0.0,0.0
2018-04-17 00:00:00+05:30,14.300000190734863,14.800000190734863,14.0,14.199999809265137,8946,0.0,0.0
2018-04-18 00:00:00+05:30,14.75,14.75,13.850000381469727,14.0,15671,0.0,0.0
2018-04-19 00:00:00+05:30,14.5,14.5,13.399999618530273,13.800000190734863,6303,0.0,0.0
2018-04-20 00:00:00+05:30,14.0,14.0,13.100000381469727,13.300000190734863,55245,0.0,0.0
2018-04-23 00:00:00+05:30,13.399999618530273,13.5,12.850000381469727,13.199999809265137,35192,0.0,0.0
2018-04-24 00:00:00+05:30,13.699999809265137,13.699999809265137,13.0,13.399999618530273,22733,0.0,0.0
2018-04-25 00:00:00+05:30,13.350000381469727,13.699999809265137,13.100000381469727,13.300000190734863,15885,0.0,0.0
2018-04-26 00:00:00+05:30,13.100000381469727,13.550000190734863,12.699999809265137,12.800000190734863,13969,0.0,0.0
2018-04-27 00:00:00+05:30,13.25,15.350000381469727,12.550000190734863,13.800000190734863,103130,0.0,0.0
2018-04-30 00:00:00+05:30,14.449999809265137,14.5,13.300000190734863,13.600000381469727,20520,0.0,0.0
2018-05-02 00:00:00+05:30,13.899999618530273,13.899999618530273,12.600000381469727,13.449999809265137,26038,0.0,0.0
2018-05-03 00:00:00+05:30,13.850000381469727,13.850000381469727,12.5,12.649999618530273,27527,0.0,0.0
2018-05-04 00:00:00+05:30,13.199999809265137,13.199999809265137,12.600000381469727,12.800000190734863,16366,0.0,0.0
2018-05-07 00:00:00+05:30,12.899999618530273,13.0,12.350000381469727,12.649999618530273,17038,0.0,0.0
2018-05-08 00:00:00+05:30,13.100000381469727,14.600000381469727,12.5,13.199999809265137,14343,0.0,0.0
2018-05-09 00:00:00+05:30,13.0,13.399999618530273,12.649999618530273,13.149999618530273,23238,0.0,0.0
2018-05-10 00:00:00+05:30,13.350000381469727,13.350000381469727,12.600000381469727,12.600000381469727,15713,0.0,0.0
2018-05-11 00:00:00+05:30,12.300000190734863,13.0,12.0,12.699999809265137,29207,0.0,0.0
2018-05-14 00:00:00+05:30,12.800000190734863,13.0,12.25,12.399999618530273,11850,0.0,0.0
2018-05-15 00:00:00+05:30,12.649999618530273,13.0,12.25,12.300000190734863,18559,0.0,0.0
2018-05-16 00:00:00+05:30,12.100000381469727,12.449999809265137,10.649999618530273,11.350000381469727,41685,0.0,0.0
2018-05-17 00:00:00+05:30,11.949999809265137,12.0,11.350000381469727,11.600000381469727,17386,0.0,0.0
2018-05-18 00:00:00+05:30,11.899999618530273,12.600000381469727,11.5,12.199999809265137,31191,0.0,0.0
2018-05-21 00:00:00+05:30,11.600000381469727,14.300000190734863,11.600000381469727,12.449999809265137,97523,0.0,0.0
2018-05-22 00:00:00+05:30,12.949999809265137,13.649999618530273,12.199999809265137,13.25,86166,0.0,0.0
2018-05-23 00:00:00+05:30,13.300000190734863,13.350000381469727,12.550000190734863,12.699999809265137,16875,0.0,0.0
2018-05-24 00:00:00+05:30,13.199999809265137,13.199999809265137,12.5,12.550000190734863,6580,0.0,0.0
2018-05-25 00:00:00+05:30,12.5,13.600000381469727,12.0,13.0,48939,0.0,0.0
2018-05-28 00:00:00+05:30,13.5,13.5,12.350000381469727,12.649999618530273,30805,0.0,0.0
2018-05-29 00:00:00+05:30,12.949999809265137,13.399999618530273,12.600000381469727,12.649999618530273,24966,0.0,0.0
2018-05-30 00:00:00+05:30,13.149999618530273,13.149999618530273,11.800000190734863,12.300000190734863,27791,0.0,0.0
2018-05-31 00:00:00+05:30,12.0,12.550000190734863,11.899999618530273,11.949999809265137,22006,0.0,0.0
2018-06-01 00:00:00+05:30,12.0,12.600000381469727,11.800000190734863,12.25,25616,0.0,0.0
2018-06-04 00:00:00+05:30,12.149999618530273,12.699999809265137,11.699999809265137,11.850000381469727,28277,0.0,0.0
2018-06-05 00:00:00+05:30,12.050000190734863,12.25,9.899999618530273,10.199999809265137,267814,0.0,0.0
2018-06-06 00:00:00+05:30,11.0,11.0,8.75,9.050000190734863,213644,0.0,0.0
2018-06-07 00:00:00+05:30,9.399999618530273,9.899999618530273,9.0,9.800000190734863,115050,0.0,0.0
2018-06-08 00:00:00+05:30,9.800000190734863,10.300000190734863,9.699999809265137,10.050000190734863,45606,0.0,0.0
2018-06-11 00:00:00+05:30,10.199999809265137,11.300000190734863,10.0,11.050000190734863,96338,0.0,0.0
2018-06-12 00:00:00+05:30,11.100000381469727,11.199999809265137,10.699999809265137,10.850000381469727,32183,0.0,0.0
2018-06-13 00:00:00+05:30,10.899999618530273,11.25,10.600000381469727,10.949999809265137,21474,0.0,0.0
2018-06-14 00:00:00+05:30,11.0,11.0,10.350000381469727,10.699999809265137,21813,0.0,0.0
2018-06-15 00:00:00+05:30,10.949999809265137,12.600000381469727,10.600000381469727,11.350000381469727,82319,0.0,0.0
2018-06-18 00:00:00+05:30,11.5,11.800000190734863,10.75,10.899999618530273,30086,0.0,0.0
2018-06-19 00:00:00+05:30,11.300000190734863,11.300000190734863,10.699999809265137,10.800000190734863,9962,0.0,0.0
2018-06-20 00:00:00+05:30,10.699999809265137,11.449999809265137,10.5,10.550000190734863,39320,0.0,0.0
2018-06-21 00:00:00+05:30,10.899999618530273,10.899999618530273,10.550000190734863,10.649999618530273,3474,0.0,0.0
2018-06-22 00:00:00+05:30,10.699999809265137,10.949999809265137,9.699999809265137,10.399999618530273,6395,0.0,0.0
2018-06-25 00:00:00+05:30,10.899999618530273,10.899999618530273,9.5,9.899999618530273,36985,0.0,0.0
2018-06-26 00:00:00+05:30,10.199999809265137,10.199999809265137,9.699999809265137,10.0,7412,0.0,0.0
2018-06-27 00:00:00+05:30,10.350000381469727,10.350000381469727,9.25,9.399999618530273,36362,0.0,0.0
2018-06-28 00:00:00+05:30,9.800000190734863,9.800000190734863,8.949999809265137,9.550000190734863,31408,0.0,0.0
2018-06-29 00:00:00+05:30,9.550000190734863,9.800000190734863,9.199999809265137,9.75,25355,0.0,0.0
2018-07-02 00:00:00+05:30,9.800000190734863,10.100000381469727,9.350000381469727,9.600000381469727,11059,0.0,0.0
2018-07-03 00:00:00+05:30,9.199999809265137,9.899999618530273,9.199999809265137,9.550000190734863,1576,0.0,0.0
2018-07-04 00:00:00+05:30,9.699999809265137,10.399999618530273,9.100000381469727,9.75,28447,0.0,0.0
2018-07-05 00:00:00+05:30,9.600000381469727,9.949999809265137,9.199999809265137,9.75,16217,0.0,0.0
2018-07-06 00:00:00+05:30,9.899999618530273,9.899999618530273,8.300000190734863,9.350000381469727,36995,0.0,0.0
2018-07-09 00:00:00+05:30,9.649999618530273,9.699999809265137,9.100000381469727,9.350000381469727,6851,0.0,0.0
2018-07-10 00:00:00+05:30,9.199999809265137,9.550000190734863,9.149999618530273,9.350000381469727,23705,0.0,0.0
2018-07-11 00:00:00+05:30,9.699999809265137,9.699999809265137,9.050000190734863,9.199999809265137,18472,0.0,0.0
2018-07-12 00:00:00+05:30,9.550000190734863,9.550000190734863,9.25,9.399999618530273,11382,0.0,0.0
2018-07-13 00:00:00+05:30,9.550000190734863,9.600000381469727,9.199999809265137,9.199999809265137,5090,0.0,0.0
2018-07-16 00:00:00+05:30,9.5,9.5,9.0,9.0,8693,0.0,0.0
2018-07-17 00:00:00+05:30,9.5,9.5,8.399999618530273,8.850000381469727,4897,0.0,0.0
2018-07-18 00:00:00+05:30,9.0,9.0,8.550000190734863,8.699999809265137,6304,0.0,0.0
2018-07-19 00:00:00+05:30,9.25,9.25,8.350000381469727,8.800000190734863,6633,0.0,0.0
2018-07-20 00:00:00+05:30,8.800000190734863,8.800000190734863,8.350000381469727,8.649999618530273,5827,0.0,0.0
2018-07-23 00:00:00+05:30,9.100000381469727,9.100000381469727,8.350000381469727,8.600000381469727,4823,0.0,0.0
2018-07-24 00:00:00+05:30,9.149999618530273,9.300000190734863,8.5,8.949999809265137,24834,0.0,0.0
2018-07-25 00:00:00+05:30,9.350000381469727,9.350000381469727,8.850000381469727,9.0,13166,0.0,0.0
2018-07-26 00:00:00+05:30,9.350000381469727,9.350000381469727,8.850000381469727,9.050000190734863,19693,0.0,0.0
2018-07-27 00:00:00+05:30,9.300000190734863,9.5,8.850000381469727,9.149999618530273,20138,0.0,0.0
2018-07-30 00:00:00+05:30,8.899999618530273,9.550000190734863,8.850000381469727,9.449999809265137,9323,0.0,0.0
2018-07-31 00:00:00+05:30,9.449999809265137,9.600000381469727,9.199999809265137,9.25,2291,0.0,0.0
2018-08-01 00:00:00+05:30,9.600000381469727,9.600000381469727,9.300000190734863,9.350000381469727,12276,0.0,0.0
2018-08-02 00:00:00+05:30,9.649999618530273,10.25,9.199999809265137,9.649999618530273,33931,0.0,0.0
2018-08-03 00:00:00+05:30,10.199999809265137,10.199999809265137,9.800000190734863,9.949999809265137,16411,0.0,0.0
2018-08-06 00:00:00+05:30,10.350000381469727,10.75,9.800000190734863,9.899999618530273,21773,0.0,0.0
2018-08-07 00:00:00+05:30,10.399999618530273,10.800000190734863,9.899999618530273,10.050000190734863,45587,0.0,0.0
2018-08-08 00:00:00+05:30,10.300000190734863,10.350000381469727,9.350000381469727,9.949999809265137,21030,0.0,0.0
2018-08-09 00:00:00+05:30,10.399999618530273,10.600000381469727,10.0,10.300000190734863,27533,0.0,0.0
2018-08-10 00:00:00+05:30,10.300000190734863,10.75,10.149999618530273,10.449999809265137,26507,0.0,0.0
2018-08-13 00:00:00+05:30,10.199999809265137,10.399999618530273,9.899999618530273,10.050000190734863,6823,0.0,0.0
2018-08-14 00:00:00+05:30,10.0,10.25,9.0,9.399999618530273,49545,0.0,0.0
2018-08-16 00:00:00+05:30,9.899999618530273,9.899999618530273,9.199999809265137,9.399999618530273,6195,0.0,0.0
2018-08-17 00:00:00+05:30,9.800000190734863,9.800000190734863,9.350000381469727,9.5,4808,0.0,0.0
2018-08-20 00:00:00+05:30,9.449999809265137,10.300000190734863,9.449999809265137,9.949999809265137,16003,0.0,0.0
2018-08-21 00:00:00+05:30,10.350000381469727,10.350000381469727,9.5,9.600000381469727,9671,0.0,0.0
2018-08-23 00:00:00+05:30,10.149999618530273,10.149999618530273,9.550000190734863,9.699999809265137,5363,0.0,0.0
2018-08-24 00:00:00+05:30,10.100000381469727,10.100000381469727,9.399999618530273,9.649999618530273,23214,0.0,0.0
2018-08-27 00:00:00+05:30,9.5,10.0,9.25,9.5,6332,0.0,0.0
2018-08-28 00:00:00+05:30,10.050000190734863,10.050000190734863,9.300000190734863,9.399999618530273,55022,0.0,0.0
2018-08-29 00:00:00+05:30,9.699999809265137,9.800000190734863,9.300000190734863,9.649999618530273,20713,0.0,0.0
2018-08-30 00:00:00+05:30,9.899999618530273,9.899999618530273,9.399999618530273,9.600000381469727,20597,0.0,0.0
2018-08-31 00:00:00+05:30,9.75,9.800000190734863,9.550000190734863,9.600000381469727,5977,0.0,0.0
2018-09-03 00:00:00+05:30,9.600000381469727,9.75,8.649999618530273,9.350000381469727,12907,0.0,0.0
2018-09-04 00:00:00+05:30,9.649999618530273,9.649999618530273,9.199999809265137,9.449999809265137,9385,0.0,0.0
2018-09-05 00:00:00+05:30,9.350000381469727,10.100000381469727,9.300000190734863,9.5,26849,0.0,0.0
2018-09-06 00:00:00+05:30,9.899999618530273,9.899999618530273,9.300000190734863,9.399999618530273,6981,0.0,0.0
2018-09-07 00:00:00+05:30,9.699999809265137,9.899999618530273,8.850000381469727,9.149999618530273,31544,0.0,0.0
2018-09-10 00:00:00+05:30,9.5,9.600000381469727,8.600000381469727,9.300000190734863,31731,0.0,0.0
2018-09-11 00:00:00+05:30,9.5,9.850000381469727,9.149999618530273,9.25,29545,0.0,0.0
2018-09-12 00:00:00+05:30,9.300000190734863,11.100000381469727,9.25,10.800000190734863,165871,0.0,0.0
2018-09-14 00:00:00+05:30,11.600000381469727,12.949999809265137,11.25,12.949999809265137,250982,0.0,0.0
2018-09-17 00:00:00+05:30,14.699999809265137,15.5,14.050000190734863,15.5,505300,0.0,0.0
2018-09-18 00:00:00+05:30,17.049999237060547,17.049999237060547,16.049999237060547,16.450000762939453,866275,0.0,0.0
2018-09-19 00:00:00+05:30,16.899999618530273,18.049999237060547,15.300000190734863,16.0,351131,0.0,0.0
2018-09-21 00:00:00+05:30,15.800000190734863,15.800000190734863,14.399999618530273,14.699999809265137,394823,0.0,0.0
2018-09-24 00:00:00+05:30,13.5,14.300000190734863,13.25,13.699999809265137,94761,0.0,0.0
2018-09-25 00:00:00+05:30,12.600000381469727,15.050000190734863,12.600000381469727,14.949999809265137,263289,0.0,0.0
2018-09-26 00:00:00+05:30,16.100000381469727,16.100000381469727,14.149999618530273,14.949999809265137,176169,0.0,0.0
2018-09-27 00:00:00+05:30,14.649999618530273,14.699999809265137,14.25,14.25,8977,0.0,0.0
2018-09-28 00:00:00+05:30,13.550000190734863,14.600000381469727,13.550000190734863,13.550000190734863,13753,0.0,0.0
2018-10-01 00:00:00+05:30,13.550000190734863,13.550000190734863,12.899999618530273,12.899999618530273,7314,0.0,0.0
2018-10-03 00:00:00+05:30,12.300000190734863,13.5,12.300000190734863,13.100000381469727,23268,0.0,0.0
2018-10-04 00:00:00+05:30,12.5,12.949999809265137,12.449999809265137,12.449999809265137,5602,0.0,0.0
2018-10-05 00:00:00+05:30,11.850000381469727,12.5,11.850000381469727,11.850000381469727,32702,0.0,0.0
2018-10-08 00:00:00+05:30,11.300000190734863,11.75,11.300000190734863,11.300000190734863,7770,0.0,0.0
2018-10-09 00:00:00+05:30,11.5,11.850000381469727,11.100000381469727,11.850000381469727,15557,0.0,0.0
2018-10-10 00:00:00+05:30,11.5,12.399999618530273,11.300000190734863,12.399999618530273,16339,0.0,0.0
2018-10-11 00:00:00+05:30,11.800000190734863,13.0,11.800000190734863,12.850000381469727,15694,0.0,0.0
2018-10-12 00:00:00+05:30,13.399999618530273,13.449999809265137,12.25,12.699999809265137,12856,0.0,0.0
2018-10-15 00:00:00+05:30,13.300000190734863,13.300000190734863,12.800000190734863,13.300000190734863,9762,0.0,0.0
2018-10-16 00:00:00+05:30,13.5,13.949999809265137,13.0,13.600000381469727,11867,0.0,0.0
2018-10-17 00:00:00+05:30,14.149999618530273,14.149999618530273,12.949999809265137,12.949999809265137,8542,0.0,0.0
2018-10-19 00:00:00+05:30,12.949999809265137,12.949999809265137,12.350000381469727,12.600000381469727,12973,0.0,0.0
2018-10-22 00:00:00+05:30,12.899999618530273,13.0,12.199999809265137,12.300000190734863,11006,0.0,0.0
2018-10-23 00:00:00+05:30,12.649999618530273,12.899999618530273,12.199999809265137,12.350000381469727,22236,0.0,0.0
2018-10-24 00:00:00+05:30,12.699999809265137,12.699999809265137,12.0,12.25,3543,0.0,0.0
2018-10-25 00:00:00+05:30,12.399999618530273,12.550000190734863,11.649999618530273,11.899999618530273,9929,0.0,0.0
2018-10-26 00:00:00+05:30,12.300000190734863,12.399999618530273,11.350000381469727,12.0,13471,0.0,0.0
2018-10-29 00:00:00+05:30,12.0,12.600000381469727,12.0,12.149999618530273,15008,0.0,0.0
2018-10-30 00:00:00+05:30,12.75,12.75,12.550000190734863,12.699999809265137,4084,0.0,0.0
2018-10-31 00:00:00+05:30,12.699999809265137,12.699999809265137,12.25,12.449999809265137,4903,0.0,0.0
2018-11-01 00:00:00+05:30,12.850000381469727,13.050000190734863,12.350000381469727,12.800000190734863,14569,0.0,0.0
2018-11-02 00:00:00+05:30,12.300000190734863,13.100000381469727,12.25,12.899999618530273,11383,0.0,0.0
2018-11-05 00:00:00+05:30,13.5,13.5,12.300000190734863,12.600000381469727,14350,0.0,0.0
2018-11-06 00:00:00+05:30,12.850000381469727,12.850000381469727,12.0,12.0,19518,0.0,0.0
2018-11-07 00:00:00+05:30,11.899999618530273,12.350000381469727,11.850000381469727,11.899999618530273,5681,0.0,0.0
2018-11-09 00:00:00+05:30,12.449999809265137,12.449999809265137,11.850000381469727,12.300000190734863,14354,0.0,0.0
2018-11-12 00:00:00+05:30,12.600000381469727,12.899999618530273,12.600000381469727,12.899999618530273,17422,0.0,0.0
2018-11-13 00:00:00+05:30,13.5,13.5,12.300000190734863,13.449999809265137,12217,0.0,0.0
2018-11-14 00:00:00+05:30,13.0,13.899999618530273,13.0,13.699999809265137,21693,0.0,0.0
2018-11-15 00:00:00+05:30,13.699999809265137,13.699999809265137,13.149999618530273,13.149999618530273,2526,0.0,0.0
2018-11-16 00:00:00+05:30,12.600000381469727,13.300000190734863,12.5,12.649999618530273,2944,0.0,0.0
2018-11-19 00:00:00+05:30,12.100000381469727,12.899999618530273,12.050000190734863,12.149999618530273,6180,0.0,0.0
2018-11-20 00:00:00+05:30,12.75,12.75,12.050000190734863,12.75,6977,0.0,0.0
2018-11-21 00:00:00+05:30,12.350000381469727,13.350000381469727,12.199999809265137,12.399999618530273,9052,0.0,0.0
2018-11-22 00:00:00+05:30,12.100000381469727,12.5,11.800000190734863,12.5,7859,0.0,0.0
2018-11-26 00:00:00+05:30,13.0,13.0,11.899999618530273,12.399999618530273,2038,0.0,0.0
2018-11-27 00:00:00+05:30,12.0,12.399999618530273,11.850000381469727,12.0,2948,0.0,0.0
2018-11-28 00:00:00+05:30,12.0,12.600000381469727,11.600000381469727,12.600000381469727,17704,0.0,0.0
2018-11-29 00:00:00+05:30,12.75,12.75,12.0,12.100000381469727,1473,0.0,0.0
2018-11-30 00:00:00+05:30,12.699999809265137,12.699999809265137,11.5,11.850000381469727,7019,0.0,0.0
2018-12-03 00:00:00+05:30,12.399999618530273,12.399999618530273,11.699999809265137,11.75,5132,0.0,0.0
2018-12-04 00:00:00+05:30,11.600000381469727,11.899999618530273,11.199999809265137,11.800000190734863,33840,0.0,0.0
2018-12-05 00:00:00+05:30,11.800000190734863,11.800000190734863,11.25,11.25,7513,0.0,0.0
2018-12-06 00:00:00+05:30,10.800000190734863,11.399999618530273,10.699999809265137,10.699999809265137,14180,0.0,0.0
2018-12-07 00:00:00+05:30,11.199999809265137,11.199999809265137,10.199999809265137,10.949999809265137,20770,0.0,0.0
2018-12-10 00:00:00+05:30,11.0,11.0,10.449999809265137,10.449999809265137,3564,0.0,0.0
2018-12-11 00:00:00+05:30,10.449999809265137,10.800000190734863,9.949999809265137,10.0,8113,0.0,0.0
2018-12-12 00:00:00+05:30,10.449999809265137,10.449999809265137,10.050000190734863,10.399999618530273,8817,0.0,0.0
2018-12-13 00:00:00+05:30,10.199999809265137,10.850000381469727,10.199999809265137,10.800000190734863,2846,0.0,0.0
2018-12-14 00:00:00+05:30,10.850000381469727,11.0,10.399999618530273,10.850000381469727,3703,0.0,0.0
2018-12-17 00:00:00+05:30,10.5,11.300000190734863,10.449999809265137,11.0,5755,0.0,0.0
2018-12-18 00:00:00+05:30,10.550000190734863,10.949999809265137,10.5,10.550000190734863,4061,0.0,0.0
2018-12-19 00:00:00+05:30,10.75,10.75,10.100000381469727,10.199999809265137,3251,0.0,0.0
2018-12-20 00:00:00+05:30,10.699999809265137,10.699999809265137,10.050000190734863,10.399999618530273,5959,0.0,0.0
2018-12-21 00:00:00+05:30,10.75,10.899999618530273,10.149999618530273,10.600000381469727,3140,0.0,0.0
2018-12-24 00:00:00+05:30,10.149999618530273,10.75,10.149999618530273,10.199999809265137,834,0.0,0.0
2018-12-26 00:00:00+05:30,10.550000190734863,10.550000190734863,9.899999618530273,10.399999618530273,2946,0.0,0.0
2018-12-27 00:00:00+05:30,10.699999809265137,10.699999809265137,10.0,10.600000381469727,4409,0.0,0.0
2018-12-28 00:00:00+05:30,11.0,11.0,10.100000381469727,10.399999618530273,2601,0.0,0.0
2018-12-31 00:00:00+05:30,10.100000381469727,10.850000381469727,10.100000381469727,10.25,9116,0.0,0.0
2019-01-01 00:00:00+05:30,10.75,10.75,10.350000381469727,10.600000381469727,1622,0.0,0.0
2019-01-02 00:00:00+05:30,10.800000190734863,10.800000190734863,10.149999618530273,10.149999618530273,7990,0.0,0.0
2019-01-03 00:00:00+05:30,10.25,10.600000381469727,10.25,10.5,5822,0.0,0.0
2019-01-04 00:00:00+05:30,11.0,11.0,10.0,10.949999809265137,22129,0.0,0.0
2019-01-07 00:00:00+05:30,10.949999809265137,11.100000381469727,10.600000381469727,11.100000381469727,11808,0.0,0.0
2019-01-08 00:00:00+05:30,11.100000381469727,11.649999618530273,10.850000381469727,11.649999618530273,21026,0.0,0.0
2019-01-09 00:00:00+05:30,12.0,12.0,11.350000381469727,11.449999809265137,25495,0.0,0.0
2019-01-10 00:00:00+05:30,11.399999618530273,11.449999809265137,11.0,11.100000381469727,17331,0.0,0.0
2019-01-11 00:00:00+05:30,11.199999809265137,11.5,11.0,11.149999618530273,17887,0.0,0.0
2019-01-14 00:00:00+05:30,11.0,11.550000190734863,11.0,11.399999618530273,11205,0.0,0.0
2019-01-15 00:00:00+05:30,11.550000190734863,11.550000190734863,11.100000381469727,11.550000190734863,1791,0.0,0.0
2019-01-16 00:00:00+05:30,11.100000381469727,11.699999809265137,11.100000381469727,11.350000381469727,10241,0.0,0.0
2019-01-17 00:00:00+05:30,11.0,11.399999618530273,11.0,11.199999809265137,1577,0.0,0.0
2019-01-18 00:00:00+05:30,11.050000190734863,11.399999618530273,10.850000381469727,10.850000381469727,4016,0.0,0.0
2019-01-21 00:00:00+05:30,10.850000381469727,11.0,10.399999618530273,10.600000381469727,15156,0.0,0.0
2019-01-22 00:00:00+05:30,10.399999618530273,10.850000381469727,10.399999618530273,10.5,11255,0.0,0.0
2019-01-23 00:00:00+05:30,10.0,10.449999809265137,10.0,10.199999809265137,3819,0.0,0.0
2019-01-24 00:00:00+05:30,10.199999809265137,10.600000381469727,10.100000381469727,10.149999618530273,2474,0.0,0.0
2019-01-25 00:00:00+05:30,10.100000381469727,10.649999618530273,10.100000381469727,10.649999618530273,5084,0.0,0.0
2019-01-28 00:00:00+05:30,10.199999809265137,10.449999809265137,10.149999618530273,10.199999809265137,6437,0.0,0.0
2019-01-29 00:00:00+05:30,9.850000381469727,10.449999809265137,9.850000381469727,9.850000381469727,4531,0.0,0.0
2019-01-30 00:00:00+05:30,10.300000190734863,10.300000190734863,10.0,10.050000190734863,4214,0.0,0.0
2019-01-31 00:00:00+05:30,10.449999809265137,10.449999809265137,10.050000190734863,10.199999809265137,5096,0.0,0.0
2019-02-01 00:00:00+05:30,10.149999618530273,10.25,10.050000190734863,10.199999809265137,3275,0.0,0.0
2019-02-04 00:00:00+05:30,10.0,10.050000190734863,9.75,10.0,4501,0.0,0.0
2019-02-05 00:00:00+05:30,10.100000381469727,10.100000381469727,9.5,9.5,11371,0.0,0.0
2019-02-06 00:00:00+05:30,9.5,9.800000190734863,9.050000190734863,9.100000381469727,13310,0.0,0.0
2019-02-07 00:00:00+05:30,9.100000381469727,9.149999618530273,8.800000190734863,8.850000381469727,17623,0.0,0.0
2019-02-08 00:00:00+05:30,8.850000381469727,9.149999618530273,8.800000190734863,8.899999618530273,3315,0.0,0.0
2019-02-11 00:00:00+05:30,8.5,8.949999809265137,8.5,8.5,2015,0.0,0.0
2019-02-12 00:00:00+05:30,9.0,9.0,8.300000190734863,8.449999809265137,17226,0.0,0.0
2019-02-14 00:00:00+05:30,8.050000190734863,8.800000190734863,8.050000190734863,8.350000381469727,7043,0.0,0.0
2019-02-15 00:00:00+05:30,8.350000381469727,8.399999618530273,8.0,8.100000381469727,9837,0.0,0.0
2019-02-18 00:00:00+05:30,8.0,8.300000190734863,7.800000190734863,7.949999809265137,14956,0.0,0.0
2019-02-19 00:00:00+05:30,8.100000381469727,8.5,7.800000190734863,8.050000190734863,30023,0.0,0.0
2019-02-20 00:00:00+05:30,8.300000190734863,8.5,8.0,8.199999809265137,26573,0.0,0.0
2019-02-21 00:00:00+05:30,8.199999809265137,8.399999618530273,8.0,8.199999809265137,4892,0.0,0.0
2019-02-22 00:00:00+05:30,8.0,8.699999809265137,7.5,8.649999618530273,30144,0.0,0.0
2019-02-25 00:00:00+05:30,8.199999809265137,9.5,8.199999809265137,9.5,48028,0.0,0.0
2019-02-26 00:00:00+05:30,9.600000381469727,10.449999809265137,8.649999618530273,10.25,43622,0.0,0.0
2019-02-27 00:00:00+05:30,10.75,10.75,9.75,9.75,59208,0.0,0.0
2019-02-28 00:00:00+05:30,9.75,10.0,9.449999809265137,9.75,15813,0.0,0.0
2019-03-01 00:00:00+05:30,9.800000190734863,10.199999809265137,9.800000190734863,10.0,38357,0.0,0.0
2019-03-05 00:00:00+05:30,10.300000190734863,10.449999809265137,9.800000190734863,10.149999618530273,48004,0.0,0.0
2019-03-06 00:00:00+05:30,10.050000190734863,10.649999618530273,9.899999618530273,10.600000381469727,68086,0.0,0.0
2019-03-07 00:00:00+05:30,10.75,10.800000190734863,10.300000190734863,10.399999618530273,29923,0.0,0.0
2019-03-08 00:00:00+05:30,10.25,10.899999618530273,10.25,10.899999618530273,43961,0.0,0.0
2019-03-11 00:00:00+05:30,11.25,11.300000190734863,10.399999618530273,10.449999809265137,42162,0.0,0.0
2019-03-12 00:00:00+05:30,10.649999618530273,10.850000381469727,10.25,10.649999618530273,38155,0.0,0.0
2019-03-13 00:00:00+05:30,10.899999618530273,10.899999618530273,10.300000190734863,10.350000381469727,11283,0.0,0.0
2019-03-14 00:00:00+05:30,9.899999618530273,10.600000381469727,9.899999618530273,10.300000190734863,27457,0.0,0.0
2019-03-15 00:00:00+05:30,10.75,10.75,10.199999809265137,10.199999809265137,25120,0.0,0.0
2019-03-18 00:00:00+05:30,10.699999809265137,10.699999809265137,9.850000381469727,10.300000190734863,8232,0.0,0.0
2019-03-19 00:00:00+05:30,9.949999809265137,10.449999809265137,9.800000190734863,9.800000190734863,29716,0.0,0.0
2019-03-20 00:00:00+05:30,9.5,9.899999618530273,9.399999618530273,9.850000381469727,13932,0.0,0.0
2019-03-22 00:00:00+05:30,9.899999618530273,9.899999618530273,9.399999618530273,9.399999618530273,38472,0.0,0.0
2019-03-25 00:00:00+05:30,9.0,9.300000190734863,8.949999809265137,9.0,13789,0.0,0.0
2019-03-26 00:00:00+05:30,9.449999809265137,9.449999809265137,8.649999618530273,8.850000381469727,20592,0.0,0.0
2019-03-27 00:00:00+05:30,9.25,9.25,8.949999809265137,9.149999618530273,10190,0.0,0.0
2019-03-28 00:00:00+05:30,9.449999809265137,9.600000381469727,9.199999809265137,9.449999809265137,25615,0.0,0.0
2019-04-01 00:00:00+05:30,9.550000190734863,9.550000190734863,8.850000381469727,9.300000190734863,18023,0.0,0.0
2019-04-02 00:00:00+05:30,9.5,9.75,9.199999809265137,9.350000381469727,17580,0.0,0.0
2019-04-03 00:00:00+05:30,9.350000381469727,9.800000190734863,9.300000190734863,9.800000190734863,48379,0.0,0.0
2019-04-04 00:00:00+05:30,9.800000190734863,10.25,9.800000190734863,10.0,114395,0.0,0.0
2019-04-05 00:00:00+05:30,10.0,11.0,10.0,11.0,94555,0.0,0.0
2019-04-08 00:00:00+05:30,11.5,11.550000190734863,10.5,11.149999618530273,74187,0.0,0.0
2019-04-09 00:00:00+05:30,11.0,11.649999618530273,11.0,11.600000381469727,20462,0.0,0.0
2019-04-10 00:00:00+05:30,11.399999618530273,11.550000190734863,11.0,11.050000190734863,9245,0.0,0.0
2019-04-11 00:00:00+05:30,11.050000190734863,11.300000190734863,10.550000190734863,10.800000190734863,5533,0.0,0.0
2019-04-12 00:00:00+05:30,10.800000190734863,11.5,10.399999618530273,11.199999809265137,18169,0.0,0.0
2019-04-15 00:00:00+05:30,11.399999618530273,11.399999618530273,10.800000190734863,11.0,15570,0.0,0.0
2019-04-16 00:00:00+05:30,11.0,11.0,10.75,10.850000381469727,3614,0.0,0.0
2019-04-18 00:00:00+05:30,10.850000381469727,11.899999618530273,10.600000381469727,11.75,31382,0.0,0.0
2019-04-22 00:00:00+05:30,11.75,11.75,11.050000190734863,11.100000381469727,4988,0.0,0.0
2019-04-23 00:00:00+05:30,11.850000381469727,11.850000381469727,11.0,11.100000381469727,3562,0.0,0.0
2019-04-24 00:00:00+05:30,11.0,11.300000190734863,10.550000190734863,10.800000190734863,3431,0.0,0.0
2019-04-25 00:00:00+05:30,11.300000190734863,11.800000190734863,10.199999809265137,11.5,40767,0.0,0.0
2019-04-26 00:00:00+05:30,11.149999618530273,12.0,11.149999618530273,11.800000190734863,18948,0.0,0.0
2019-04-30 00:00:00+05:30,12.5,12.5,11.100000381469727,11.399999618530273,3917,0.0,0.0
2019-05-02 00:00:00+05:30,11.100000381469727,11.75,11.0,11.050000190734863,3814,0.0,0.0
2019-05-03 00:00:00+05:30,10.699999809265137,11.199999809265137,10.649999618530273,10.949999809265137,21031,0.0,0.0
2019-05-06 00:00:00+05:30,10.350000381469727,10.899999618530273,10.300000190734863,10.550000190734863,11118,0.0,0.0
2019-05-07 00:00:00+05:30,11.449999809265137,11.449999809265137,10.5,10.600000381469727,33763,0.0,0.0
2019-05-08 00:00:00+05:30,10.5,10.850000381469727,10.25,10.5,3858,0.0,0.0
2019-05-09 00:00:00+05:30,10.199999809265137,11.0,10.199999809265137,10.550000190734863,16014,0.0,0.0
2019-05-10 00:00:00+05:30,10.850000381469727,10.850000381469727,10.399999618530273,10.449999809265137,10099,0.0,0.0
2019-05-13 00:00:00+05:30,10.75,10.75,10.149999618530273,10.449999809265137,14850,0.0,0.0
2019-05-14 00:00:00+05:30,10.0,10.699999809265137,10.0,10.5,13331,0.0,0.0
2019-05-15 00:00:00+05:30,10.75,10.75,10.25,10.5,1530,0.0,0.0
2019-05-16 00:00:00+05:30,10.800000190734863,10.800000190734863,10.050000190734863,10.100000381469727,3539,0.0,0.0
2019-05-17 00:00:00+05:30,10.25,10.5,9.899999618530273,9.949999809265137,13402,0.0,0.0
2019-05-20 00:00:00+05:30,10.899999618530273,10.899999618530273,9.75,10.100000381469727,28636,0.0,0.0
2019-05-21 00:00:00+05:30,10.800000190734863,10.800000190734863,9.800000190734863,9.800000190734863,27925,0.0,0.0
2019-05-22 00:00:00+05:30,10.399999618530273,10.399999618530273,9.550000190734863,9.899999618530273,11253,0.0,0.0
2019-05-23 00:00:00+05:30,10.300000190734863,10.850000381469727,9.699999809265137,10.199999809265137,12187,0.0,0.0
2019-05-24 00:00:00+05:30,9.850000381469727,10.699999809265137,9.850000381469727,10.5,75254,0.0,0.0
2019-05-27 00:00:00+05:30,10.5,10.75,10.350000381469727,10.399999618530273,53487,0.0,0.0
2019-05-28 00:00:00+05:30,10.149999618530273,10.449999809265137,10.149999618530273,10.399999618530273,9077,0.0,0.0
2019-05-29 00:00:00+05:30,10.25,10.800000190734863,10.100000381469727,10.350000381469727,4751,0.0,0.0
2019-05-30 00:00:00+05:30,10.199999809265137,10.350000381469727,10.050000190734863,10.199999809265137,16883,0.0,0.0
2019-05-31 00:00:00+05:30,10.149999618530273,10.399999618530273,9.899999618530273,9.949999809265137,8727,0.0,0.0
2019-06-03 00:00:00+05:30,10.050000190734863,10.050000190734863,9.649999618530273,9.649999618530273,19500,0.0,0.0
2019-06-04 00:00:00+05:30,10.0,10.0,9.550000190734863,9.649999618530273,24606,0.0,0.0
2019-06-06 00:00:00+05:30,9.899999618530273,9.899999618530273,9.0,9.199999809265137,13302,0.0,0.0
2019-06-07 00:00:00+05:30,9.149999618530273,9.149999618530273,8.649999618530273,9.100000381469727,8482,0.0,0.0
2019-06-10 00:00:00+05:30,9.5,9.5,8.300000190734863,8.449999809265137,40087,0.0,0.0
2019-06-11 00:00:00+05:30,9.100000381469727,9.100000381469727,8.449999809265137,8.600000381469727,10463,0.0,0.0
2019-06-12 00:00:00+05:30,9.5,9.5,8.449999809265137,8.5,24117,0.0,0.0
2019-06-13 00:00:00+05:30,8.75,8.75,8.399999618530273,8.600000381469727,1217,0.0,0.0
2019-06-14 00:00:00+05:30,8.5,8.699999809265137,7.800000190734863,8.149999618530273,40947,0.0,0.0
2019-06-17 00:00:00+05:30,8.149999618530273,8.399999618530273,8.0,8.100000381469727,3283,0.0,0.0
2019-06-18 00:00:00+05:30,8.0,8.949999809265137,7.0,7.199999809265137,111825,0.0,0.0
2019-06-19 00:00:00+05:30,7.650000095367432,7.650000095367432,7.0,7.150000095367432,22305,0.0,0.0
2019-06-20 00:00:00+05:30,6.949999809265137,7.449999809265137,6.300000190734863,7.400000095367432,5893,0.0,0.0
2019-06-21 00:00:00+05:30,7.949999809265137,7.949999809265137,7.199999809265137,7.349999904632568,9903,0.0,0.0
2019-06-24 00:00:00+05:30,7.949999809265137,7.949999809265137,7.300000190734863,7.449999809265137,8541,0.0,0.0
2019-06-25 00:00:00+05:30,7.5,8.199999809265137,7.349999904632568,7.650000095367432,9609,0.0,0.0
2019-06-26 00:00:00+05:30,8.0,8.0,7.349999904632568,7.650000095367432,6608,0.0,0.0
2019-06-27 00:00:00+05:30,7.949999809265137,8.300000190734863,7.5,8.300000190734863,18859,0.0,0.0
2019-06-28 00:00:00+05:30,8.350000381469727,8.350000381469727,8.0,8.100000381469727,3459,0.0,0.0
2019-07-01 00:00:00+05:30,8.100000381469727,9.5,8.100000381469727,8.199999809265137,18482,0.0,0.0
2019-07-02 00:00:00+05:30,9.0,9.0,6.599999904632568,6.75,213002,0.0,0.0
2019-07-03 00:00:00+05:30,6.699999809265137,7.849999904632568,6.099999904632568,7.199999809265137,329254,0.0,0.0
2019-07-04 00:00:00+05:30,7.25,7.5,6.800000190734863,7.0,49159,0.0,0.0
2019-07-05 00:00:00+05:30,7.25,7.349999904632568,6.800000190734863,7.0,11767,0.0,0.0
2019-07-08 00:00:00+05:30,6.900000095367432,7.0,6.650000095367432,6.75,18250,0.0,0.0
2019-07-09 00:00:00+05:30,7.0,7.150000095367432,6.199999809265137,6.699999809265137,24780,0.0,0.0
2019-07-10 00:00:00+05:30,6.849999904632568,6.849999904632568,6.300000190734863,6.449999809265137,20752,0.0,0.0
2019-07-11 00:00:00+05:30,6.75,6.75,6.400000095367432,6.550000190734863,4075,0.0,0.0
2019-07-12 00:00:00+05:30,6.5,6.900000095367432,6.5,6.699999809265137,15659,0.0,0.0
2019-07-15 00:00:00+05:30,6.900000095367432,6.900000095367432,5.699999809265137,5.949999809265137,123814,0.0,0.0
2019-07-16 00:00:00+05:30,6.400000095367432,6.400000095367432,5.800000190734863,6.150000095367432,17437,0.0,0.0
2019-07-17 00:00:00+05:30,6.400000095367432,6.400000095367432,5.550000190734863,6.050000190734863,16761,0.0,0.0
2019-07-18 00:00:00+05:30,6.199999809265137,6.199999809265137,5.599999904632568,5.900000095367432,11603,0.0,0.0
2019-07-19 00:00:00+05:30,5.800000190734863,6.150000095367432,5.75,5.849999904632568,18294,0.0,0.0
2019-07-22 00:00:00+05:30,5.849999904632568,6.5,5.550000190734863,6.25,53784,0.0,0.0
2019-07-23 00:00:00+05:30,6.25,6.5,6.0,6.400000095367432,3825,0.0,0.0
2019-07-24 00:00:00+05:30,6.199999809265137,6.400000095367432,5.800000190734863,6.150000095367432,3032,0.0,0.0
2019-07-25 00:00:00+05:30,6.0,6.349999904632568,6.0,6.199999809265137,1542,0.0,0.0
2019-07-26 00:00:00+05:30,6.0,6.25,6.0,6.099999904632568,2923,0.0,0.0
2019-07-29 00:00:00+05:30,6.0,6.5,5.900000095367432,6.349999904632568,14103,0.0,0.0
2019-07-30 00:00:00+05:30,6.449999809265137,6.449999809265137,6.050000190734863,6.050000190734863,7177,0.0,0.0
2019-07-31 00:00:00+05:30,5.900000095367432,6.099999904632568,5.800000190734863,6.050000190734863,748,0.0,0.0
2019-08-01 00:00:00+05:30,6.199999809265137,6.199999809265137,5.800000190734863,6.0,5047,0.0,0.0
2019-08-02 00:00:00+05:30,5.949999809265137,6.0,5.800000190734863,6.0,4590,0.0,0.0
2019-08-05 00:00:00+05:30,5.900000095367432,6.0,5.349999904632568,5.900000095367432,12375,0.0,0.0
2019-08-06 00:00:00+05:30,5.75,5.900000095367432,5.449999809265137,5.800000190734863,34917,0.0,0.0
2019-08-07 00:00:00+05:30,6.099999904632568,6.199999809265137,5.400000095367432,6.099999904632568,14779,0.0,0.0
2019-08-08 00:00:00+05:30,6.400000095367432,6.400000095367432,5.75,6.300000190734863,26880,0.0,0.0
2019-08-09 00:00:00+05:30,6.400000095367432,6.599999904632568,6.199999809265137,6.550000190734863,28865,0.0,0.0
2019-08-13 00:00:00+05:30,6.349999904632568,6.5,6.349999904632568,6.449999809265137,9417,0.0,0.0
2019-08-14 00:00:00+05:30,6.300000190734863,6.650000095367432,6.150000095367432,6.599999904632568,10915,0.0,0.0
2019-08-16 00:00:00+05:30,6.650000095367432,6.699999809265137,6.0,6.199999809265137,32971,0.0,0.0
2019-08-19 00:00:00+05:30,6.25,6.25,5.849999904632568,5.949999809265137,5035,0.0,0.0
2019-08-20 00:00:00+05:30,6.0,6.25,6.0,6.199999809265137,1632,0.0,0.0
2019-08-21 00:00:00+05:30,6.349999904632568,6.349999904632568,6.0,6.199999809265137,5758,0.0,0.0
2019-08-22 00:00:00+05:30,6.199999809265137,6.25,5.599999904632568,5.800000190734863,5966,0.0,0.0
2019-08-23 00:00:00+05:30,5.800000190734863,5.949999809265137,5.5,5.75,3684,0.0,0.0
2019-08-26 00:00:00+05:30,5.699999809265137,6.25,5.699999809265137,5.900000095367432,22219,0.0,0.0
2019-08-27 00:00:00+05:30,5.849999904632568,6.25,5.400000095367432,6.050000190734863,27823,0.0,0.0
2019-08-28 00:00:00+05:30,5.900000095367432,6.300000190734863,5.800000190734863,6.25,18067,0.0,0.0
2019-08-29 00:00:00+05:30,6.5,6.5,5.900000095367432,6.150000095367432,17787,0.0,0.0
2019-08-30 00:00:00+05:30,6.0,6.150000095367432,5.900000095367432,6.0,6021,0.0,0.0
2019-09-03 00:00:00+05:30,5.949999809265137,6.599999904632568,5.949999809265137,6.349999904632568,15586,0.0,0.0
2019-09-04 00:00:00+05:30,6.5,7.599999904632568,6.5,7.599999904632568,52678,0.0,0.0
2019-09-05 00:00:00+05:30,8.550000190734863,9.100000381469727,8.399999618530273,9.100000381469727,67654,0.0,0.0
2019-09-06 00:00:00+05:30,10.0,10.0,9.100000381469727,9.300000190734863,444452,0.0,0.0
2019-09-09 00:00:00+05:30,9.100000381469727,9.100000381469727,8.399999618530273,8.600000381469727,91770,0.0,0.0
2019-09-11 00:00:00+05:30,8.100000381469727,8.449999809265137,8.100000381469727,8.25,70842,0.0,0.0
2019-09-12 00:00:00+05:30,8.050000190734863,8.850000381469727,7.75,8.100000381469727,34258,0.0,0.0
2019-09-13 00:00:00+05:30,7.300000190734863,8.300000190734863,7.300000190734863,7.550000190734863,59725,0.0,0.0
2019-09-16 00:00:00+05:30,7.949999809265137,8.300000190734863,7.699999809265137,8.25,99342,0.0,0.0
2019-09-17 00:00:00+05:30,7.849999904632568,8.350000381469727,7.849999904632568,7.849999904632568,33603,0.0,0.0
2019-09-18 00:00:00+05:30,8.0,8.0,7.5,7.699999809265137,7307,0.0,0.0
2019-09-19 00:00:00+05:30,7.349999904632568,7.849999904632568,7.349999904632568,7.400000095367432,9848,0.0,0.0
2019-09-20 00:00:00+05:30,7.400000095367432,7.75,7.050000190734863,7.550000190734863,12953,0.0,0.0
2019-09-23 00:00:00+05:30,7.550000190734863,7.900000095367432,7.300000190734863,7.650000095367432,4315,0.0,0.0
2019-09-24 00:00:00+05:30,7.650000095367432,7.949999809265137,7.349999904632568,7.5,25816,0.0,0.0
2019-09-25 00:00:00+05:30,7.5,7.650000095367432,7.150000095367432,7.349999904632568,9637,0.0,0.0
2019-09-26 00:00:00+05:30,7.050000190734863,7.550000190734863,7.0,7.0,18437,0.0,0.0
2019-09-27 00:00:00+05:30,6.650000095367432,7.300000190734863,6.650000095367432,7.150000095367432,4372,0.0,0.0
2019-09-30 00:00:00+05:30,7.400000095367432,7.400000095367432,6.800000190734863,6.849999904632568,973,0.0,0.0
2019-10-01 00:00:00+05:30,7.150000095367432,7.150000095367432,6.550000190734863,6.550000190734863,5546,0.0,0.0
2019-10-03 00:00:00+05:30,6.599999904632568,6.849999904632568,6.25,6.699999809265137,12953,0.0,0.0
2019-10-04 00:00:00+05:30,6.400000095367432,6.599999904632568,6.400000095367432,6.550000190734863,18979,0.0,0.0
2019-10-07 00:00:00+05:30,6.300000190734863,6.800000190734863,6.25,6.699999809265137,4702,0.0,0.0
2019-10-09 00:00:00+05:30,6.5,7.0,6.5,6.949999809265137,20420,0.0,0.0
2019-10-10 00:00:00+05:30,6.650000095367432,7.199999809265137,6.650000095367432,6.75,4962,0.0,0.0
2019-10-11 00:00:00+05:30,6.75,6.800000190734863,6.5,6.699999809265137,8766,0.0,0.0
2019-10-14 00:00:00+05:30,6.400000095367432,6.800000190734863,6.400000095367432,6.699999809265137,2370,0.0,0.0
2019-10-15 00:00:00+05:30,6.5,6.849999904632568,6.449999809265137,6.449999809265137,8219,0.0,0.0
2019-10-16 00:00:00+05:30,6.25,6.650000095367432,6.25,6.300000190734863,2116,0.0,0.0
2019-10-17 00:00:00+05:30,6.25,6.599999904632568,6.0,6.050000190734863,3563,0.0,0.0
2019-10-18 00:00:00+05:30,6.300000190734863,6.349999904632568,6.199999809265137,6.349999904632568,5271,0.0,0.0
2019-10-22 00:00:00+05:30,6.650000095367432,6.650000095367432,6.300000190734863,6.300000190734863,13014,0.0,0.0
2019-10-23 00:00:00+05:30,6.599999904632568,6.599999904632568,6.0,6.199999809265137,25484,0.0,0.0
2019-10-24 00:00:00+05:30,6.0,6.5,6.0,6.199999809265137,21447,0.0,0.0
2019-10-25 00:00:00+05:30,6.150000095367432,6.300000190734863,6.150000095367432,6.300000190734863,3228,0.0,0.0
2019-10-27 00:00:00+05:30,6.199999809265137,6.599999904632568,6.199999809265137,6.550000190734863,5659,0.0,0.0
2019-10-29 00:00:00+05:30,6.550000190734863,6.550000190734863,6.25,6.300000190734863,10688,0.0,0.0
2019-10-30 00:00:00+05:30,6.199999809265137,6.5,6.199999809265137,6.25,10240,0.0,0.0
2019-10-31 00:00:00+05:30,6.25,6.400000095367432,6.199999809265137,6.349999904632568,4567,0.0,0.0
2019-11-01 00:00:00+05:30,6.400000095367432,6.650000095367432,6.400000095367432,6.650000095367432,19367,0.0,0.0
2019-11-04 00:00:00+05:30,6.900000095367432,6.900000095367432,6.5,6.800000190734863,6634,0.0,0.0
2019-11-05 00:00:00+05:30,7.0,7.0,6.5,6.800000190734863,2568,0.0,0.0
2019-11-06 00:00:00+05:30,7.0,7.0,6.5,6.849999904632568,3291,0.0,0.0
2019-11-07 00:00:00+05:30,6.949999809265137,6.949999809265137,6.550000190734863,6.650000095367432,5586,0.0,0.0
2019-11-08 00:00:00+05:30,6.400000095367432,6.900000095367432,6.400000095367432,6.650000095367432,8565,0.0,0.0
2019-11-11 00:00:00+05:30,6.800000190734863,6.949999809265137,6.599999904632568,6.949999809265137,5988,0.0,0.0
2019-11-13 00:00:00+05:30,6.650000095367432,7.25,6.650000095367432,6.900000095367432,12469,0.0,0.0
2019-11-14 00:00:00+05:30,6.650000095367432,6.699999809265137,6.599999904632568,6.650000095367432,13728,0.0,0.0
2019-11-15 00:00:00+05:30,6.5,6.949999809265137,6.5,6.599999904632568,4250,0.0,0.0
2019-11-18 00:00:00+05:30,6.599999904632568,6.75,6.400000095367432,6.449999809265137,13520,0.0,0.0
2019-11-19 00:00:00+05:30,6.449999809265137,6.699999809265137,6.150000095367432,6.400000095367432,12520,0.0,0.0
2019-11-20 00:00:00+05:30,6.699999809265137,6.699999809265137,6.099999904632568,6.349999904632568,17297,0.0,0.0
2019-11-21 00:00:00+05:30,6.300000190734863,6.449999809265137,6.050000190734863,6.349999904632568,16968,0.0,0.0
2019-11-22 00:00:00+05:30,6.400000095367432,6.400000095367432,6.199999809265137,6.199999809265137,2791,0.0,0.0
2019-11-25 00:00:00+05:30,6.150000095367432,6.449999809265137,6.099999904632568,6.199999809265137,14982,0.0,0.0
2019-11-26 00:00:00+05:30,6.099999904632568,6.349999904632568,6.099999904632568,6.349999904632568,3011,0.0,0.0
2019-11-27 00:00:00+05:30,6.349999904632568,6.449999809265137,6.199999809265137,6.349999904632568,2182,0.0,0.0
2019-11-28 00:00:00+05:30,6.400000095367432,6.5,6.199999809265137,6.5,4791,0.0,0.0
2019-11-29 00:00:00+05:30,6.199999809265137,6.5,6.199999809265137,6.199999809265137,13274,0.0,0.0
2019-12-02 00:00:00+05:30,6.0,6.349999904632568,6.0,6.150000095367432,10451,0.0,0.0
2019-12-03 00:00:00+05:30,6.0,6.25,6.0,6.0,14039,0.0,0.0
2019-12-04 00:00:00+05:30,6.0,6.150000095367432,5.900000095367432,6.050000190734863,12508,0.0,0.0
2019-12-05 00:00:00+05:30,6.300000190734863,6.300000190734863,5.900000095367432,6.050000190734863,15391,0.0,0.0
2019-12-06 00:00:00+05:30,6.0,6.150000095367432,5.900000095367432,6.0,14997,0.0,0.0
2019-12-09 00:00:00+05:30,5.800000190734863,6.199999809265137,5.800000190734863,5.949999809265137,3818,0.0,0.0
2019-12-10 00:00:00+05:30,6.099999904632568,6.099999904632568,5.900000095367432,5.949999809265137,4539,0.0,0.0
2019-12-11 00:00:00+05:30,6.050000190734863,6.050000190734863,5.75,5.900000095367432,10369,0.0,0.0
2019-12-12 00:00:00+05:30,5.949999809265137,5.949999809265137,5.650000095367432,5.849999904632568,2686,0.0,0.0
2019-12-13 00:00:00+05:30,6.0,6.0,5.800000190734863,5.900000095367432,13231,0.0,0.0
2019-12-16 00:00:00+05:30,6.099999904632568,6.099999904632568,5.900000095367432,6.0,1723,0.0,0.0
2019-12-17 00:00:00+05:30,5.900000095367432,6.199999809265137,5.900000095367432,6.099999904632568,2209,0.0,0.0
2019-12-18 00:00:00+05:30,6.199999809265137,6.199999809265137,5.900000095367432,5.949999809265137,5614,0.0,0.0
2019-12-19 00:00:00+05:30,6.0,6.0,5.849999904632568,5.900000095367432,4950,0.0,0.0
2019-12-20 00:00:00+05:30,5.900000095367432,6.150000095367432,5.75,6.099999904632568,19178,0.0,0.0
2019-12-23 00:00:00+05:30,6.099999904632568,6.099999904632568,5.900000095367432,5.949999809265137,2572,0.0,0.0
2019-12-24 00:00:00+05:30,5.75,6.199999809265137,5.75,5.900000095367432,10533,0.0,0.0
2019-12-26 00:00:00+05:30,5.949999809265137,6.150000095367432,5.949999809265137,6.150000095367432,21918,0.0,0.0
2019-12-27 00:00:00+05:30,6.25,6.25,6.050000190734863,6.099999904632568,14059,0.0,0.0
2019-12-30 00:00:00+05:30,6.199999809265137,6.400000095367432,5.849999904632568,6.349999904632568,9403,0.0,0.0
2019-12-31 00:00:00+05:30,6.349999904632568,6.349999904632568,6.199999809265137,6.300000190734863,4567,0.0,0.0
2020-01-01 00:00:00+05:30,6.400000095367432,6.599999904632568,6.199999809265137,6.599999904632568,19314,0.0,0.0
2020-01-02 00:00:00+05:30,6.849999904632568,6.900000095367432,6.449999809265137,6.75,60139,0.0,0.0
2020-01-03 00:00:00+05:30,6.800000190734863,7.050000190734863,6.599999904632568,6.75,32474,0.0,0.0
2020-01-06 00:00:00+05:30,6.599999904632568,6.75,6.5,6.599999904632568,21171,0.0,0.0
2020-01-07 00:00:00+05:30,6.550000190734863,6.900000095367432,6.550000190734863,6.900000095367432,20719,0.0,0.0
2020-01-08 00:00:00+05:30,7.150000095367432,7.199999809265137,7.0,7.199999809265137,55918,0.0,0.0
2020-01-09 00:00:00+05:30,7.099999904632568,7.449999809265137,7.099999904632568,7.400000095367432,23975,0.0,0.0
2020-01-10 00:00:00+05:30,7.150000095367432,7.599999904632568,7.150000095367432,7.25,22050,0.0,0.0
2020-01-13 00:00:00+05:30,7.150000095367432,7.400000095367432,7.050000190734863,7.349999904632568,38049,0.0,0.0
2020-01-14 00:00:00+05:30,7.5,7.599999904632568,7.099999904632568,7.199999809265137,31250,0.0,0.0
2020-01-15 00:00:00+05:30,7.050000190734863,7.349999904632568,7.050000190734863,7.25,14064,0.0,0.0
2020-01-16 00:00:00+05:30,7.25,7.599999904632568,7.050000190734863,7.599999904632568,28766,0.0,0.0
2020-01-17 00:00:00+05:30,7.800000190734863,7.949999809265137,7.699999809265137,7.949999809265137,25471,0.0,0.0
2020-01-20 00:00:00+05:30,8.25,8.25,7.599999904632568,8.0,19897,0.0,0.0
2020-01-21 00:00:00+05:30,7.800000190734863,8.199999809265137,7.800000190734863,7.949999809265137,84710,0.0,0.0
2020-01-22 00:00:00+05:30,7.949999809265137,8.0,7.650000095367432,7.699999809265137,10589,0.0,0.0
2020-01-23 00:00:00+05:30,7.800000190734863,8.0,7.550000190734863,7.599999904632568,9008,0.0,0.0
2020-01-24 00:00:00+05:30,7.949999809265137,7.949999809265137,7.699999809265137,7.949999809265137,16361,0.0,0.0
2020-01-27 00:00:00+05:30,8.25,8.300000190734863,7.699999809265137,8.199999809265137,33051,0.0,0.0
2020-01-28 00:00:00+05:30,8.5,8.5,7.800000190734863,7.900000095367432,4295,0.0,0.0
2020-01-29 00:00:00+05:30,7.949999809265137,8.25,7.900000095367432,8.100000381469727,21626,0.0,0.0
2020-01-30 00:00:00+05:30,8.100000381469727,8.25,7.900000095367432,8.149999618530273,4937,0.0,0.0
2020-01-31 00:00:00+05:30,8.0,8.199999809265137,7.849999904632568,8.0,19279,0.0,0.0
2020-02-03 00:00:00+05:30,7.599999904632568,7.900000095367432,7.550000190734863,7.550000190734863,29839,0.0,0.0
2020-02-04 00:00:00+05:30,7.349999904632568,7.75,7.300000190734863,7.75,34572,0.0,0.0
2020-02-05 00:00:00+05:30,7.949999809265137,7.949999809265137,7.400000095367432,7.449999809265137,5588,0.0,0.0
2020-02-06 00:00:00+05:30,7.5,7.699999809265137,7.400000095367432,7.650000095367432,7224,0.0,0.0
2020-02-07 00:00:00+05:30,7.550000190734863,7.800000190734863,7.400000095367432,7.5,1537,0.0,0.0
2020-02-10 00:00:00+05:30,7.25,7.699999809265137,7.25,7.400000095367432,5937,0.0,0.0
2020-02-11 00:00:00+05:30,7.25,7.550000190734863,7.050000190734863,7.099999904632568,4310,0.0,0.0
2020-02-12 00:00:00+05:30,7.300000190734863,7.300000190734863,6.849999904632568,6.949999809265137,7366,0.0,0.0
2020-02-13 00:00:00+05:30,6.949999809265137,7.199999809265137,6.800000190734863,7.099999904632568,10399,0.0,0.0
2020-02-14 00:00:00+05:30,7.099999904632568,7.099999904632568,6.75,6.849999904632568,14778,0.0,0.0
2020-02-17 00:00:00+05:30,6.800000190734863,6.949999809265137,6.599999904632568,6.75,7791,0.0,0.0
2020-02-18 00:00:00+05:30,6.599999904632568,6.75,6.449999809265137,6.5,9485,0.0,0.0
2020-02-19 00:00:00+05:30,6.699999809265137,6.699999809265137,6.25,6.650000095367432,10655,0.0,0.0
2020-02-20 00:00:00+05:30,6.800000190734863,6.800000190734863,6.349999904632568,6.550000190734863,6714,0.0,0.0
2020-02-24 00:00:00+05:30,6.300000190734863,6.5,6.300000190734863,6.400000095367432,2180,0.0,0.0
2020-02-25 00:00:00+05:30,6.199999809265137,6.650000095367432,6.199999809265137,6.300000190734863,4564,0.0,0.0
2020-02-26 00:00:00+05:30,6.199999809265137,6.599999904632568,6.150000095367432,6.199999809265137,9814,0.0,0.0
2020-02-27 00:00:00+05:30,6.0,6.099999904632568,5.900000095367432,5.900000095367432,16093,0.0,0.0
2020-02-28 00:00:00+05:30,5.650000095367432,6.0,5.650000095367432,5.699999809265137,15422,0.0,0.0
2020-03-02 00:00:00+05:30,5.949999809265137,5.949999809265137,5.650000095367432,5.75,25945,0.0,0.0
2020-03-03 00:00:00+05:30,5.800000190734863,5.800000190734863,5.5,5.5,8631,0.0,0.0
2020-03-04 00:00:00+05:30,5.349999904632568,5.449999809265137,5.25,5.25,18856,0.0,0.0
2020-03-05 00:00:00+05:30,5.449999809265137,5.5,5.400000095367432,5.449999809265137,2430,0.0,0.0
2020-03-06 00:00:00+05:30,5.25,5.650000095367432,5.199999809265137,5.25,36483,0.0,0.0
2020-03-09 00:00:00+05:30,5.25,5.449999809265137,5.0,5.0,16022,0.0,0.0
2020-03-11 00:00:00+05:30,4.900000095367432,5.25,4.800000190734863,5.199999809265137,10327,0.0,0.0
2020-03-12 00:00:00+05:30,5.199999809265137,5.25,4.949999809265137,4.949999809265137,10994,0.0,0.0
2020-03-13 00:00:00+05:30,4.75,5.150000095367432,4.75,4.75,29563,0.0,0.0
2020-03-16 00:00:00+05:30,4.550000190734863,4.949999809265137,4.550000190734863,4.550000190734863,23321,0.0,0.0
2020-03-17 00:00:00+05:30,4.349999904632568,4.550000190734863,4.349999904632568,4.349999904632568,10895,0.0,0.0
2020-03-18 00:00:00+05:30,4.349999904632568,4.550000190734863,4.150000095367432,4.150000095367432,16203,0.0,0.0
2020-03-19 00:00:00+05:30,4.0,4.150000095367432,3.950000047683716,3.950000047683716,6708,0.0,0.0
2020-03-20 00:00:00+05:30,3.9000000953674316,4.099999904632568,3.9000000953674316,4.099999904632568,2771,0.0,0.0
2020-03-23 00:00:00+05:30,4.099999904632568,4.099999904632568,3.9000000953674316,3.9000000953674316,1818,0.0,0.0
2020-03-24 00:00:00+05:30,3.75,3.950000047683716,3.75,3.75,5617,0.0,0.0
2020-03-25 00:00:00+05:30,3.6500000953674316,3.6500000953674316,3.5999999046325684,3.5999999046325684,5604,0.0,0.0
2020-03-26 00:00:00+05:30,3.549999952316284,3.75,3.549999952316284,3.75,7038,0.0,0.0
2020-03-27 00:00:00+05:30,3.700000047683716,3.9000000953674316,3.700000047683716,3.9000000953674316,8397,0.0,0.0
2020-03-30 00:00:00+05:30,4.050000190734863,4.050000190734863,3.75,4.050000190734863,8209,0.0,0.0
2020-03-31 00:00:00+05:30,4.099999904632568,4.25,4.099999904632568,4.25,6201,0.0,0.0
2020-04-01 00:00:00+05:30,4.449999809265137,4.449999809265137,4.449999809265137,4.449999809265137,4183,0.0,0.0
2020-04-03 00:00:00+05:30,4.650000095367432,4.650000095367432,4.650000095367432,4.650000095367432,1540,0.0,0.0
2020-04-07 00:00:00+05:30,4.849999904632568,4.849999904632568,4.849999904632568,4.849999904632568,631,0.0,0.0
2020-04-08 00:00:00+05:30,5.050000190734863,5.050000190734863,5.050000190734863,5.050000190734863,2058,0.0,0.0
2020-04-09 00:00:00+05:30,5.300000190734863,5.300000190734863,5.300000190734863,5.300000190734863,4723,0.0,0.0
2020-04-13 00:00:00+05:30,5.550000190734863,5.550000190734863,5.550000190734863,5.550000190734863,15718,0.0,0.0
2020-04-15 00:00:00+05:30,5.800000190734863,5.800000190734863,5.800000190734863,5.800000190734863,13706,0.0,0.0
2020-04-16 00:00:00+05:30,6.050000190734863,6.050000190734863,5.550000190734863,6.0,54708,0.0,0.0
2020-04-17 00:00:00+05:30,6.300000190734863,6.300000190734863,5.699999809265137,5.949999809265137,28456,0.0,0.0
2020-04-20 00:00:00+05:30,5.699999809265137,6.199999809265137,5.699999809265137,6.099999904632568,34108,0.0,0.0
2020-04-21 00:00:00+05:30,6.400000095367432,6.400000095367432,6.199999809265137,6.400000095367432,26807,0.0,0.0
2020-04-22 00:00:00+05:30,6.699999809265137,6.699999809265137,6.199999809265137,6.550000190734863,23892,0.0,0.0
2020-04-23 00:00:00+05:30,6.5,6.699999809265137,6.25,6.300000190734863,36822,0.0,0.0
2020-04-24 00:00:00+05:30,6.0,6.400000095367432,6.0,6.050000190734863,19898,0.0,0.0
2020-04-27 00:00:00+05:30,6.0,6.050000190734863,5.75,5.75,25243,0.0,0.0
2020-04-28 00:00:00+05:30,5.650000095367432,5.849999904632568,5.5,5.5,39340,0.0,0.0
2020-04-29 00:00:00+05:30,5.5,5.5,5.300000190734863,5.5,11625,0.0,0.0
2020-04-30 00:00:00+05:30,5.5,5.550000190734863,5.349999904632568,5.400000095367432,8555,0.0,0.0
2020-05-04 00:00:00+05:30,5.599999904632568,5.599999904632568,5.199999809265137,5.400000095367432,7169,0.0,0.0
2020-05-05 00:00:00+05:30,5.650000095367432,5.650000095367432,5.150000095367432,5.449999809265137,4315,0.0,0.0
2020-05-06 00:00:00+05:30,5.550000190734863,5.599999904632568,5.199999809265137,5.449999809265137,17416,0.0,0.0
2020-05-07 00:00:00+05:30,5.25,5.5,5.199999809265137,5.199999809265137,12718,0.0,0.0
2020-05-08 00:00:00+05:30,5.300000190734863,5.400000095367432,5.0,5.050000190734863,15283,0.0,0.0
2020-05-11 00:00:00+05:30,4.900000095367432,5.150000095367432,4.900000095367432,5.0,11832,0.0,0.0
2020-05-12 00:00:00+05:30,5.0,5.25,4.900000095367432,5.25,29140,0.0,0.0
2020-05-13 00:00:00+05:30,5.5,5.5,5.0,5.300000190734863,63913,0.0,0.0
2020-05-14 00:00:00+05:30,5.449999809265137,5.5,5.150000095367432,5.300000190734863,7960,0.0,0.0
2020-05-15 00:00:00+05:30,5.199999809265137,5.400000095367432,5.199999809265137,5.349999904632568,8482,0.0,0.0
2020-05-18 00:00:00+05:30,5.599999904632568,5.599999904632568,5.099999904632568,5.099999904632568,10259,0.0,0.0
2020-05-19 00:00:00+05:30,5.300000190734863,5.300000190734863,4.900000095367432,5.0,15387,0.0,0.0
2020-05-20 00:00:00+05:30,5.0,5.099999904632568,4.849999904632568,4.949999809265137,9400,0.0,0.0
2020-05-21 00:00:00+05:30,5.150000095367432,5.150000095367432,5.0,5.150000095367432,3573,0.0,0.0
2020-05-22 00:00:00+05:30,5.050000190734863,5.349999904632568,4.900000095367432,5.099999904632568,21014,0.0,0.0
2020-05-26 00:00:00+05:30,5.150000095367432,5.150000095367432,4.900000095367432,4.900000095367432,7219,0.0,0.0
2020-05-27 00:00:00+05:30,5.0,5.099999904632568,4.849999904632568,5.099999904632568,24986,0.0,0.0
2020-05-28 00:00:00+05:30,5.050000190734863,5.349999904632568,4.949999809265137,5.0,39849,0.0,0.0
2020-05-29 00:00:00+05:30,5.099999904632568,5.25,4.900000095367432,5.25,31076,0.0,0.0
2020-06-01 00:00:00+05:30,5.449999809265137,5.5,5.449999809265137,5.5,20477,0.0,0.0
2020-06-02 00:00:00+05:30,5.75,5.75,5.650000095367432,5.699999809265137,32280,0.0,0.0
2020-06-03 00:00:00+05:30,5.949999809265137,5.949999809265137,5.699999809265137,5.949999809265137,27190,0.0,0.0
2020-06-04 00:00:00+05:30,5.949999809265137,6.199999809265137,5.949999809265137,6.199999809265137,51628,0.0,0.0
2020-06-05 00:00:00+05:30,6.5,6.5,6.199999809265137,6.5,14060,0.0,0.0
2020-06-08 00:00:00+05:30,6.800000190734863,6.800000190734863,6.800000190734863,6.800000190734863,9359,0.0,0.0
2020-06-09 00:00:00+05:30,7.050000190734863,7.099999904632568,6.5,6.949999809265137,94670,0.0,0.0
2020-06-10 00:00:00+05:30,7.25,7.25,6.849999904632568,7.25,51018,0.0,0.0
2020-06-11 00:00:00+05:30,7.599999904632568,7.599999904632568,7.599999904632568,7.599999904632568,39976,0.0,0.0
2020-06-12 00:00:00+05:30,7.550000190734863,7.949999809265137,7.25,7.949999809265137,88154,0.0,0.0
2020-06-15 00:00:00+05:30,8.300000190734863,8.300000190734863,8.0,8.25,61217,0.0,0.0
2020-06-16 00:00:00+05:30,8.600000381469727,8.649999618530273,7.849999904632568,8.25,74834,0.0,0.0
2020-06-17 00:00:00+05:30,7.849999904632568,8.649999618530273,7.849999904632568,8.0,51025,0.0,0.0
2020-06-18 00:00:00+05:30,8.350000381469727,8.350000381469727,7.599999904632568,8.050000190734863,20662,0.0,0.0
2020-06-19 00:00:00+05:30,8.100000381469727,8.449999809265137,7.699999809265137,8.25,33056,0.0,0.0
2020-06-22 00:00:00+05:30,8.050000190734863,8.25,7.849999904632568,8.199999809265137,23152,0.0,0.0
2020-06-23 00:00:00+05:30,8.0,8.300000190734863,7.800000190734863,8.0,26619,0.0,0.0
2020-06-24 00:00:00+05:30,8.399999618530273,8.399999618530273,7.599999904632568,7.949999809265137,15121,0.0,0.0
2020-06-25 00:00:00+05:30,7.900000095367432,8.0,7.599999904632568,8.0,5362,0.0,0.0
2020-06-26 00:00:00+05:30,7.599999904632568,8.0,7.599999904632568,7.75,24456,0.0,0.0
2020-06-29 00:00:00+05:30,7.949999809265137,7.949999809265137,7.400000095367432,7.400000095367432,43376,0.0,0.0
2020-06-30 00:00:00+05:30,7.300000190734863,7.300000190734863,7.050000190734863,7.050000190734863,31411,0.0,0.0
2020-07-01 00:00:00+05:30,7.300000190734863,7.300000190734863,6.699999809265137,6.75,9539,0.0,0.0
2020-07-02 00:00:00+05:30,6.650000095367432,6.949999809265137,6.650000095367432,6.75,12353,0.0,0.0
2020-07-03 00:00:00+05:30,6.650000095367432,7.050000190734863,6.449999809265137,6.949999809265137,56559,0.0,0.0
2020-07-06 00:00:00+05:30,6.949999809265137,7.25,6.949999809265137,7.25,5123,0.0,0.0
2020-07-07 00:00:00+05:30,7.599999904632568,7.599999904632568,7.5,7.550000190734863,25861,0.0,0.0
2020-07-08 00:00:00+05:30,7.849999904632568,7.900000095367432,7.199999809265137,7.25,25106,0.0,0.0
2020-07-09 00:00:00+05:30,7.199999809265137,7.5,7.0,7.5,5313,0.0,0.0
2020-07-10 00:00:00+05:30,7.5,7.5,7.150000095367432,7.150000095367432,3056,0.0,0.0
2020-07-13 00:00:00+05:30,7.050000190734863,7.349999904632568,6.800000190734863,7.199999809265137,8049,0.0,0.0
2020-07-14 00:00:00+05:30,7.349999904632568,7.349999904632568,6.900000095367432,7.25,9369,0.0,0.0
2020-07-15 00:00:00+05:30,7.150000095367432,7.349999904632568,6.900000095367432,6.900000095367432,20543,0.0,0.0
2020-07-16 00:00:00+05:30,7.099999904632568,7.199999809265137,6.900000095367432,6.900000095367432,5641,0.0,0.0
2020-07-17 00:00:00+05:30,6.75,7.050000190734863,6.599999904632568,7.0,4318,0.0,0.0
2020-07-20 00:00:00+05:30,7.0,7.0,6.699999809265137,6.699999809265137,6511,0.0,0.0
2020-07-21 00:00:00+05:30,7.0,7.0,6.599999904632568,6.900000095367432,3050,0.0,0.0
2020-07-22 00:00:00+05:30,6.800000190734863,7.0,6.599999904632568,7.0,27716,0.0,0.0
2020-07-23 00:00:00+05:30,6.900000095367432,6.900000095367432,6.650000095367432,6.849999904632568,5339,0.0,0.0
2020-07-24 00:00:00+05:30,6.699999809265137,6.849999904632568,6.650000095367432,6.849999904632568,24997,0.0,0.0
2020-07-27 00:00:00+05:30,6.849999904632568,6.949999809265137,6.550000190734863,6.599999904632568,7484,0.0,0.0
2020-07-28 00:00:00+05:30,6.5,6.849999904632568,6.400000095367432,6.400000095367432,8030,0.0,0.0
2020-07-29 00:00:00+05:30,6.400000095367432,6.650000095367432,6.199999809265137,6.400000095367432,4000,0.0,0.0
2020-07-30 00:00:00+05:30,6.400000095367432,6.699999809265137,6.300000190734863,6.5,4136,0.0,0.0
2020-07-31 00:00:00+05:30,6.349999904632568,6.5,6.199999809265137,6.199999809265137,6028,0.0,0.0
2020-08-03 00:00:00+05:30,6.050000190734863,6.5,6.0,6.5,5343,0.0,0.0
2020-08-04 00:00:00+05:30,6.800000190734863,6.800000190734863,6.550000190734863,6.800000190734863,17974,0.0,0.0
2020-08-05 00:00:00+05:30,7.0,7.0,6.5,6.650000095367432,3225,0.0,0.0
2020-08-06 00:00:00+05:30,6.949999809265137,6.949999809265137,6.5,6.550000190734863,2027,0.0,0.0
2020-08-07 00:00:00+05:30,6.849999904632568,6.849999904632568,6.5,6.849999904632568,16889,0.0,0.0
2020-08-10 00:00:00+05:30,6.949999809265137,7.150000095367432,6.550000190734863,7.0,22495,0.0,0.0
2020-08-11 00:00:00+05:30,7.300000190734863,7.349999904632568,7.0,7.349999904632568,24325,0.0,0.0
2020-08-12 00:00:00+05:30,7.699999809265137,7.699999809265137,7.0,7.25,10697,0.0,0.0
2020-08-13 00:00:00+05:30,7.199999809265137,7.5,7.0,7.5,7510,0.0,0.0
2020-08-14 00:00:00+05:30,7.5,7.849999904632568,7.5,7.800000190734863,39556,0.0,0.0
2020-08-17 00:00:00+05:30,7.949999809265137,8.149999618530273,7.599999904632568,8.050000190734863,17031,0.0,0.0
2020-08-18 00:00:00+05:30,8.100000381469727,8.449999809265137,7.800000190734863,8.449999809265137,46537,0.0,0.0
2020-08-19 00:00:00+05:30,8.600000381469727,8.649999618530273,8.050000190734863,8.600000381469727,70739,0.0,0.0
2020-08-20 00:00:00+05:30,8.300000190734863,9.0,8.300000190734863,8.449999809265137,148493,0.0,0.0
2020-08-21 00:00:00+05:30,8.649999618530273,8.699999809265137,8.300000190734863,8.600000381469727,38948,0.0,0.0
2020-08-24 00:00:00+05:30,8.699999809265137,9.0,8.550000190734863,8.949999809265137,49388,0.0,0.0
2020-08-25 00:00:00+05:30,9.0,9.350000381469727,8.75,9.0,33482,0.0,0.0
2020-08-26 00:00:00+05:30,9.199999809265137,9.199999809265137,8.800000190734863,8.949999809265137,25421,0.0,0.0
2020-08-27 00:00:00+05:30,9.100000381469727,9.350000381469727,8.800000190734863,9.0,20959,0.0,0.0
2020-08-28 00:00:00+05:30,8.75,9.0,8.649999618530273,8.649999618530273,6923,0.0,0.0
2020-08-31 00:00:00+05:30,8.649999618530273,9.050000190734863,8.25,8.300000190734863,57232,0.0,0.0
2020-09-01 00:00:00+05:30,8.449999809265137,8.699999809265137,8.0,8.699999809265137,8722,0.0,0.0
2020-09-02 00:00:00+05:30,8.699999809265137,9.100000381469727,8.550000190734863,8.550000190734863,25764,0.0,0.0
2020-09-03 00:00:00+05:30,8.75,8.949999809265137,8.550000190734863,8.600000381469727,8230,0.0,0.0
2020-09-04 00:00:00+05:30,8.899999618530273,8.949999809265137,8.649999618530273,8.649999618530273,22671,0.0,0.0
2020-09-07 00:00:00+05:30,8.649999618530273,8.649999618530273,8.25,8.350000381469727,30458,0.0,0.0
2020-09-08 00:00:00+05:30,8.350000381469727,8.449999809265137,7.949999809265137,8.100000381469727,4517,0.0,0.0
2020-09-09 00:00:00+05:30,7.800000190734863,8.149999618530273,7.699999809265137,7.949999809265137,8611,0.0,0.0
2020-09-10 00:00:00+05:30,7.949999809265137,8.300000190734863,7.599999904632568,7.650000095367432,11506,0.0,0.0
2020-09-11 00:00:00+05:30,7.75,7.75,7.300000190734863,7.349999904632568,17126,0.0,0.0
2020-09-14 00:00:00+05:30,7.5,7.650000095367432,7.0,7.050000190734863,5417,0.0,0.0
2020-09-15 00:00:00+05:30,7.25,7.349999904632568,6.699999809265137,6.900000095367432,18615,0.0,0.0
2020-09-16 00:00:00+05:30,7.050000190734863,7.199999809265137,6.699999809265137,6.849999904632568,7432,0.0,0.0
2020-09-17 00:00:00+05:30,6.949999809265137,7.099999904632568,6.650000095367432,6.800000190734863,7548,0.0,0.0
2020-09-18 00:00:00+05:30,6.800000190734863,6.949999809265137,6.599999904632568,6.949999809265137,13923,0.0,0.0
2020-09-21 00:00:00+05:30,6.650000095367432,6.949999809265137,6.650000095367432,6.650000095367432,17658,0.0,0.0
2020-09-22 00:00:00+05:30,6.349999904632568,6.900000095367432,6.349999904632568,6.400000095367432,4523,0.0,0.0
2020-09-23 00:00:00+05:30,6.349999904632568,6.699999809265137,6.199999809265137,6.300000190734863,5095,0.0,0.0
2020-09-24 00:00:00+05:30,6.099999904632568,6.5,6.099999904632568,6.5,537,0.0,0.0
2020-09-25 00:00:00+05:30,6.5,6.800000190734863,6.199999809265137,6.550000190734863,10911,0.0,0.0
2020-09-28 00:00:00+05:30,6.650000095367432,6.849999904632568,6.449999809265137,6.5,6374,0.0,0.0
2020-09-29 00:00:00+05:30,6.5,6.75,6.449999809265137,6.699999809265137,3434,0.0,0.0
2020-09-30 00:00:00+05:30,6.5,6.800000190734863,6.400000095367432,6.5,2438,0.0,0.0
2020-10-01 00:00:00+05:30,6.5,6.800000190734863,6.300000190734863,6.5,5380,0.0,0.0
2020-10-05 00:00:00+05:30,6.599999904632568,6.800000190734863,6.199999809265137,6.800000190734863,8576,0.0,0.0
2020-10-06 00:00:00+05:30,7.0,7.0,6.550000190734863,6.949999809265137,5905,0.0,0.0
2020-10-07 00:00:00+05:30,6.949999809265137,7.25,6.699999809265137,6.849999904632568,9998,0.0,0.0
2020-10-08 00:00:00+05:30,7.0,7.0,6.550000190734863,6.599999904632568,1177,0.0,0.0
2020-10-09 00:00:00+05:30,6.5,6.800000190734863,6.400000095367432,6.5,3790,0.0,0.0
2020-10-12 00:00:00+05:30,6.550000190734863,6.599999904632568,6.400000095367432,6.400000095367432,4927,0.0,0.0
2020-10-13 00:00:00+05:30,6.400000095367432,6.699999809265137,6.300000190734863,6.550000190734863,3681,0.0,0.0
2020-10-14 00:00:00+05:30,6.550000190734863,6.550000190734863,6.25,6.5,1073,0.0,0.0
2020-10-15 00:00:00+05:30,6.449999809265137,6.449999809265137,6.199999809265137,6.25,9761,0.0,0.0
2020-10-16 00:00:00+05:30,6.5,6.5,5.949999809265137,6.099999904632568,7926,0.0,0.0
2020-10-19 00:00:00+05:30,6.050000190734863,6.400000095367432,6.050000190734863,6.199999809265137,3220,0.0,0.0
2020-10-20 00:00:00+05:30,6.349999904632568,6.5,6.25,6.300000190734863,2254,0.0,0.0
2020-10-21 00:00:00+05:30,6.349999904632568,6.599999904632568,6.300000190734863,6.550000190734863,3769,0.0,0.0
2020-10-22 00:00:00+05:30,6.75,6.75,6.300000190734863,6.300000190734863,15139,0.0,0.0
2020-10-23 00:00:00+05:30,6.5,6.5,6.199999809265137,6.449999809265137,11215,0.0,0.0
2020-10-26 00:00:00+05:30,6.25,6.449999809265137,6.199999809265137,6.199999809265137,5384,0.0,0.0
2020-10-27 00:00:00+05:30,6.300000190734863,6.300000190734863,6.25,6.25,3700,0.0,0.0
2020-10-28 00:00:00+05:30,6.25,6.300000190734863,6.050000190734863,6.199999809265137,7030,0.0,0.0
2020-10-29 00:00:00+05:30,6.400000095367432,6.449999809265137,6.150000095367432,6.300000190734863,4598,0.0,0.0
2020-10-30 00:00:00+05:30,6.25,6.400000095367432,6.0,6.0,35319,0.0,0.0
2020-11-02 00:00:00+05:30,5.849999904632568,5.900000095367432,5.699999809265137,5.849999904632568,7872,0.0,0.0
2020-11-03 00:00:00+05:30,5.699999809265137,6.0,5.699999809265137,5.75,4466,0.0,0.0
2020-11-04 00:00:00+05:30,6.0,6.0,5.550000190734863,5.900000095367432,28000,0.0,0.0
2020-11-05 00:00:00+05:30,5.900000095367432,6.150000095367432,5.75,6.150000095367432,22403,0.0,0.0
2020-11-06 00:00:00+05:30,6.449999809265137,6.449999809265137,6.050000190734863,6.349999904632568,15205,0.0,0.0
2020-11-09 00:00:00+05:30,6.400000095367432,6.449999809265137,6.050000190734863,6.199999809265137,19619,0.0,0.0
2020-11-10 00:00:00+05:30,6.099999904632568,6.300000190734863,6.050000190734863,6.099999904632568,4141,0.0,0.0
2020-11-11 00:00:00+05:30,5.949999809265137,6.300000190734863,5.900000095367432,5.900000095367432,4126,0.0,0.0
2020-11-12 00:00:00+05:30,5.900000095367432,6.099999904632568,5.699999809265137,5.800000190734863,6672,0.0,0.0
2020-11-13 00:00:00+05:30,5.949999809265137,5.949999809265137,5.550000190734863,5.75,10238,0.0,0.0
2020-11-14 00:00:00+05:30,5.849999904632568,5.849999904632568,5.5,5.5,14167,0.0,0.0
2020-11-17 00:00:00+05:30,5.550000190734863,5.75,5.5,5.650000095367432,19887,0.0,0.0
2020-11-18 00:00:00+05:30,5.800000190734863,5.849999904632568,5.5,5.599999904632568,31986,0.0,0.0
2020-11-19 00:00:00+05:30,5.550000190734863,5.849999904632568,5.5,5.849999904632568,37864,0.0,0.0
2020-11-20 00:00:00+05:30,5.849999904632568,6.099999904632568,5.650000095367432,6.050000190734863,28151,0.0,0.0
2020-11-23 00:00:00+05:30,6.300000190734863,6.300000190734863,5.800000190734863,6.050000190734863,28093,0.0,0.0
2020-11-24 00:00:00+05:30,6.199999809265137,6.25,5.800000190734863,6.050000190734863,17183,0.0,0.0
2020-11-25 00:00:00+05:30,6.300000190734863,6.300000190734863,5.800000190734863,5.849999904632568,28076,0.0,0.0
2020-11-26 00:00:00+05:30,5.900000095367432,6.099999904632568,5.900000095367432,6.099999904632568,14342,0.0,0.0
2020-11-27 00:00:00+05:30,6.349999904632568,6.349999904632568,5.849999904632568,6.099999904632568,17555,0.0,0.0
2020-12-01 00:00:00+05:30,5.900000095367432,6.300000190734863,5.849999904632568,6.050000190734863,37752,0.0,0.0
2020-12-02 00:00:00+05:30,6.300000190734863,6.300000190734863,5.800000190734863,6.050000190734863,30097,0.0,0.0
2020-12-03 00:00:00+05:30,5.849999904632568,6.349999904632568,5.800000190734863,6.199999809265137,53086,0.0,0.0
2020-12-04 00:00:00+05:30,6.199999809265137,6.300000190734863,6.0,6.099999904632568,11707,0.0,0.0
2020-12-07 00:00:00+05:30,6.5,6.599999904632568,6.150000095367432,6.349999904632568,40277,0.0,0.0
2020-12-08 00:00:00+05:30,6.599999904632568,6.949999809265137,6.150000095367432,6.800000190734863,72255,0.0,0.0
2020-12-09 00:00:00+05:30,6.949999809265137,7.449999809265137,6.949999809265137,7.449999809265137,71224,0.0,0.0
2020-12-10 00:00:00+05:30,7.949999809265137,8.149999618530273,6.800000190734863,8.149999618530273,118619,0.0,0.0
2020-12-11 00:00:00+05:30,8.399999618530273,8.399999618530273,7.800000190734863,7.849999904632568,49817,0.0,0.0
2020-12-14 00:00:00+05:30,7.800000190734863,8.199999809265137,7.550000190734863,8.199999809265137,38231,0.0,0.0
2020-12-15 00:00:00+05:30,8.300000190734863,8.600000381469727,8.199999809265137,8.600000381469727,76316,0.0,0.0
2020-12-16 00:00:00+05:30,9.0,9.0,8.600000381469727,9.0,59626,0.0,0.0
2020-12-17 00:00:00+05:30,9.399999618530273,9.449999809265137,8.899999618530273,9.100000381469727,75909,0.0,0.0
2020-12-18 00:00:00+05:30,9.25,9.25,8.649999618530273,8.649999618530273,31594,0.0,0.0
2020-12-21 00:00:00+05:30,8.649999618530273,8.649999618530273,8.25,8.25,36001,0.0,0.0
2020-12-22 00:00:00+05:30,7.849999904632568,8.0,7.849999904632568,7.900000095367432,53648,0.0,0.0
2020-12-23 00:00:00+05:30,8.0,8.199999809265137,7.599999904632568,8.050000190734863,33658,0.0,0.0
2020-12-24 00:00:00+05:30,8.0,8.199999809265137,7.800000190734863,7.900000095367432,19147,0.0,0.0
2020-12-28 00:00:00+05:30,7.599999904632568,8.0,7.599999904632568,7.699999809265137,21539,0.0,0.0
2020-12-29 00:00:00+05:30,7.900000095367432,7.900000095367432,7.400000095367432,7.650000095367432,16266,0.0,0.0
2020-12-30 00:00:00+05:30,7.449999809265137,7.650000095367432,7.349999904632568,7.400000095367432,13588,0.0,0.0
2020-12-31 00:00:00+05:30,7.400000095367432,7.75,7.400000095367432,7.599999904632568,14609,0.0,0.0
2021-01-01 00:00:00+05:30,7.900000095367432,7.949999809265137,7.599999904632568,7.900000095367432,27507,0.0,0.0
2021-01-04 00:00:00+05:30,8.199999809265137,8.199999809265137,7.550000190734863,8.0,47013,0.0,0.0
2021-01-05 00:00:00+05:30,7.849999904632568,7.949999809265137,7.650000095367432,7.75,11383,0.0,0.0
2021-01-06 00:00:00+05:30,8.0,8.100000381469727,7.699999809265137,8.0,35653,0.0,0.0
2021-01-07 00:00:00+05:30,8.050000190734863,8.399999618530273,7.800000190734863,8.399999618530273,34044,0.0,0.0
2021-01-08 00:00:00+05:30,8.399999618530273,8.800000190734863,8.199999809265137,8.300000190734863,29796,0.0,0.0
2021-01-11 00:00:00+05:30,8.649999618530273,8.649999618530273,8.0,8.199999809265137,11213,0.0,0.0
2021-01-12 00:00:00+05:30,8.300000190734863,8.550000190734863,8.050000190734863,8.25,3591,0.0,0.0
2021-01-13 00:00:00+05:30,8.050000190734863,8.25,8.050000190734863,8.050000190734863,23209,0.0,0.0
2021-01-14 00:00:00+05:30,8.050000190734863,8.100000381469727,7.75,8.0,4266,0.0,0.0
2021-01-15 00:00:00+05:30,7.75,8.350000381469727,7.75,7.800000190734863,3221,0.0,0.0
2021-01-18 00:00:00+05:30,8.0,8.0,7.5,7.849999904632568,4460,0.0,0.0
2021-01-19 00:00:00+05:30,7.550000190734863,7.949999809265137,7.550000190734863,7.849999904632568,13963,0.0,0.0
2021-01-20 00:00:00+05:30,8.0,8.0,7.5,7.800000190734863,14345,0.0,0.0
2021-01-21 00:00:00+05:30,7.650000095367432,7.849999904632568,7.449999809265137,7.449999809265137,22638,0.0,0.0
2021-01-22 00:00:00+05:30,7.599999904632568,7.599999904632568,7.099999904632568,7.150000095367432,21412,0.0,0.0
2021-01-25 00:00:00+05:30,7.300000190734863,7.300000190734863,6.800000190734863,7.099999904632568,4772,0.0,0.0
2021-01-27 00:00:00+05:30,7.099999904632568,7.099999904632568,6.75,6.800000190734863,27974,0.0,0.0
2021-01-28 00:00:00+05:30,6.75,7.099999904632568,6.550000190734863,6.949999809265137,4955,0.0,0.0
2021-01-29 00:00:00+05:30,7.199999809265137,7.25,6.650000095367432,6.75,19007,0.0,0.0
2021-02-01 00:00:00+05:30,6.949999809265137,6.949999809265137,6.599999904632568,6.599999904632568,7167,0.0,0.0
2021-02-02 00:00:00+05:30,6.599999904632568,6.900000095367432,6.449999809265137,6.900000095367432,12698,0.0,0.0
2021-02-03 00:00:00+05:30,7.199999809265137,7.199999809265137,6.699999809265137,7.199999809265137,17079,0.0,0.0
2021-02-04 00:00:00+05:30,7.449999809265137,7.449999809265137,7.099999904632568,7.099999904632568,6937,0.0,0.0
2021-02-05 00:00:00+05:30,7.400000095367432,7.400000095367432,6.800000190734863,7.0,15035,0.0,0.0
2021-02-08 00:00:00+05:30,7.349999904632568,7.349999904632568,6.650000095367432,6.900000095367432,46049,0.0,0.0
2021-02-09 00:00:00+05:30,6.699999809265137,7.0,6.699999809265137,6.900000095367432,12467,0.0,0.0
2021-02-10 00:00:00+05:30,6.650000095367432,7.199999809265137,6.650000095367432,6.949999809265137,48938,0.0,0.0
2021-02-11 00:00:00+05:30,6.75,7.199999809265137,6.75,7.099999904632568,9993,0.0,0.0
2021-02-12 00:00:00+05:30,7.099999904632568,7.449999809265137,6.800000190734863,7.099999904632568,22416,0.0,0.0
2021-02-15 00:00:00+05:30,7.400000095367432,7.400000095367432,6.75,6.800000190734863,53035,0.0,0.0
2021-02-16 00:00:00+05:30,6.650000095367432,7.0,6.5,6.550000190734863,51452,0.0,0.0
2021-02-17 00:00:00+05:30,6.400000095367432,6.849999904632568,6.400000095367432,6.849999904632568,11168,0.0,0.0
2021-02-18 00:00:00+05:30,6.949999809265137,7.150000095367432,6.650000095367432,7.099999904632568,41034,0.0,0.0
2021-02-19 00:00:00+05:30,7.349999904632568,7.400000095367432,6.900000095367432,7.0,21691,0.0,0.0
2021-02-22 00:00:00+05:30,7.0,7.0,6.650000095367432,6.650000095367432,35722,0.0,0.0
2021-02-23 00:00:00+05:30,6.800000190734863,6.949999809265137,6.5,6.849999904632568,28897,0.0,0.0
2021-02-24 00:00:00+05:30,6.800000190734863,7.099999904632568,6.599999904632568,6.849999904632568,2055,0.0,0.0
2021-02-25 00:00:00+05:30,6.949999809265137,7.099999904632568,6.650000095367432,7.0,16464,0.0,0.0
2021-02-26 00:00:00+05:30,6.699999809265137,7.150000095367432,6.699999809265137,7.0,143087,0.0,0.0
2021-03-01 00:00:00+05:30,7.300000190734863,7.300000190734863,6.650000095367432,6.800000190734863,48352,0.0,0.0
2021-03-02 00:00:00+05:30,6.949999809265137,7.099999904632568,6.699999809265137,7.0,62435,0.0,0.0
2021-03-03 00:00:00+05:30,7.199999809265137,7.349999904632568,7.0,7.349999904632568,56838,0.0,0.0
2021-03-04 00:00:00+05:30,7.5,7.699999809265137,7.449999809265137,7.699999809265137,60941,0.0,0.0
2021-03-05 00:00:00+05:30,8.050000190734863,8.050000190734863,8.050000190734863,8.050000190734863,42994,0.0,0.0
2021-03-08 00:00:00+05:30,8.449999809265137,8.449999809265137,8.449999809265137,8.449999809265137,51613,0.0,0.0
2021-03-09 00:00:00+05:30,8.800000190734863,8.850000381469727,8.149999618530273,8.350000381469727,172633,0.0,0.0
2021-03-10 00:00:00+05:30,8.350000381469727,8.649999618530273,8.050000190734863,8.100000381469727,32776,0.0,0.0
2021-03-12 00:00:00+05:30,8.100000381469727,8.5,7.75,7.949999809265137,72523,0.0,0.0
2021-03-15 00:00:00+05:30,7.75,8.25,7.699999809265137,7.800000190734863,40091,0.0,0.0
2021-03-16 00:00:00+05:30,7.949999809265137,8.149999618530273,7.650000095367432,7.900000095367432,33642,0.0,0.0
2021-03-17 00:00:00+05:30,8.25,8.25,7.550000190734863,7.550000190734863,55743,0.0,0.0
2021-03-18 00:00:00+05:30,7.650000095367432,7.800000190734863,7.199999809265137,7.199999809265137,49227,0.0,0.0
2021-03-19 00:00:00+05:30,6.900000095367432,7.449999809265137,6.849999904632568,7.150000095367432,38722,0.0,0.0
2021-03-22 00:00:00+05:30,6.849999904632568,7.349999904632568,6.849999904632568,6.949999809265137,14342,0.0,0.0
2021-03-23 00:00:00+05:30,7.25,7.25,6.949999809265137,7.050000190734863,32091,0.0,0.0
2021-03-24 00:00:00+05:30,7.199999809265137,7.199999809265137,6.699999809265137,6.699999809265137,36625,0.0,0.0
2021-03-25 00:00:00+05:30,6.699999809265137,6.900000095367432,6.400000095367432,6.449999809265137,126314,0.0,0.0
2021-03-26 00:00:00+05:30,6.699999809265137,6.75,6.5,6.75,10481,0.0,0.0
2021-03-30 00:00:00+05:30,7.0,7.050000190734863,6.599999904632568,6.800000190734863,19469,0.0,0.0
2021-03-31 00:00:00+05:30,7.0,7.099999904632568,6.699999809265137,7.099999904632568,18592,0.0,0.0
2021-04-01 00:00:00+05:30,7.449999809265137,7.449999809265137,7.449999809265137,7.449999809265137,15980,0.0,0.0
2021-04-05 00:00:00+05:30,7.699999809265137,7.800000190734863,7.5,7.800000190734863,61817,0.0,0.0
2021-04-06 00:00:00+05:30,8.050000190734863,8.149999618530273,7.449999809265137,7.650000095367432,66830,0.0,0.0
2021-04-07 00:00:00+05:30,7.800000190734863,7.800000190734863,7.300000190734863,7.400000095367432,23447,0.0,0.0
2021-04-08 00:00:00+05:30,7.400000095367432,7.75,7.400000095367432,7.650000095367432,33155,0.0,0.0
2021-04-09 00:00:00+05:30,7.800000190734863,7.949999809265137,7.550000190734863,7.650000095367432,13282,0.0,0.0
2021-04-12 00:00:00+05:30,7.650000095367432,7.650000095367432,7.300000190734863,7.300000190734863,20353,0.0,0.0
2021-04-13 00:00:00+05:30,7.150000095367432,7.650000095367432,7.050000190734863,7.300000190734863,22511,0.0,0.0
2021-04-15 00:00:00+05:30,7.25,7.650000095367432,7.25,7.650000095367432,22010,0.0,0.0
2021-04-16 00:00:00+05:30,7.650000095367432,8.0,7.650000095367432,8.0,46189,0.0,0.0
2021-04-19 00:00:00+05:30,7.900000095367432,7.900000095367432,7.599999904632568,7.599999904632568,47667,0.0,0.0
2021-04-20 00:00:00+05:30,7.400000095367432,7.75,7.300000190734863,7.550000190734863,13387,0.0,0.0
2021-04-22 00:00:00+05:30,7.75,7.900000095367432,7.300000190734863,7.900000095367432,22157,0.0,0.0
2021-04-23 00:00:00+05:30,7.699999809265137,8.25,7.699999809265137,8.199999809265137,50730,0.0,0.0
2021-04-26 00:00:00+05:30,8.399999618530273,8.600000381469727,8.350000381469727,8.600000381469727,89611,0.0,0.0
2021-04-27 00:00:00+05:30,8.850000381469727,9.0,8.199999809265137,8.399999618530273,71937,0.0,0.0
2021-04-28 00:00:00+05:30,8.649999618530273,8.800000190734863,8.0,8.800000190734863,59972,0.0,0.0
2021-04-29 00:00:00+05:30,9.199999809265137,9.199999809265137,8.399999618530273,8.800000190734863,84295,0.0,0.0
2021-04-30 00:00:00+05:30,8.800000190734863,9.199999809265137,8.75,9.199999809265137,102322,0.0,0.0
2021-05-03 00:00:00+05:30,9.649999618530273,9.649999618530273,9.5,9.649999618530273,43686,0.0,0.0
2021-05-04 00:00:00+05:30,10.100000381469727,10.100000381469727,10.100000381469727,10.100000381469727,58376,0.0,0.0
2021-05-05 00:00:00+05:30,10.600000381469727,10.600000381469727,10.199999809265137,10.600000381469727,93259,0.0,0.0
2021-05-06 00:00:00+05:30,10.949999809265137,11.100000381469727,10.100000381469727,10.199999809265137,206006,0.0,0.0
2021-05-07 00:00:00+05:30,10.5,10.699999809265137,10.5,10.649999618530273,95967,0.0,0.0
2021-05-10 00:00:00+05:30,10.75,11.149999618530273,10.649999618530273,11.149999618530273,57505,0.0,0.0
2021-05-11 00:00:00+05:30,11.699999809265137,11.699999809265137,11.699999809265137,11.699999809265137,25100,0.0,0.0
2021-05-12 00:00:00+05:30,12.25,12.25,12.25,12.25,87332,0.0,0.0
2021-05-14 00:00:00+05:30,12.850000381469727,12.850000381469727,12.850000381469727,12.850000381469727,260954,0.0,0.0
2021-05-17 00:00:00+05:30,13.449999809265137,13.449999809265137,13.449999809265137,13.449999809265137,53611,0.0,0.0
2021-05-18 00:00:00+05:30,14.100000381469727,14.100000381469727,14.100000381469727,14.100000381469727,12946,0.0,0.0
2021-05-19 00:00:00+05:30,14.800000190734863,14.800000190734863,14.800000190734863,14.800000190734863,13034,0.0,0.0
2021-05-20 00:00:00+05:30,15.5,15.5,15.5,15.5,20942,0.0,0.0
2021-05-21 00:00:00+05:30,14.75,15.399999618530273,14.75,14.75,61087,0.0,0.0
2021-05-24 00:00:00+05:30,14.050000190734863,14.050000190734863,14.050000190734863,14.050000190734863,40716,0.0,0.0
2021-05-25 00:00:00+05:30,13.350000381469727,13.350000381469727,13.350000381469727,13.350000381469727,28666,0.0,0.0
2021-05-26 00:00:00+05:30,12.699999809265137,13.850000381469727,12.699999809265137,12.75,207120,0.0,0.0
2021-05-27 00:00:00+05:30,12.699999809265137,13.350000381469727,12.449999809265137,13.25,56515,0.0,0.0
2021-05-28 00:00:00+05:30,13.649999618530273,13.899999618530273,13.25,13.899999618530273,62246,0.0,0.0
2021-05-31 00:00:00+05:30,13.649999618530273,14.550000190734863,13.25,14.5,114546,0.0,0.0
2021-06-01 00:00:00+05:30,15.100000381469727,15.100000381469727,13.800000190734863,13.800000190734863,89100,0.0,0.0
2021-06-02 00:00:00+05:30,14.0,14.449999809265137,13.75,14.25,57034,0.0,0.0
2021-06-03 00:00:00+05:30,14.949999809265137,14.949999809265137,14.300000190734863,14.949999809265137,91132,0.0,0.0
2021-06-04 00:00:00+05:30,14.949999809265137,15.649999618530273,14.949999809265137,15.649999618530273,108623,0.0,0.0
2021-06-07 00:00:00+05:30,16.0,16.399999618530273,14.899999618530273,16.399999618530273,108433,0.0,0.0
2021-06-08 00:00:00+05:30,17.200000762939453,17.200000762939453,17.200000762939453,17.200000762939453,75375,0.0,0.0
2021-06-09 00:00:00+05:30,18.049999237060547,18.049999237060547,18.049999237060547,18.049999237060547,28426,0.0,0.0
2021-06-10 00:00:00+05:30,18.950000762939453,18.950000762939453,18.950000762939453,18.950000762939453,37107,0.0,0.0
2021-06-11 00:00:00+05:30,19.850000381469727,19.850000381469727,19.850000381469727,19.850000381469727,60385,0.0,0.0
2021-06-14 00:00:00+05:30,20.799999237060547,20.799999237060547,20.799999237060547,20.799999237060547,334957,0.0,0.0
2021-06-15 00:00:00+05:30,21.799999237060547,21.799999237060547,21.799999237060547,21.799999237060547,34249,0.0,0.0
2021-06-16 00:00:00+05:30,22.850000381469727,22.850000381469727,20.75,22.850000381469727,367516,0.0,0.0
2021-06-17 00:00:00+05:30,23.450000762939453,23.950000762939453,21.850000381469727,23.950000762939453,146986,0.0,0.0
2021-06-18 00:00:00+05:30,25.100000381469727,25.100000381469727,23.0,25.100000381469727,399166,0.0,0.0
2021-06-21 00:00:00+05:30,25.5,26.350000381469727,23.850000381469727,26.350000381469727,185130,0.0,0.0
2021-06-22 00:00:00+05:30,27.649999618530273,27.649999618530273,25.049999237060547,26.200000762939453,270244,0.0,0.0
2021-06-23 00:00:00+05:30,26.299999237060547,26.350000381469727,24.899999618530273,25.549999237060547,129615,0.0,0.0
2021-06-24 00:00:00+05:30,25.649999618530273,26.799999237060547,25.549999237060547,26.799999237060547,270356,0.0,0.0
2021-06-25 00:00:00+05:30,28.100000381469727,28.100000381469727,27.0,28.100000381469727,179432,0.0,0.0
2021-06-28 00:00:00+05:30,29.5,29.5,29.0,29.5,133171,0.0,0.0
2021-06-29 00:00:00+05:30,30.950000762939453,30.950000762939453,30.899999618530273,30.950000762939453,247482,0.0,0.0
2021-06-30 00:00:00+05:30,32.45000076293945,32.45000076293945,31.0,32.45000076293945,200946,0.0,0.0
2021-07-01 00:00:00+05:30,34.04999923706055,34.04999923706055,34.04999923706055,34.04999923706055,127101,0.0,0.0
2021-07-02 00:00:00+05:30,35.75,35.75,35.75,35.75,87821,0.0,0.0
2021-07-05 00:00:00+05:30,37.5,37.5,37.5,37.5,46226,0.0,0.0
2021-07-06 00:00:00+05:30,39.349998474121094,39.349998474121094,35.650001525878906,36.75,462507,0.0,0.0
2021-07-07 00:00:00+05:30,34.95000076293945,37.400001525878906,34.95000076293945,34.95000076293945,352855,0.0,0.0
2021-07-08 00:00:00+05:30,33.25,36.650001525878906,33.25,36.650001525878906,114152,0.0,0.0
2021-07-09 00:00:00+05:30,38.349998474121094,38.45000076293945,36.650001525878906,38.45000076293945,121171,0.0,0.0
2021-07-12 00:00:00+05:30,40.349998474121094,40.349998474121094,39.70000076293945,40.349998474121094,85412,0.0,0.0
2021-07-13 00:00:00+05:30,42.349998474121094,42.349998474121094,39.04999923706055,42.349998474121094,248109,0.0,0.0
2021-07-14 00:00:00+05:30,44.45000076293945,44.45000076293945,40.25,40.650001525878906,239297,0.0,0.0
2021-07-15 00:00:00+05:30,39.79999923706055,39.79999923706055,38.650001525878906,38.650001525878906,53023,0.0,0.0
2021-07-16 00:00:00+05:30,36.75,36.75,36.75,36.75,17133,0.0,0.0
2021-07-19 00:00:00+05:30,34.95000076293945,38.54999923706055,34.95000076293945,38.45000076293945,340586,0.0,0.0
2021-07-20 00:00:00+05:30,39.0,39.75,36.54999923706055,37.75,71219,0.0,0.0
2021-07-22 00:00:00+05:30,37.0,38.5,36.0,36.099998474121094,58934,0.0,0.0
2021-07-23 00:00:00+05:30,36.099998474121094,36.099998474121094,34.29999923706055,35.099998474121094,83217,0.0,0.0
2021-07-26 00:00:00+05:30,35.099998474121094,36.849998474121094,33.349998474121094,36.29999923706055,104620,0.0,0.0
2021-07-27 00:00:00+05:30,36.849998474121094,38.099998474121094,36.29999923706055,37.849998474121094,71828,0.0,0.0
2021-07-28 00:00:00+05:30,38.900001525878906,39.5,36.0,36.0,80306,0.0,0.0
2021-07-29 00:00:00+05:30,36.0,37.5,34.599998474121094,36.20000076293945,53371,0.0,0.0
2021-07-30 00:00:00+05:30,35.5,38.0,34.599998474121094,37.400001525878906,146129,0.0,0.0
2021-08-02 00:00:00+05:30,37.849998474121094,39.25,35.75,37.29999923706055,38524,0.0,0.0
2021-08-03 00:00:00+05:30,37.900001525878906,38.0,35.650001525878906,36.25,95734,0.0,0.0
2021-08-04 00:00:00+05:30,35.900001525878906,37.45000076293945,34.45000076293945,34.45000076293945,88681,0.0,0.0
2021-08-05 00:00:00+05:30,32.75,33.95000076293945,32.75,33.75,88336,0.0,0.0
2021-08-06 00:00:00+05:30,32.79999923706055,35.400001525878906,32.79999923706055,34.849998474121094,62038,0.0,0.0
2021-08-09 00:00:00+05:30,34.849998474121094,36.5,33.25,34.099998474121094,36691,0.0,0.0
2021-08-10 00:00:00+05:30,34.95000076293945,35.0,32.400001525878906,32.400001525878906,48293,0.0,0.0
2021-08-11 00:00:00+05:30,30.799999237060547,31.5,30.799999237060547,31.0,106742,0.0,0.0
2021-08-12 00:00:00+05:30,32.45000076293945,32.45000076293945,29.450000762939453,30.649999618530273,31593,0.0,0.0
2021-08-13 00:00:00+05:30,30.649999618530273,31.649999618530273,29.149999618530273,29.200000762939453,70083,0.0,0.0
2021-08-16 00:00:00+05:30,29.149999618530273,30.399999618530273,27.799999237060547,28.200000762939453,25485,0.0,0.0
2021-08-17 00:00:00+05:30,29.200000762939453,29.600000381469727,29.200000762939453,29.600000381469727,21343,0.0,0.0
2021-08-18 00:00:00+05:30,30.649999618530273,31.049999237060547,28.149999618530273,29.049999237060547,71782,0.0,0.0
2021-08-20 00:00:00+05:30,28.200000762939453,29.799999237060547,27.600000381469727,27.600000381469727,33750,0.0,0.0
2021-08-23 00:00:00+05:30,28.799999237060547,28.799999237060547,26.25,26.5,73033,0.0,0.0
2021-08-24 00:00:00+05:30,25.200000762939453,27.799999237060547,25.200000762939453,27.200000762939453,47181,0.0,0.0
2021-08-25 00:00:00+05:30,27.549999237060547,28.25,25.850000381469727,27.600000381469727,26239,0.0,0.0
2021-08-26 00:00:00+05:30,27.5,28.75,27.0,28.149999618530273,12651,0.0,0.0
2021-08-27 00:00:00+05:30,28.399999618530273,29.299999237060547,27.5,27.899999618530273,9217,0.0,0.0
2021-08-30 00:00:00+05:30,27.100000381469727,29.25,27.100000381469727,28.149999618530273,12296,0.0,0.0
2021-08-31 00:00:00+05:30,28.0,29.549999237060547,26.850000381469727,28.299999237060547,32205,0.0,0.0
2021-09-01 00:00:00+05:30,28.399999618530273,28.5,27.049999237060547,27.450000762939453,13684,0.0,0.0
2021-09-02 00:00:00+05:30,26.5,28.0,26.5,26.899999618530273,9689,0.0,0.0
2021-09-03 00:00:00+05:30,27.5,27.899999618530273,27.0,27.350000381469727,10150,0.0,0.0
2021-09-06 00:00:00+05:30,26.5,28.0,26.0,27.5,26517,0.0,0.0
2021-09-07 00:00:00+05:30,27.950000762939453,27.950000762939453,26.200000762939453,26.25,27556,0.0,0.0
2021-09-08 00:00:00+05:30,26.950000762939453,26.950000762939453,25.799999237060547,26.700000762939453,11914,0.0,0.0
2021-09-09 00:00:00+05:30,25.450000762939453,27.350000381469727,25.450000762939453,26.149999618530273,16310,0.0,0.0
2021-09-13 00:00:00+05:30,26.899999618530273,26.899999618530273,26.0,26.649999618530273,26149,0.0,0.0
2021-09-14 00:00:00+05:30,27.200000762939453,27.950000762939453,25.399999618530273,27.350000381469727,48880,0.0,0.0
2021-09-15 00:00:00+05:30,27.75,28.5,27.5,28.25,18741,0.0,0.0
2021-09-16 00:00:00+05:30,27.700000762939453,29.200000762939453,26.899999618530273,28.25,15959,0.0,0.0
2021-09-17 00:00:00+05:30,28.850000381469727,28.850000381469727,26.850000381469727,27.25,28351,0.0,0.0
2021-09-20 00:00:00+05:30,25.899999618530273,28.299999237060547,25.899999618530273,26.350000381469727,10091,0.0,0.0
2021-09-21 00:00:00+05:30,26.350000381469727,27.0,25.5,25.899999618530273,13657,0.0,0.0
2021-09-22 00:00:00+05:30,25.600000381469727,26.299999237060547,24.700000762939453,25.600000381469727,17583,0.0,0.0
2021-09-23 00:00:00+05:30,26.25,26.25,24.700000762939453,25.5,12344,0.0,0.0
2021-09-24 00:00:00+05:30,26.75,26.75,25.75,26.100000381469727,13416,0.0,0.0
2021-09-27 00:00:00+05:30,26.600000381469727,26.700000762939453,25.049999237060547,25.399999618530273,7901,0.0,0.0
2021-09-28 00:00:00+05:30,25.899999618530273,26.149999618530273,24.700000762939453,25.850000381469727,8314,0.0,0.0
2021-09-29 00:00:00+05:30,25.799999237060547,26.700000762939453,25.350000381469727,25.75,17893,0.0,0.0
2021-09-30 00:00:00+05:30,25.950000762939453,27.0,25.75,26.75,22550,0.0,0.0
2021-10-01 00:00:00+05:30,25.799999237060547,28.0,25.799999237060547,27.649999618530273,33557,0.0,0.0
2021-10-04 00:00:00+05:30,28.5,29.0,27.850000381469727,29.0,75119,0.0,0.0
2021-10-05 00:00:00+05:30,30.399999618530273,30.450000762939453,29.649999618530273,30.450000762939453,62022,0.0,0.0
2021-10-06 00:00:00+05:30,31.399999618530273,31.799999237060547,29.5,29.700000762939453,51713,0.0,0.0
2021-10-07 00:00:00+05:30,30.799999237060547,30.799999237060547,28.5,29.75,23579,0.0,0.0
2021-10-08 00:00:00+05:30,29.75,31.200000762939453,28.700000762939453,30.899999618530273,45427,0.0,0.0
2021-10-11 00:00:00+05:30,31.899999618530273,32.349998474121094,29.399999618530273,31.0,48211,0.0,0.0
2021-10-12 00:00:00+05:30,31.100000381469727,31.5,29.700000762939453,30.600000381469727,41036,0.0,0.0
2021-10-13 00:00:00+05:30,30.0,31.75,29.5,30.149999618530273,45639,0.0,0.0
2021-10-14 00:00:00+05:30,30.149999618530273,30.950000762939453,28.850000381469727,29.5,26500,0.0,0.0
2021-10-18 00:00:00+05:30,30.100000381469727,30.100000381469727,28.799999237060547,29.5,26506,0.0,0.0
2021-10-19 00:00:00+05:30,29.799999237060547,29.899999618530273,28.049999237060547,28.299999237060547,131400,0.0,0.0
2021-10-20 00:00:00+05:30,27.25,28.299999237060547,26.899999618530273,26.899999618530273,92088,0.0,0.0
2021-10-21 00:00:00+05:30,26.899999618530273,27.0,25.600000381469727,25.75,101838,0.0,0.0
2021-10-22 00:00:00+05:30,26.5,26.950000762939453,24.5,24.5,233444,0.0,0.0
2021-10-25 00:00:00+05:30,25.0,25.0,23.299999237060547,23.299999237060547,55479,0.0,0.0
2021-10-26 00:00:00+05:30,23.299999237060547,23.950000762939453,22.149999618530273,22.75,135067,0.0,0.0
2021-10-27 00:00:00+05:30,23.450000762939453,23.450000762939453,22.049999237060547,22.549999237060547,55923,0.0,0.0
2021-10-28 00:00:00+05:30,22.549999237060547,23.0,22.100000381469727,22.299999237060547,50088,0.0,0.0
2021-10-29 00:00:00+05:30,22.950000762939453,23.149999618530273,22.350000381469727,22.75,39106,0.0,0.0
2021-11-01 00:00:00+05:30,23.25,23.700000762939453,22.5,22.799999237060547,11669,0.0,0.0
2021-11-02 00:00:00+05:30,23.549999237060547,23.549999237060547,22.549999237060547,22.899999618530273,28199,0.0,0.0
2021-11-03 00:00:00+05:30,22.5,23.399999618530273,22.5,22.799999237060547,17871,0.0,0.0
2021-11-04 00:00:00+05:30,23.549999237060547,23.549999237060547,22.799999237060547,23.049999237060547,4953,0.0,0.0
2021-11-08 00:00:00+05:30,23.850000381469727,24.200000762939453,23.0,23.200000762939453,21259,0.0,0.0
2021-11-09 00:00:00+05:30,23.700000762939453,24.200000762939453,23.0,23.350000381469727,20433,0.0,0.0
2021-11-10 00:00:00+05:30,24.450000762939453,24.5,23.0,24.200000762939453,155458,0.0,0.0
2021-11-11 00:00:00+05:30,24.75,25.0,23.200000762939453,23.600000381469727,132178,0.0,0.0
2021-11-12 00:00:00+05:30,23.299999237060547,23.75,22.450000762939453,22.450000762939453,60718,0.0,0.0
2021-11-15 00:00:00+05:30,22.799999237060547,22.799999237060547,21.549999237060547,21.799999237060547,20776,0.0,0.0
2021-11-16 00:00:00+05:30,21.799999237060547,22.850000381469727,21.5,21.700000762939453,52543,0.0,0.0
2021-11-17 00:00:00+05:30,22.399999618530273,22.399999618530273,21.049999237060547,21.299999237060547,22155,0.0,0.0
2021-11-18 00:00:00+05:30,21.0,21.950000762939453,20.649999618530273,21.049999237060547,31202,0.0,0.0
2021-11-22 00:00:00+05:30,21.799999237060547,21.799999237060547,20.0,20.0,36601,0.0,0.0
2021-11-23 00:00:00+05:30,20.149999618530273,21.0,19.299999237060547,20.649999618530273,126800,0.0,0.0
2021-11-24 00:00:00+05:30,21.25,21.450000762939453,20.450000762939453,20.950000762939453,43973,0.0,0.0
2021-11-25 00:00:00+05:30,21.25,21.700000762939453,20.049999237060547,20.299999237060547,36426,0.0,0.0
2021-11-26 00:00:00+05:30,20.0,20.5,19.299999237060547,19.350000381469727,46794,0.0,0.0
2021-11-29 00:00:00+05:30,19.399999618530273,19.899999618530273,18.399999618530273,18.399999618530273,45831,0.0,0.0
2021-11-30 00:00:00+05:30,17.799999237060547,18.950000762939453,17.799999237060547,18.149999618530273,35682,0.0,0.0
2021-12-01 00:00:00+05:30,18.700000762939453,18.700000762939453,17.350000381469727,17.600000381469727,81702,0.0,0.0
2021-12-02 00:00:00+05:30,17.950000762939453,18.149999618530273,16.899999618530273,17.799999237060547,97144,0.0,0.0
2021-12-03 00:00:00+05:30,18.200000762939453,18.25,17.600000381469727,18.0,79562,0.0,0.0
2021-12-06 00:00:00+05:30,18.399999618530273,18.899999618530273,17.75,18.149999618530273,97388,0.0,0.0
2021-12-07 00:00:00+05:30,18.600000381469727,18.700000762939453,18.299999237060547,18.549999237060547,87949,0.0,0.0
2021-12-08 00:00:00+05:30,19.0,19.25,18.700000762939453,18.899999618530273,69606,0.0,0.0
2021-12-09 00:00:00+05:30,19.299999237060547,19.799999237060547,19.049999237060547,19.799999237060547,150757,0.0,0.0
2021-12-10 00:00:00+05:30,20.399999618530273,20.75,20.399999618530273,20.75,123731,0.0,0.0
2021-12-13 00:00:00+05:30,21.75,21.75,20.5,21.299999237060547,97907,0.0,0.0
2021-12-14 00:00:00+05:30,21.5,21.649999618530273,20.549999237060547,21.0,55497,0.0,0.0
2021-12-15 00:00:00+05:30,21.75,21.75,21.0,21.299999237060547,53381,0.0,0.0
2021-12-16 00:00:00+05:30,21.299999237060547,22.350000381469727,20.450000762939453,20.549999237060547,74545,0.0,0.0
2021-12-17 00:00:00+05:30,21.200000762939453,21.200000762939453,19.600000381469727,19.75,56276,0.0,0.0
2021-12-20 00:00:00+05:30,20.399999618530273,20.399999618530273,18.799999237060547,18.799999237060547,90819,0.0,0.0
2021-12-21 00:00:00+05:30,18.950000762939453,19.149999618530273,18.200000762939453,18.450000762939453,29837,0.0,0.0
2021-12-22 00:00:00+05:30,18.299999237060547,19.350000381469727,18.25,18.5,76706,0.0,0.0
2021-12-23 00:00:00+05:30,18.649999618530273,18.700000762939453,18.299999237060547,18.450000762939453,43673,0.0,0.0
2021-12-24 00:00:00+05:30,18.649999618530273,18.649999618530273,18.0,18.049999237060547,32562,0.0,0.0
2021-12-27 00:00:00+05:30,18.049999237060547,18.299999237060547,17.799999237060547,18.100000381469727,60891,0.0,0.0
2021-12-28 00:00:00+05:30,18.200000762939453,19.0,17.950000762939453,19.0,275547,0.0,0.0
2021-12-29 00:00:00+05:30,19.399999618530273,19.950000762939453,19.350000381469727,19.75,241154,0.0,0.0
2021-12-30 00:00:00+05:30,20.350000381469727,20.549999237060547,19.799999237060547,20.450000762939453,165845,0.0,0.0
2021-12-31 00:00:00+05:30,20.399999618530273,20.950000762939453,19.649999618530273,20.100000381469727,76454,0.0,0.0
2022-01-03 00:00:00+05:30,20.450000762939453,20.649999618530273,19.799999237060547,20.25,101936,0.0,0.0
2022-01-04 00:00:00+05:30,20.899999618530273,21.25,20.25,21.25,220478,0.0,0.0
2022-01-05 00:00:00+05:30,22.299999237060547,22.299999237060547,22.299999237060547,22.299999237060547,60317,0.0,0.0
2022-01-06 00:00:00+05:30,23.0,23.399999618530273,21.200000762939453,23.399999618530273,214758,0.0,0.0
2022-01-07 00:00:00+05:30,24.549999237060547,24.549999237060547,22.299999237060547,22.700000762939453,393414,0.0,0.0
2022-01-10 00:00:00+05:30,23.5,23.649999618530273,22.100000381469727,23.5,177033,0.0,0.0
2022-01-11 00:00:00+05:30,23.75,24.450000762939453,22.5,22.899999618530273,118570,0.0,0.0
2022-01-12 00:00:00+05:30,22.899999618530273,23.850000381469727,22.100000381469727,22.350000381469727,84030,0.0,0.0
2022-01-13 00:00:00+05:30,22.299999237060547,23.450000762939453,21.600000381469727,23.25,177961,0.0,0.0
2022-01-14 00:00:00+05:30,23.299999237060547,24.299999237060547,22.899999618530273,23.399999618530273,222980,0.0,0.0
2022-01-17 00:00:00+05:30,23.799999237060547,23.799999237060547,22.25,23.149999618530273,130277,0.0,0.0
2022-01-18 00:00:00+05:30,23.149999618530273,23.649999618530273,22.100000381469727,22.399999618530273,92846,0.0,0.0
2022-01-19 00:00:00+05:30,22.0,22.75,21.5,21.649999618530273,113357,0.0,0.0
2022-01-20 00:00:00+05:30,21.950000762939453,22.549999237060547,21.700000762939453,22.25,143330,0.0,0.0
2022-01-21 00:00:00+05:30,22.700000762939453,22.700000762939453,21.600000381469727,21.850000381469727,62826,0.0,0.0
2022-01-24 00:00:00+05:30,21.399999618530273,21.950000762939453,20.799999237060547,20.799999237060547,52547,0.0,0.0
2022-01-25 00:00:00+05:30,20.899999618530273,21.399999618530273,19.799999237060547,19.850000381469727,157080,0.0,0.0
2022-01-27 00:00:00+05:30,19.899999618530273,20.549999237060547,19.299999237060547,20.299999237060547,77719,0.0,0.0
2022-01-28 00:00:00+05:30,20.450000762939453,21.25,20.350000381469727,20.75,70338,0.0,0.0
2022-01-31 00:00:00+05:30,21.399999618530273,21.549999237060547,20.5,20.700000762939453,48358,0.0,0.0
2022-02-01 00:00:00+05:30,21.100000381469727,21.100000381469727,20.0,20.299999237060547,41784,0.0,0.0
2022-02-02 00:00:00+05:30,20.75,20.75,20.149999618530273,20.25,40550,0.0,0.0
2022-02-03 00:00:00+05:30,20.450000762939453,21.0,19.299999237060547,20.600000381469727,116575,0.0,0.0
2022-02-04 00:00:00+05:30,20.899999618530273,21.100000381469727,19.799999237060547,20.649999618530273,61512,0.0,0.0
2022-02-07 00:00:00+05:30,21.25,21.649999618530273,20.549999237060547,21.649999618530273,161708,0.0,0.0
2022-02-08 00:00:00+05:30,22.399999618530273,22.700000762939453,21.5,22.700000762939453,336723,0.0,0.0
2022-02-09 00:00:00+05:30,22.649999618530273,23.799999237060547,21.75,23.75,268785,0.0,0.0
2022-02-10 00:00:00+05:30,24.0,24.700000762939453,22.75,23.0,261405,0.0,0.0
2022-02-11 00:00:00+05:30,22.799999237060547,22.799999237060547,21.850000381469727,21.950000762939453,151701,0.0,0.0
2022-02-14 00:00:00+05:30,20.899999618530273,21.600000381469727,20.899999618530273,20.899999618530273,52033,0.0,0.0
2022-02-15 00:00:00+05:30,21.649999618530273,21.649999618530273,20.049999237060547,20.850000381469727,62816,0.0,0.0
2022-02-16 00:00:00+05:30,20.700000762939453,21.75,20.450000762939453,20.899999618530273,131097,0.0,0.0
2022-02-17 00:00:00+05:30,20.299999237060547,21.799999237060547,20.299999237060547,21.25,69529,0.0,0.0
2022-02-18 00:00:00+05:30,20.649999618530273,21.399999618530273,20.25,20.299999237060547,65845,0.0,0.0
2022-02-21 00:00:00+05:30,20.200000762939453,20.200000762939453,19.5,19.700000762939453,48656,0.0,0.0
2022-02-22 00:00:00+05:30,19.649999618530273,19.649999618530273,18.75,18.75,83205,0.0,0.0
2022-02-23 00:00:00+05:30,19.100000381469727,19.649999618530273,18.75,19.399999618530273,82355,0.0,0.0
2022-02-24 00:00:00+05:30,18.549999237060547,19.049999237060547,18.450000762939453,18.450000762939453,101986,0.0,0.0
2022-02-25 00:00:00+05:30,18.100000381469727,19.350000381469727,18.100000381469727,19.25,67825,0.0,0.0
2022-02-28 00:00:00+05:30,18.899999618530273,20.200000762939453,18.450000762939453,20.200000762939453,49586,0.0,0.0
2022-03-02 00:00:00+05:30,20.700000762939453,21.200000762939453,19.350000381469727,20.799999237060547,111332,0.0,0.0
2022-03-03 00:00:00+05:30,21.200000762939453,21.799999237060547,20.799999237060547,21.5,198052,0.0,0.0
2022-03-04 00:00:00+05:30,21.450000762939453,22.0,20.5,20.649999618530273,50840,0.0,0.0
2022-03-07 00:00:00+05:30,20.700000762939453,21.350000381469727,19.75,20.100000381469727,45246,0.0,0.0
2022-03-08 00:00:00+05:30,20.0,21.100000381469727,19.700000762939453,21.049999237060547,105210,0.0,0.0
2022-03-09 00:00:00+05:30,21.049999237060547,22.100000381469727,21.049999237060547,22.100000381469727,194089,0.0,0.0
2022-03-10 00:00:00+05:30,22.850000381469727,23.200000762939453,22.149999618530273,22.75,150613,0.0,0.0
2022-03-11 00:00:00+05:30,23.25,23.850000381469727,21.700000762939453,23.850000381469727,223505,0.0,0.0
2022-03-14 00:00:00+05:30,24.399999618530273,25.0,24.25,25.0,348740,0.0,0.0
2022-03-15 00:00:00+05:30,26.25,26.25,25.100000381469727,26.0,390142,0.0,0.0
2022-03-16 00:00:00+05:30,26.799999237060547,27.299999237060547,26.549999237060547,27.299999237060547,200467,0.0,0.0
2022-03-17 00:00:00+05:30,28.549999237060547,28.649999618530273,26.049999237060547,26.799999237060547,353735,0.0,0.0
2022-03-21 00:00:00+05:30,27.350000381469727,27.850000381469727,25.649999618530273,25.799999237060547,151165,0.0,0.0
2022-03-22 00:00:00+05:30,25.75,26.299999237060547,24.75,25.5,84765,0.0,0.0
2022-03-23 00:00:00+05:30,25.25,26.75,25.25,26.700000762939453,230036,0.0,0.0
2022-03-24 00:00:00+05:30,26.950000762939453,27.450000762939453,25.700000762939453,25.950000762939453,72125,0.0,0.0
2022-03-25 00:00:00+05:30,26.299999237060547,26.299999237060547,24.700000762939453,24.75,65899,0.0,0.0
2022-03-28 00:00:00+05:30,24.950000762939453,24.950000762939453,23.549999237060547,23.549999237060547,78377,0.0,0.0
2022-03-29 00:00:00+05:30,23.149999618530273,24.5,22.549999237060547,23.0,126957,0.0,0.0
2022-03-30 00:00:00+05:30,23.850000381469727,24.0,21.850000381469727,23.200000762939453,85803,0.0,0.0
2022-03-31 00:00:00+05:30,22.75,23.399999618530273,22.049999237060547,22.399999618530273,91249,0.0,0.0
2022-04-01 00:00:00+05:30,22.100000381469727,23.5,22.100000381469727,23.5,84212,0.0,0.0
2022-04-04 00:00:00+05:30,23.600000381469727,24.649999618530273,23.5,24.450000762939453,66054,0.0,0.0
2022-04-05 00:00:00+05:30,24.899999618530273,24.899999618530273,23.600000381469727,24.399999618530273,73806,0.0,0.0
2022-04-06 00:00:00+05:30,24.450000762939453,25.600000381469727,23.75,25.600000381469727,208531,0.0,0.0
2022-04-07 00:00:00+05:30,25.850000381469727,26.850000381469727,25.700000762939453,26.850000381469727,298910,0.0,0.0
2022-04-08 00:00:00+05:30,27.799999237060547,27.899999618530273,26.100000381469727,26.399999618530273,176483,0.0,0.0
2022-04-11 00:00:00+05:30,25.75,26.899999618530273,25.75,26.25,104980,0.0,0.0
2022-04-12 00:00:00+05:30,25.649999618530273,26.649999618530273,25.299999237060547,25.649999618530273,96523,0.0,0.0
2022-04-13 00:00:00+05:30,26.350000381469727,26.899999618530273,26.0,26.899999618530273,175901,0.0,0.0
2022-04-18 00:00:00+05:30,27.899999618530273,28.200000762939453,27.350000381469727,28.200000762939453,213093,0.0,0.0
2022-04-19 00:00:00+05:30,29.600000381469727,29.600000381469727,29.25,29.600000381469727,347857,0.0,0.0
2022-04-20 00:00:00+05:30,31.049999237060547,31.049999237060547,31.049999237060547,31.049999237060547,165590,0.0,0.0
2022-04-21 00:00:00+05:30,32.599998474121094,32.599998474121094,32.599998474121094,32.599998474121094,66986,0.0,0.0
2022-04-22 00:00:00+05:30,34.20000076293945,34.20000076293945,34.20000076293945,34.20000076293945,64596,0.0,0.0
2022-04-25 00:00:00+05:30,35.900001525878906,35.900001525878906,35.900001525878906,35.900001525878906,164690,0.0,0.0
2022-04-26 00:00:00+05:30,37.650001525878906,37.650001525878906,37.650001525878906,37.650001525878906,77931,0.0,0.0
2022-04-27 00:00:00+05:30,39.5,39.5,35.79999923706055,39.5,1948617,0.0,0.0
2022-04-28 00:00:00+05:30,41.20000076293945,41.45000076293945,38.150001525878906,39.29999923706055,485841,0.0,0.0
2022-04-29 00:00:00+05:30,40.099998474121094,40.400001525878906,37.349998474121094,37.349998474121094,182152,0.0,0.0
2022-05-02 00:00:00+05:30,35.599998474121094,36.70000076293945,35.5,35.5,272423,0.0,0.0
2022-05-04 00:00:00+05:30,34.400001525878906,34.79999923706055,33.75,33.75,89764,0.0,0.0
2022-05-05 00:00:00+05:30,32.5,33.20000076293945,32.099998474121094,32.099998474121094,200179,0.0,0.0
2022-05-06 00:00:00+05:30,30.5,30.5,30.5,30.5,4667,0.0,0.0
2022-05-09 00:00:00+05:30,29.0,31.850000381469727,29.0,29.450000762939453,96855,0.0,0.0
2022-05-10 00:00:00+05:30,28.899999618530273,29.399999618530273,28.0,28.0,51217,0.0,0.0
2022-05-11 00:00:00+05:30,26.649999618530273,27.5,26.600000381469727,26.600000381469727,22603,0.0,0.0
2022-05-12 00:00:00+05:30,25.299999237060547,25.299999237060547,25.299999237060547,25.299999237060547,21185,0.0,0.0
2022-05-13 00:00:00+05:30,25.0,26.549999237060547,24.5,26.350000381469727,73012,0.0,0.0
2022-05-16 00:00:00+05:30,26.350000381469727,27.200000762939453,25.25,26.350000381469727,20561,0.0,0.0
2022-05-17 00:00:00+05:30,26.5,27.649999618530273,25.5,27.649999618530273,27606,0.0,0.0
2022-05-18 00:00:00+05:30,29.0,29.0,28.350000381469727,29.0,33643,0.0,0.0
2022-05-19 00:00:00+05:30,28.350000381469727,30.450000762939453,27.549999237060547,30.200000762939453,82988,0.0,0.0
2022-05-20 00:00:00+05:30,30.799999237060547,31.700000762939453,30.350000381469727,31.600000381469727,73435,0.0,0.0
2022-05-23 00:00:00+05:30,30.149999618530273,32.95000076293945,30.049999237060547,30.049999237060547,40933,0.0,0.0
2022-05-24 00:00:00+05:30,28.600000381469727,28.700000762939453,28.549999237060547,28.549999237060547,10803,0.0,0.0
2022-05-25 00:00:00+05:30,27.149999618530273,27.149999618530273,27.149999618530273,27.149999618530273,13291,0.0,0.0
2022-05-26 00:00:00+05:30,25.799999237060547,26.899999618530273,25.799999237060547,26.25,36270,0.0,0.0
2022-05-27 00:00:00+05:30,27.0,27.549999237060547,25.350000381469727,27.25,48950,0.0,0.0
2022-05-30 00:00:00+05:30,28.350000381469727,28.600000381469727,26.149999618530273,27.149999618530273,32573,0.0,0.0
2022-05-31 00:00:00+05:30,27.799999237060547,27.799999237060547,25.799999237060547,26.149999618530273,27302,0.0,0.0
2022-06-01 00:00:00+05:30,26.700000762939453,27.399999618530273,26.399999618530273,27.0,28695,0.0,0.0
2022-06-02 00:00:00+05:30,27.799999237060547,28.350000381469727,26.5,27.549999237060547,36979,0.0,0.0
2022-06-03 00:00:00+05:30,28.100000381469727,28.100000381469727,26.5,27.100000381469727,20937,0.0,0.0
2022-06-06 00:00:00+05:30,26.899999618530273,27.0,25.75,26.600000381469727,17286,0.0,0.0
2022-06-07 00:00:00+05:30,26.25,26.950000762939453,25.549999237060547,26.0,20259,0.0,0.0
2022-06-08 00:00:00+05:30,26.799999237060547,26.799999237060547,25.75,25.75,10434,0.0,0.0
2022-06-09 00:00:00+05:30,24.700000762939453,26.200000762939453,24.700000762939453,26.0,10113,0.0,0.0
2022-06-10 00:00:00+05:30,26.5,26.5,24.75,26.100000381469727,20138,0.0,0.0
2022-06-13 00:00:00+05:30,25.5,25.5,24.799999237060547,24.799999237060547,12630,0.0,0.0
2022-06-14 00:00:00+05:30,25.100000381469727,25.399999618530273,24.0,24.799999237060547,19086,0.0,0.0
2022-06-15 00:00:00+05:30,25.700000762939453,25.700000762939453,23.799999237060547,24.450000762939453,17123,0.0,0.0
2022-06-16 00:00:00+05:30,24.899999618530273,25.25,23.25,23.25,33673,0.0,0.0
2022-06-17 00:00:00+05:30,24.399999618530273,24.399999618530273,22.100000381469727,22.600000381469727,25340,0.0,0.0
2022-06-20 00:00:00+05:30,23.299999237060547,23.299999237060547,21.5,21.5,17960,0.0,0.0
2022-06-21 00:00:00+05:30,21.0,22.549999237060547,20.5,22.350000381469727,31570,0.0,0.0
2022-06-22 00:00:00+05:30,22.399999618530273,23.399999618530273,21.649999618530273,22.75,7384,0.0,0.0
2022-06-23 00:00:00+05:30,22.5,23.75,21.75,22.049999237060547,31445,0.0,0.0
2022-06-24 00:00:00+05:30,22.299999237060547,22.700000762939453,21.600000381469727,22.350000381469727,31078,0.0,0.0
2022-06-27 00:00:00+05:30,22.799999237060547,23.450000762939453,22.5,22.700000762939453,32123,0.0,0.0
2022-06-28 00:00:00+05:30,23.049999237060547,23.149999618530273,22.200000762939453,22.450000762939453,10979,0.0,0.0
2022-06-29 00:00:00+05:30,22.049999237060547,22.600000381469727,21.700000762939453,22.149999618530273,15200,0.0,0.0
2022-06-30 00:00:00+05:30,22.399999618530273,22.399999618530273,21.700000762939453,21.850000381469727,5963,0.0,0.0
2022-07-01 00:00:00+05:30,22.700000762939453,22.700000762939453,21.200000762939453,21.649999618530273,4504,0.0,0.0
2022-07-04 00:00:00+05:30,21.950000762939453,22.399999618530273,21.5,21.799999237060547,19199,0.0,0.0
2022-07-05 00:00:00+05:30,21.75,22.350000381469727,21.549999237060547,21.850000381469727,29286,0.0,0.0
2022-07-06 00:00:00+05:30,22.450000762939453,22.850000381469727,21.0,21.75,37228,0.0,0.0
2022-07-07 00:00:00+05:30,22.5,22.5,21.200000762939453,22.100000381469727,18865,0.0,0.0
2022-07-08 00:00:00+05:30,22.549999237060547,22.850000381469727,22.100000381469727,22.649999618530273,30765,0.0,0.0
2022-07-11 00:00:00+05:30,22.75,23.25,22.0,22.450000762939453,43596,0.0,0.0
2022-07-12 00:00:00+05:30,22.299999237060547,23.549999237060547,22.299999237060547,23.549999237060547,66724,0.0,0.0
2022-07-13 00:00:00+05:30,24.299999237060547,24.350000381469727,23.200000762939453,23.350000381469727,36238,0.0,0.0
2022-07-14 00:00:00+05:30,24.149999618530273,24.149999618530273,22.299999237060547,22.799999237060547,13747,0.0,0.0
2022-07-15 00:00:00+05:30,22.75,23.399999618530273,22.0,22.649999618530273,34309,0.0,0.0
2022-07-18 00:00:00+05:30,22.649999618530273,23.200000762939453,21.549999237060547,21.75,48342,0.0,0.0
2022-07-19 00:00:00+05:30,21.649999618530273,22.649999618530273,21.100000381469727,22.350000381469727,50276,0.0,0.0
2022-07-20 00:00:00+05:30,22.399999618530273,22.950000762939453,21.850000381469727,22.299999237060547,41245,0.0,0.0
2022-07-21 00:00:00+05:30,22.5,23.399999618530273,22.350000381469727,22.75,64561,0.0,0.0
2022-07-22 00:00:00+05:30,23.5,23.649999618530273,22.75,23.0,40330,0.0,0.0
2022-07-25 00:00:00+05:30,23.5,23.5,22.100000381469727,22.25,16962,0.0,0.0
2022-07-26 00:00:00+05:30,22.5,22.850000381469727,21.899999618530273,22.200000762939453,13867,0.0,0.0
2022-07-27 00:00:00+05:30,22.600000381469727,22.600000381469727,21.100000381469727,21.450000762939453,35227,0.0,0.0
2022-07-28 00:00:00+05:30,21.600000381469727,22.5,21.149999618530273,22.25,30991,0.0,0.0
2022-07-29 00:00:00+05:30,21.149999618530273,21.5,21.149999618530273,21.149999618530273,100339,0.0,0.0
2022-08-01 00:00:00+05:30,20.100000381469727,21.0,20.100000381469727,20.350000381469727,209833,0.0,0.0
2022-08-02 00:00:00+05:30,20.049999237060547,20.899999618530273,20.049999237060547,20.600000381469727,74977,0.0,0.0
2022-08-03 00:00:00+05:30,20.700000762939453,20.950000762939453,20.100000381469727,20.600000381469727,19376,0.0,0.0
2022-08-04 00:00:00+05:30,21.0,21.0,19.799999237060547,20.299999237060547,23642,0.0,0.0
2022-08-05 00:00:00+05:30,19.700000762939453,20.5,19.0,19.75,92798,0.0,0.0
2022-08-08 00:00:00+05:30,19.75,20.5,19.450000762939453,20.0,36624,0.0,0.0
2022-08-10 00:00:00+05:30,20.0,20.0,19.299999237060547,19.350000381469727,39438,0.0,0.0
2022-08-11 00:00:00+05:30,19.149999618530273,19.649999618530273,18.700000762939453,18.850000381469727,65052,0.0,0.0
2022-08-12 00:00:00+05:30,18.850000381469727,20.5,18.850000381469727,19.100000381469727,66801,0.0,0.0
2022-08-16 00:00:00+05:30,19.0,19.799999237060547,18.0,19.0,54814,0.0,0.0
2022-08-17 00:00:00+05:30,18.649999618530273,19.25,18.5,18.75,41747,0.0,0.0
2022-08-18 00:00:00+05:30,18.850000381469727,18.899999618530273,18.200000762939453,18.75,104380,0.0,0.0
2022-08-19 00:00:00+05:30,18.950000762939453,19.049999237060547,18.5,18.950000762939453,44266,0.0,0.0
2022-08-22 00:00:00+05:30,18.950000762939453,19.0,18.350000381469727,18.600000381469727,28643,0.0,0.0
2022-08-23 00:00:00+05:30,18.049999237060547,18.899999618530273,18.049999237060547,18.649999618530273,10117,0.0,0.0
2022-08-24 00:00:00+05:30,18.5,18.950000762939453,18.200000762939453,18.399999618530273,70644,0.0,0.0
2022-08-25 00:00:00+05:30,18.600000381469727,19.399999618530273,18.399999618530273,18.600000381469727,50862,0.0,0.0
2022-08-26 00:00:00+05:30,18.899999618530273,19.399999618530273,18.649999618530273,18.899999618530273,57487,0.0,0.0
2022-08-29 00:00:00+05:30,18.899999618530273,19.0,18.200000762939453,18.600000381469727,21245,0.0,0.0
2022-08-30 00:00:00+05:30,18.850000381469727,18.850000381469727,18.200000762939453,18.399999618530273,86051,0.0,0.0
2022-09-01 00:00:00+05:30,18.700000762939453,19.700000762939453,18.399999618530273,19.450000762939453,64759,0.0,0.0
2022-09-02 00:00:00+05:30,19.450000762939453,20.5,18.899999618530273,19.299999237060547,95195,0.0,0.0
2022-09-05 00:00:00+05:30,19.350000381469727,19.700000762939453,18.299999237060547,19.25,57744,0.0,0.0
2022-09-06 00:00:00+05:30,19.600000381469727,21.149999618530273,19.0,21.149999618530273,372340,0.0,0.0
2022-09-07 00:00:00+05:30,21.200000762939453,23.25,20.350000381469727,23.25,308658,0.0,0.0
2022-09-08 00:00:00+05:30,24.399999618530273,24.399999618530273,24.200000762939453,24.399999618530273,104288,0.0,0.0
2022-09-09 00:00:00+05:30,25.25,25.600000381469727,23.200000762939453,23.200000762939453,223948,0.0,0.0
2022-09-12 00:00:00+05:30,22.399999618530273,22.899999618530273,22.049999237060547,22.049999237060547,100102,0.0,0.0
2022-09-13 00:00:00+05:30,21.25,22.450000762939453,21.25,21.649999618530273,62902,0.0,0.0
2022-09-14 00:00:00+05:30,22.549999237060547,22.549999237060547,20.649999618530273,21.350000381469727,42878,0.0,0.0
2022-09-15 00:00:00+05:30,21.700000762939453,22.299999237060547,21.25,22.049999237060547,51404,0.0,0.0
2022-09-16 00:00:00+05:30,22.149999618530273,22.149999618530273,20.950000762939453,20.950000762939453,42913,0.0,0.0
2022-09-19 00:00:00+05:30,21.5,21.649999618530273,20.75,21.200000762939453,34464,0.0,0.0
2022-09-20 00:00:00+05:30,22.0,22.0,21.0,21.549999237060547,57018,0.0,0.0
2022-09-21 00:00:00+05:30,21.399999618530273,21.899999618530273,21.049999237060547,21.350000381469727,45162,0.0,0.0
2022-09-22 00:00:00+05:30,21.649999618530273,21.649999618530273,20.850000381469727,21.399999618530273,17755,0.0,0.0
2022-09-23 00:00:00+05:30,21.5,21.549999237060547,20.399999618530273,20.799999237060547,43325,0.0,0.0
2022-09-26 00:00:00+05:30,21.399999618530273,21.450000762939453,19.799999237060547,19.799999237060547,40419,0.0,0.0
2022-09-27 00:00:00+05:30,19.799999237060547,20.450000762939453,19.549999237060547,20.100000381469727,15696,0.0,0.0
2022-09-28 00:00:00+05:30,20.649999618530273,20.700000762939453,19.25,19.899999618530273,30873,0.0,0.0
2022-09-29 00:00:00+05:30,20.450000762939453,20.600000381469727,19.799999237060547,20.200000762939453,16491,0.0,0.0
2022-09-30 00:00:00+05:30,19.899999618530273,20.649999618530273,19.649999618530273,20.100000381469727,14469,0.0,0.0
2022-10-03 00:00:00+05:30,20.450000762939453,20.450000762939453,19.649999618530273,19.799999237060547,13835,0.0,0.0
2022-10-04 00:00:00+05:30,20.350000381469727,20.350000381469727,19.799999237060547,19.899999618530273,13152,0.0,0.0
2022-10-06 00:00:00+05:30,19.899999618530273,20.700000762939453,19.600000381469727,20.649999618530273,24282,0.0,0.0
2022-10-07 00:00:00+05:30,20.649999618530273,21.149999618530273,20.350000381469727,21.049999237060547,42764,0.0,0.0
2022-10-10 00:00:00+05:30,21.399999618530273,21.399999618530273,19.0,20.75,43484,0.0,0.0
2022-10-11 00:00:00+05:30,20.399999618530273,21.799999237060547,19.5,20.649999618530273,69929,0.0,0.0
2022-10-12 00:00:00+05:30,21.100000381469727,21.100000381469727,20.5,20.600000381469727,25296,0.0,0.0
2022-10-13 00:00:00+05:30,20.600000381469727,20.850000381469727,20.100000381469727,20.200000762939453,10510,0.0,0.0
2022-10-14 00:00:00+05:30,19.200000762939453,21.299999237060547,19.200000762939453,20.25,34560,0.0,0.0
2022-10-17 00:00:00+05:30,20.799999237060547,20.799999237060547,18.299999237060547,19.299999237060547,63812,0.0,0.0
2022-10-18 00:00:00+05:30,19.450000762939453,19.899999618530273,19.299999237060547,19.600000381469727,21458,0.0,0.0
2022-10-19 00:00:00+05:30,19.950000762939453,20.25,19.600000381469727,19.950000762939453,23113,0.0,0.0
2022-10-20 00:00:00+05:30,19.899999618530273,19.950000762939453,19.25,19.799999237060547,16002,0.0,0.0
2022-10-21 00:00:00+05:30,19.799999237060547,20.0,19.600000381469727,19.700000762939453,10004,0.0,0.0
2022-10-24 00:00:00+05:30,20.0,20.0,19.049999237060547,19.75,9922,0.0,0.0
2022-10-25 00:00:00+05:30,19.75,19.950000762939453,19.350000381469727,19.549999237060547,9277,0.0,0.0
2022-10-27 00:00:00+05:30,19.549999237060547,20.0,19.399999618530273,19.5,22750,0.0,0.0
2022-10-28 00:00:00+05:30,19.75,19.75,19.350000381469727,19.5,10588,0.0,0.0
2022-10-31 00:00:00+05:30,19.5,19.850000381469727,19.25,19.5,20202,0.0,0.0
2022-11-01 00:00:00+05:30,19.049999237060547,21.399999618530273,19.049999237060547,20.649999618530273,102190,0.0,0.0
2022-11-02 00:00:00+05:30,21.100000381469727,21.100000381469727,20.149999618530273,20.5,24654,0.0,0.0
2022-11-03 00:00:00+05:30,20.700000762939453,20.899999618530273,20.299999237060547,20.649999618530273,27342,0.0,0.0
2022-11-04 00:00:00+05:30,20.100000381469727,20.5,19.700000762939453,20.100000381469727,26936,0.0,0.0
2022-11-07 00:00:00+05:30,20.75,20.799999237060547,20.200000762939453,20.700000762939453,28092,0.0,0.0
2022-11-09 00:00:00+05:30,20.799999237060547,20.799999237060547,20.25,20.399999618530273,26807,0.0,0.0
2022-11-10 00:00:00+05:30,20.799999237060547,20.799999237060547,19.950000762939453,20.299999237060547,19403,0.0,0.0
2022-11-11 00:00:00+05:30,20.299999237060547,22.0,20.049999237060547,20.850000381469727,74127,0.0,0.0
2022-11-14 00:00:00+05:30,20.5,21.299999237060547,20.5,20.950000762939453,31997,0.0,0.0
2022-11-15 00:00:00+05:30,20.5,20.899999618530273,19.5,20.200000762939453,25275,0.0,0.0
2022-11-16 00:00:00+05:30,20.049999237060547,21.899999618530273,20.049999237060547,21.75,122577,0.0,0.0
2022-11-17 00:00:00+05:30,21.200000762939453,22.0,21.100000381469727,21.350000381469727,85313,0.0,0.0
2022-11-18 00:00:00+05:30,21.0,21.700000762939453,20.649999618530273,20.799999237060547,31918,0.0,0.0
2022-11-21 00:00:00+05:30,21.450000762939453,21.450000762939453,20.25,20.649999618530273,25259,0.0,0.0
2022-11-22 00:00:00+05:30,20.899999618530273,20.950000762939453,20.350000381469727,20.5,19430,0.0,0.0
2022-11-23 00:00:00+05:30,20.950000762939453,20.950000762939453,20.399999618530273,20.549999237060547,13702,0.0,0.0
2022-11-24 00:00:00+05:30,20.850000381469727,22.5,20.700000762939453,21.799999237060547,122152,0.0,0.0
2022-11-25 00:00:00+05:30,22.25,22.350000381469727,21.399999618530273,21.950000762939453,35053,0.0,0.0
2022-11-28 00:00:00+05:30,22.200000762939453,23.5,21.549999237060547,22.799999237060547,127846,0.0,0.0
2022-11-29 00:00:00+05:30,23.049999237060547,23.049999237060547,22.0,22.100000381469727,39946,0.0,0.0
2022-11-30 00:00:00+05:30,22.399999618530273,22.700000762939453,21.600000381469727,21.899999618530273,23735,0.0,0.0
2022-12-01 00:00:00+05:30,22.350000381469727,22.899999618530273,21.600000381469727,21.799999237060547,63598,0.0,0.0
2022-12-02 00:00:00+05:30,22.049999237060547,23.75,21.700000762939453,23.049999237060547,168241,0.0,0.0
2022-12-05 00:00:00+05:30,23.950000762939453,23.950000762939453,22.200000762939453,22.850000381469727,82574,0.0,0.0
2022-12-06 00:00:00+05:30,23.399999618530273,25.100000381469727,23.049999237060547,25.0,349663,0.0,0.0
2022-12-07 00:00:00+05:30,25.899999618530273,28.0,25.850000381469727,26.850000381469727,716057,0.0,0.0
2022-12-08 00:00:00+05:30,27.450000762939453,27.450000762939453,24.100000381469727,24.600000381469727,245155,0.0,0.0
2022-12-09 00:00:00+05:30,25.0,26.399999618530273,23.25,23.450000762939453,189805,0.0,0.0
2022-12-12 00:00:00+05:30,23.399999618530273,23.649999618530273,22.700000762939453,23.399999618530273,47556,0.0,0.0
2022-12-13 00:00:00+05:30,23.25,23.950000762939453,23.049999237060547,23.350000381469727,47779,0.0,0.0
2022-12-14 00:00:00+05:30,23.850000381469727,24.049999237060547,23.200000762939453,23.75,82474,0.0,0.0
2022-12-15 00:00:00+05:30,23.25,24.350000381469727,23.100000381469727,23.299999237060547,46141,0.0,0.0
2022-12-16 00:00:00+05:30,23.700000762939453,27.950000762939453,23.299999237060547,27.950000762939453,789019,0.0,0.0
2022-12-19 00:00:00+05:30,30.049999237060547,33.5,30.049999237060547,33.5,4267087,0.0,0.0
2022-12-20 00:00:00+05:30,34.099998474121094,34.79999923706055,30.149999618530273,30.149999618530273,2145065,0.0,0.0
2022-12-21 00:00:00+05:30,30.5,31.450000762939453,28.649999618530273,28.649999618530273,642557,0.0,0.0
2022-12-22 00:00:00+05:30,28.100000381469727,28.399999618530273,27.25,27.25,211568,0.0,0.0
2022-12-23 00:00:00+05:30,25.899999618530273,26.0,25.899999618530273,25.899999618530273,35486,0.0,0.0
2022-12-26 00:00:00+05:30,24.649999618530273,26.25,24.649999618530273,25.049999237060547,448278,0.0,0.0
2022-12-27 00:00:00+05:30,25.600000381469727,26.299999237060547,25.600000381469727,26.299999237060547,232182,0.0,0.0
2022-12-28 00:00:00+05:30,27.200000762939453,27.600000381469727,26.200000762939453,26.5,324607,0.0,0.0
2022-12-29 00:00:00+05:30,25.75,27.799999237060547,25.700000762939453,27.5,413276,0.0,0.0
2022-12-30 00:00:00+05:30,27.600000381469727,28.25,26.799999237060547,27.75,226718,0.0,0.0
2023-01-02 00:00:00+05:30,27.950000762939453,29.75,27.200000762939453,28.450000762939453,323267,0.0,0.0
2023-01-03 00:00:00+05:30,29.450000762939453,29.450000762939453,28.200000762939453,28.75,164349,0.0,0.0
2023-01-04 00:00:00+05:30,28.75,28.75,26.25,26.799999237060547,168102,0.0,0.0
2023-01-05 00:00:00+05:30,26.950000762939453,27.049999237060547,25.600000381469727,26.350000381469727,94760,0.0,0.0
2023-01-06 00:00:00+05:30,26.75,26.950000762939453,25.299999237060547,25.649999618530273,108734,0.0,0.0
2023-01-09 00:00:00+05:30,26.799999237060547,27.149999618530273,25.0,26.100000381469727,54275,0.0,0.0
2023-01-10 00:00:00+05:30,25.75,26.200000762939453,25.299999237060547,25.399999618530273,49875,0.0,0.0
2023-01-11 00:00:00+05:30,25.350000381469727,27.5,25.149999618530273,26.450000762939453,177164,0.0,0.0
2023-01-12 00:00:00+05:30,26.899999618530273,26.899999618530273,25.0,25.5,91734,0.0,0.0
2023-01-13 00:00:00+05:30,26.399999618530273,26.399999618530273,25.399999618530273,25.799999237060547,70361,0.0,0.0
2023-01-16 00:00:00+05:30,25.850000381469727,26.5,25.399999618530273,25.549999237060547,53131,0.0,0.0
2023-01-17 00:00:00+05:30,25.399999618530273,25.950000762939453,24.350000381469727,25.200000762939453,98270,0.0,0.0
2023-01-18 00:00:00+05:30,24.950000762939453,25.899999618530273,24.299999237060547,25.600000381469727,68888,0.0,0.0
2023-01-19 00:00:00+05:30,25.600000381469727,25.700000762939453,24.549999237060547,24.75,52420,0.0,0.0
2023-01-20 00:00:00+05:30,25.149999618530273,25.25,24.700000762939453,24.950000762939453,22223,0.0,0.0
2023-01-23 00:00:00+05:30,24.350000381469727,25.450000762939453,23.700000762939453,23.850000381469727,93394,0.0,0.0
2023-01-24 00:00:00+05:30,24.0,24.200000762939453,23.299999237060547,23.399999618530273,31119,0.0,0.0
2023-01-25 00:00:00+05:30,23.399999618530273,23.450000762939453,22.0,22.700000762939453,109688,0.0,0.0
2023-01-27 00:00:00+05:30,22.899999618530273,23.0,22.049999237060547,22.350000381469727,70635,0.0,0.0
2023-01-30 00:00:00+05:30,22.350000381469727,23.299999237060547,22.049999237060547,22.75,30200,0.0,0.0
2023-01-31 00:00:00+05:30,23.649999618530273,24.299999237060547,22.600000381469727,23.950000762939453,63609,0.0,0.0
2023-02-01 00:00:00+05:30,24.399999618530273,24.649999618530273,22.299999237060547,23.0,62893,0.0,0.0
2023-02-02 00:00:00+05:30,22.5,23.799999237060547,22.5,23.100000381469727,29951,0.0,0.0
2023-02-03 00:00:00+05:30,23.200000762939453,25.299999237060547,22.049999237060547,24.0,121539,0.0,0.0
2023-02-06 00:00:00+05:30,24.450000762939453,24.450000762939453,22.549999237060547,22.850000381469727,89108,0.0,0.0
2023-02-07 00:00:00+05:30,23.25,23.25,22.149999618530273,22.649999618530273,58937,0.0,0.0
2023-02-08 00:00:00+05:30,22.700000762939453,22.899999618530273,22.049999237060547,22.350000381469727,34892,0.0,0.0
2023-02-09 00:00:00+05:30,22.5,23.5,22.5,22.75,33682,0.0,0.0
2023-02-10 00:00:00+05:30,22.75,23.700000762939453,22.549999237060547,23.149999618530273,68315,0.0,0.0
2023-02-13 00:00:00+05:30,22.75,23.5,21.649999618530273,21.950000762939453,63422,0.0,0.0
2023-02-14 00:00:00+05:30,22.100000381469727,22.450000762939453,21.200000762939453,21.5,61573,0.0,0.0
2023-02-15 00:00:00+05:30,21.950000762939453,22.149999618530273,21.25,21.700000762939453,23576,0.0,0.0
2023-02-16 00:00:00+05:30,22.799999237060547,22.799999237060547,21.299999237060547,21.899999618530273,20541,0.0,0.0
2023-02-17 00:00:00+05:30,22.799999237060547,22.799999237060547,21.850000381469727,22.100000381469727,25052,0.0,0.0
2023-02-20 00:00:00+05:30,22.100000381469727,22.799999237060547,21.549999237060547,22.350000381469727,42591,0.0,0.0
2023-02-21 00:00:00+05:30,22.049999237060547,23.0,21.950000762939453,22.049999237060547,30079,0.0,0.0
2023-02-22 00:00:00+05:30,21.75,22.200000762939453,20.5,20.950000762939453,42048,0.0,0.0
2023-02-23 00:00:00+05:30,21.399999618530273,21.399999618530273,20.100000381469727,20.75,66151,0.0,0.0
2023-02-24 00:00:00+05:30,21.0,21.350000381469727,20.649999618530273,20.75,16862,0.0,0.0
2023-02-27 00:00:00+05:30,20.950000762939453,21.299999237060547,19.299999237060547,19.549999237060547,66032,0.0,0.0
2023-02-28 00:00:00+05:30,19.700000762939453,19.950000762939453,19.549999237060547,19.600000381469727,22248,0.0,0.0
2023-03-01 00:00:00+05:30,19.899999618530273,20.75,19.850000381469727,20.5,27960,0.0,0.0
2023-03-02 00:00:00+05:30,20.299999237060547,21.0,20.149999618530273,20.649999618530273,28858,0.0,0.0
2023-03-03 00:00:00+05:30,20.799999237060547,21.299999237060547,20.450000762939453,20.75,55495,0.0,0.0
2023-03-06 00:00:00+05:30,21.5,21.5,20.600000381469727,20.75,54969,0.0,0.0
2023-03-08 00:00:00+05:30,20.899999618530273,22.799999237060547,20.649999618530273,22.799999237060547,193401,0.0,0.0
2023-03-09 00:00:00+05:30,23.200000762939453,23.75,21.649999618530273,22.100000381469727,155441,0.0,0.0
2023-03-10 00:00:00+05:30,21.700000762939453,22.950000762939453,21.600000381469727,21.899999618530273,114028,0.0,0.0
2023-03-13 00:00:00+05:30,22.450000762939453,22.75,21.149999618530273,21.450000762939453,88922,0.0,0.0
2023-03-14 00:00:00+05:30,21.950000762939453,21.950000762939453,20.399999618530273,20.700000762939453,51451,0.0,0.0
2023-03-15 00:00:00+05:30,21.0,21.25,20.649999618530273,20.950000762939453,23738,0.0,0.0
2023-03-16 00:00:00+05:30,20.799999237060547,21.0,20.0,20.149999618530273,58138,0.0,0.0
2023-03-17 00:00:00+05:30,20.299999237060547,21.399999618530273,20.299999237060547,20.549999237060547,20192,0.0,0.0
2023-03-20 00:00:00+05:30,20.700000762939453,20.700000762939453,19.600000381469727,20.399999618530273,24753,0.0,0.0
2023-03-21 00:00:00+05:30,20.399999618530273,21.450000762939453,20.149999618530273,20.799999237060547,53920,0.0,0.0
2023-03-22 00:00:00+05:30,21.200000762939453,21.350000381469727,19.200000762939453,19.850000381469727,147326,0.0,0.0
2023-03-23 00:00:00+05:30,20.0,20.700000762939453,19.5,20.200000762939453,32087,0.0,0.0
2023-03-24 00:00:00+05:30,20.600000381469727,20.700000762939453,19.799999237060547,20.100000381469727,28959,0.0,0.0
2023-03-27 00:00:00+05:30,19.75,20.5,18.350000381469727,18.899999618530273,104842,0.0,0.0
2023-03-28 00:00:00+05:30,19.25,19.299999237060547,17.799999237060547,18.5,68999,0.0,0.0
2023-03-29 00:00:00+05:30,18.049999237060547,20.299999237060547,18.049999237060547,19.75,120545,0.0,0.0
2023-03-31 00:00:00+05:30,21.0,21.0,19.600000381469727,19.950000762939453,121410,0.0,0.0
2023-04-03 00:00:00+05:30,20.25,20.700000762939453,19.950000762939453,20.399999618530273,91078,0.0,0.0
2023-04-05 00:00:00+05:30,20.399999618530273,21.899999618530273,20.399999618530273,21.799999237060547,179886,0.0,0.0
2023-04-06 00:00:00+05:30,22.149999618530273,22.950000762939453,21.700000762939453,21.850000381469727,102834,0.0,0.0
2023-04-10 00:00:00+05:30,22.200000762939453,22.299999237060547,21.399999618530273,21.75,20055,0.0,0.0
2023-04-11 00:00:00+05:30,21.899999618530273,23.200000762939453,21.399999618530273,22.350000381469727,106448,0.0,0.0
2023-04-12 00:00:00+05:30,22.649999618530273,26.700000762939453,22.649999618530273,25.299999237060547,595882,0.0,0.0
2023-04-13 00:00:00+05:30,25.100000381469727,25.100000381469727,23.850000381469727,23.950000762939453,140116,0.0,0.0
2023-04-17 00:00:00+05:30,24.100000381469727,24.899999618530273,23.350000381469727,24.350000381469727,109228,0.0,0.0
2023-04-18 00:00:00+05:30,24.350000381469727,25.200000762939453,24.149999618530273,24.5,59331,0.0,0.0
2023-04-19 00:00:00+05:30,24.350000381469727,26.5,24.100000381469727,25.600000381469727,228744,0.0,0.0
2023-04-20 00:00:00+05:30,26.0,26.450000762939453,24.899999618530273,25.100000381469727,100212,0.0,0.0
2023-04-21 00:00:00+05:30,25.700000762939453,25.899999618530273,24.850000381469727,25.049999237060547,42746,0.0,0.0
2023-04-24 00:00:00+05:30,25.100000381469727,25.700000762939453,24.899999618530273,25.0,36737,0.0,0.0
2023-04-25 00:00:00+05:30,25.450000762939453,26.0,25.0,25.149999618530273,118495,0.0,0.0
2023-04-26 00:00:00+05:30,25.450000762939453,25.450000762939453,24.5,24.799999237060547,92310,0.0,0.0
2023-04-27 00:00:00+05:30,24.799999237060547,25.0,24.200000762939453,24.649999618530273,41665,0.0,0.0
2023-04-28 00:00:00+05:30,24.649999618530273,27.799999237060547,24.149999618530273,25.799999237060547,133088,0.0,0.0
2023-05-02 00:00:00+05:30,25.649999618530273,25.899999618530273,24.600000381469727,25.200000762939453,100909,0.0,0.0
2023-05-03 00:00:00+05:30,25.049999237060547,25.75,24.899999618530273,25.100000381469727,82896,0.0,0.0
2023-05-04 00:00:00+05:30,25.100000381469727,25.75,25.049999237060547,25.149999618530273,97844,0.0,0.0
2023-05-05 00:00:00+05:30,25.149999618530273,25.299999237060547,24.850000381469727,25.049999237060547,23410,0.0,0.0
2023-05-08 00:00:00+05:30,24.649999618530273,25.5,24.649999618530273,25.149999618530273,59020,0.0,0.0
2023-05-09 00:00:00+05:30,25.149999618530273,25.399999618530273,24.350000381469727,24.549999237060547,36192,0.0,0.0
2023-05-10 00:00:00+05:30,24.549999237060547,25.200000762939453,23.549999237060547,23.850000381469727,98595,0.0,0.0
2023-05-11 00:00:00+05:30,23.649999618530273,24.5,23.649999618530273,24.0,30690,0.0,0.0
2023-05-12 00:00:00+05:30,24.149999618530273,24.200000762939453,23.350000381469727,23.899999618530273,23713,0.0,0.0
2023-05-15 00:00:00+05:30,24.0,24.450000762939453,23.149999618530273,23.700000762939453,47041,0.0,0.0
2023-05-16 00:00:00+05:30,23.700000762939453,24.200000762939453,23.649999618530273,24.0,26199,0.0,0.0
2023-05-17 00:00:00+05:30,24.100000381469727,24.149999618530273,23.5,23.700000762939453,23040,0.0,0.0
2023-05-18 00:00:00+05:30,23.850000381469727,23.899999618530273,23.25,23.299999237060547,8119,0.0,0.0
2023-05-19 00:00:00+05:30,23.350000381469727,24.0,21.600000381469727,23.649999618530273,90164,0.0,0.0
2023-05-22 00:00:00+05:30,24.149999618530273,24.450000762939453,23.100000381469727,23.350000381469727,30136,0.0,0.0
2023-05-23 00:00:00+05:30,23.100000381469727,23.850000381469727,23.100000381469727,23.25,19390,0.0,0.0
2023-05-24 00:00:00+05:30,23.899999618530273,23.899999618530273,21.600000381469727,22.450000762939453,74445,0.0,0.0
2023-05-25 00:00:00+05:30,22.799999237060547,22.950000762939453,21.950000762939453,22.200000762939453,73573,0.0,0.0
2023-05-26 00:00:00+05:30,22.149999618530273,22.950000762939453,21.649999618530273,21.950000762939453,41582,0.0,0.0
2023-05-29 00:00:00+05:30,22.5,26.299999237060547,22.5,26.200000762939453,617506,0.0,0.0
2023-05-30 00:00:00+05:30,26.299999237060547,27.5,25.399999618530273,25.700000762939453,382267,0.0,0.0
2023-05-31 00:00:00+05:30,26.0,26.799999237060547,25.0,25.100000381469727,85045,0.0,0.0
2023-06-01 00:00:00+05:30,25.799999237060547,26.0,23.950000762939453,24.25,128855,0.0,0.0
2023-06-02 00:00:00+05:30,24.700000762939453,25.100000381469727,24.200000762939453,24.399999618530273,54944,0.0,0.0
2023-06-05 00:00:00+05:30,24.200000762939453,25.0,24.200000762939453,24.200000762939453,58203,0.0,0.0
2023-06-06 00:00:00+05:30,24.25,24.5,23.799999237060547,24.149999618530273,43103,0.0,0.0
2023-06-07 00:00:00+05:30,24.049999237060547,26.799999237060547,23.950000762939453,25.25,229696,0.0,0.0
2023-06-08 00:00:00+05:30,25.450000762939453,25.649999618530273,24.549999237060547,24.700000762939453,69114,0.0,0.0
2023-06-09 00:00:00+05:30,25.100000381469727,28.0,25.100000381469727,27.399999618530273,515346,0.0,0.0
2023-06-12 00:00:00+05:30,28.0,29.399999618530273,27.5,27.549999237060547,240805,0.0,0.0
2023-06-13 00:00:00+05:30,27.299999237060547,27.75,26.25,26.899999618530273,66849,0.0,0.0
2023-06-14 00:00:00+05:30,26.75,27.149999618530273,26.049999237060547,26.149999618530273,61987,0.0,0.0
2023-06-15 00:00:00+05:30,26.350000381469727,26.399999618530273,25.700000762939453,25.799999237060547,31193,0.0,0.0
2023-06-16 00:00:00+05:30,25.799999237060547,27.299999237060547,25.799999237060547,26.850000381469727,157989,0.0,0.0
2023-06-19 00:00:00+05:30,26.75,27.399999618530273,25.899999618530273,26.149999618530273,59612,0.0,0.0
2023-06-20 00:00:00+05:30,25.799999237060547,26.399999618530273,25.299999237060547,26.049999237060547,92547,0.0,0.0
2023-06-21 00:00:00+05:30,25.799999237060547,26.600000381469727,25.600000381469727,25.950000762939453,50185,0.0,0.0
2023-06-22 00:00:00+05:30,25.850000381469727,27.799999237060547,25.350000381469727,26.149999618530273,311570,0.0,0.0
2023-06-23 00:00:00+05:30,26.100000381469727,26.399999618530273,25.049999237060547,25.350000381469727,160821,0.0,0.0
2023-06-26 00:00:00+05:30,25.549999237060547,25.950000762939453,24.649999618530273,24.899999618530273,74924,0.0,0.0
2023-06-27 00:00:00+05:30,25.25,25.25,24.399999618530273,24.649999618530273,69038,0.0,0.0
2023-06-30 00:00:00+05:30,24.600000381469727,25.549999237060547,24.600000381469727,25.100000381469727,76409,0.0,0.0
2023-07-03 00:00:00+05:30,25.25,25.299999237060547,23.299999237060547,24.350000381469727,122450,0.0,0.0
2023-07-04 00:00:00+05:30,24.5,24.799999237060547,24.100000381469727,24.25,47288,0.0,0.0
2023-07-05 00:00:00+05:30,24.5,24.700000762939453,24.350000381469727,24.450000762939453,28839,0.0,0.0
2023-07-06 00:00:00+05:30,24.5,25.200000762939453,24.25,24.5,56842,0.0,0.0
2023-07-07 00:00:00+05:30,24.5,25.200000762939453,24.399999618530273,24.649999618530273,87959,0.0,0.0
2023-07-10 00:00:00+05:30,24.75,24.75,24.0,24.100000381469727,41278,0.0,0.0
2023-07-11 00:00:00+05:30,24.0,24.25,23.799999237060547,24.0,54293,0.0,0.0
2023-07-12 00:00:00+05:30,24.149999618530273,24.75,24.0,24.25,57675,0.0,0.0
2023-07-13 00:00:00+05:30,24.100000381469727,24.5,23.649999618530273,23.799999237060547,37485,0.0,0.0
2023-07-14 00:00:00+05:30,23.799999237060547,24.25,23.700000762939453,23.850000381469727,60209,0.0,0.0
2023-07-17 00:00:00+05:30,23.950000762939453,24.399999618530273,23.649999618530273,24.049999237060547,57295,0.0,0.0
2023-07-18 00:00:00+05:30,24.0,24.049999237060547,23.649999618530273,23.700000762939453,25281,0.0,0.0
2023-07-19 00:00:00+05:30,23.850000381469727,24.0,23.649999618530273,23.899999618530273,34866,0.0,0.0
2023-07-20 00:00:00+05:30,24.0,27.850000381469727,24.0,24.649999618530273,1322707,0.0,0.0
2023-07-21 00:00:00+05:30,24.5,25.549999237060547,24.350000381469727,25.149999618530273,226508,0.0,0.0
2023-07-24 00:00:00+05:30,25.299999237060547,26.299999237060547,25.149999618530273,25.399999618530273,294092,0.0,0.0
2023-07-25 00:00:00+05:30,25.700000762939453,25.75,24.0,24.700000762939453,82738,0.0,0.0
2023-07-26 00:00:00+05:30,24.850000381469727,24.899999618530273,24.100000381469727,24.25,97866,0.0,0.0
2023-07-27 00:00:00+05:30,24.350000381469727,24.649999618530273,24.25,24.350000381469727,31300,0.0,0.0
2023-07-28 00:00:00+05:30,24.450000762939453,25.0,23.600000381469727,24.0,102507,0.0,0.0
2023-07-31 00:00:00+05:30,24.0,24.899999618530273,24.0,24.25,76040,0.0,0.0
2023-08-01 00:00:00+05:30,24.25,24.649999618530273,24.149999618530273,24.299999237060547,33390,0.0,0.0
2023-08-02 00:00:00+05:30,24.299999237060547,24.5,23.399999618530273,23.549999237060547,134081,0.0,0.0
2023-08-03 00:00:00+05:30,23.649999618530273,24.149999618530273,23.25,23.850000381469727,116507,0.0,0.0
2023-08-04 00:00:00+05:30,24.25,24.25,23.600000381469727,23.700000762939453,77724,0.0,0.0
2023-08-07 00:00:00+05:30,23.950000762939453,24.600000381469727,23.950000762939453,24.299999237060547,62580,0.0,0.0
2023-08-08 00:00:00+05:30,24.5,24.600000381469727,24.0,24.100000381469727,43661,0.0,0.0
2023-08-09 00:00:00+05:30,24.25,25.700000762939453,24.049999237060547,25.25,210017,0.0,0.0
2023-08-10 00:00:00+05:30,25.600000381469727,26.0,25.049999237060547,25.700000762939453,140742,0.0,0.0
2023-08-11 00:00:00+05:30,26.0,26.100000381469727,24.399999618530273,24.600000381469727,68530,0.0,0.0
2023-08-14 00:00:00+05:30,24.600000381469727,24.850000381469727,24.0,24.149999618530273,91886,0.0,0.0
2023-08-16 00:00:00+05:30,24.149999618530273,24.399999618530273,23.850000381469727,24.049999237060547,110059,0.0,0.0
2023-08-17 00:00:00+05:30,24.149999618530273,25.850000381469727,24.149999618530273,24.950000762939453,255272,0.0,0.0
2023-08-18 00:00:00+05:30,25.25,25.25,24.399999618530273,24.799999237060547,63918,0.0,0.0
2023-08-21 00:00:00+05:30,25.200000762939453,25.200000762939453,24.200000762939453,24.549999237060547,57985,0.0,0.0
2023-08-22 00:00:00+05:30,24.899999618530273,27.899999618530273,24.700000762939453,26.399999618530273,667303,0.0,0.0
2023-08-23 00:00:00+05:30,26.399999618530273,27.5,26.299999237060547,26.75,226503,0.0,0.0
2023-08-24 00:00:00+05:30,26.950000762939453,27.75,26.100000381469727,26.700000762939453,295911,0.0,0.0
2023-08-25 00:00:00+05:30,26.799999237060547,26.950000762939453,25.649999618530273,25.75,123008,0.0,0.0
2023-08-28 00:00:00+05:30,25.799999237060547,26.350000381469727,25.100000381469727,25.450000762939453,76676,0.0,0.0
2023-08-29 00:00:00+05:30,25.649999618530273,26.450000762939453,25.600000381469727,26.0,81543,0.0,0.0
2023-08-30 00:00:00+05:30,26.0,26.899999618530273,25.950000762939453,26.049999237060547,129489,0.0,0.0
2023-08-31 00:00:00+05:30,26.299999237060547,27.399999618530273,26.0,27.100000381469727,273812,0.0,0.0
2023-09-01 00:00:00+05:30,27.350000381469727,29.299999237060547,27.25,28.799999237060547,783874,0.0,0.0
2023-09-04 00:00:00+05:30,29.350000381469727,30.600000381469727,29.049999237060547,30.100000381469727,597166,0.0,0.0
2023-09-05 00:00:00+05:30,30.299999237060547,31.200000762939453,28.649999618530273,29.799999237060547,537984,0.0,0.0
2023-09-06 00:00:00+05:30,30.549999237060547,31.700000762939453,30.399999618530273,30.799999237060547,523240,0.0,0.0
2023-09-07 00:00:00+05:30,30.950000762939453,31.149999618530273,29.899999618530273,30.100000381469727,206984,0.0,0.0
2023-09-08 00:00:00+05:30,30.25,30.5,29.5,29.649999618530273,138385,0.0,0.0
2023-09-11 00:00:00+05:30,30.200000762939453,30.899999618530273,29.100000381469727,29.549999237060547,204419,0.0,0.0
2023-09-12 00:00:00+05:30,29.850000381469727,29.850000381469727,26.799999237060547,27.100000381469727,175119,0.0,0.0
2023-09-13 00:00:00+05:30,28.0,28.100000381469727,25.600000381469727,27.200000762939453,304115,0.0,0.0
2023-09-14 00:00:00+05:30,27.600000381469727,30.649999618530273,27.600000381469727,29.25,690039,0.0,0.0
2023-09-15 00:00:00+05:30,29.450000762939453,30.399999618530273,28.600000381469727,29.299999237060547,188373,0.0,0.0
2023-09-18 00:00:00+05:30,29.450000762939453,30.350000381469727,28.200000762939453,28.549999237060547,197057,0.0,0.0
2023-09-20 00:00:00+05:30,28.850000381469727,30.350000381469727,28.5,29.0,243254,0.0,0.0
2023-09-21 00:00:00+05:30,29.0,29.850000381469727,28.100000381469727,28.25,198825,0.0,0.0
2023-09-22 00:00:00+05:30,28.399999618530273,28.600000381469727,27.5,28.200000762939453,99330,0.0,0.0
2023-09-25 00:00:00+05:30,29.0,31.0,28.100000381469727,30.0,411922,0.0,0.0
2023-09-26 00:00:00+05:30,31.0,31.0,29.600000381469727,29.649999618530273,131526,0.0,0.0
2023-09-27 00:00:00+05:30,29.75,30.799999237060547,29.200000762939453,30.350000381469727,235313,0.0,0.0
2023-09-28 00:00:00+05:30,30.600000381469727,31.75,29.649999618530273,29.850000381469727,247810,0.0,0.0
2023-09-29 00:00:00+05:30,30.100000381469727,30.100000381469727,29.100000381469727,29.350000381469727,57870,0.0,0.0
2023-10-03 00:00:00+05:30,28.799999237060547,29.299999237060547,28.5,28.549999237060547,75839,0.0,0.0
2023-10-04 00:00:00+05:30,28.700000762939453,29.399999618530273,28.100000381469727,28.450000762939453,348833,0.0,0.0
2023-10-05 00:00:00+05:30,28.950000762939453,29.200000762939453,28.200000762939453,28.899999618530273,119647,0.0,0.0
2023-10-06 00:00:00+05:30,29.0,29.450000762939453,28.600000381469727,29.200000762939453,297056,0.0,0.0
2023-10-09 00:00:00+05:30,29.25,29.25,27.549999237060547,27.850000381469727,395883,0.0,0.0
2023-10-10 00:00:00+05:30,28.299999237060547,28.850000381469727,28.100000381469727,28.149999618530273,85010,0.0,0.0
2023-10-11 00:00:00+05:30,28.450000762939453,30.5,28.399999618530273,30.0,225428,0.0,0.0
2023-10-12 00:00:00+05:30,30.0,31.049999237060547,29.200000762939453,30.399999618530273,199036,0.0,0.0
2023-10-13 00:00:00+05:30,30.299999237060547,32.54999923706055,29.700000762939453,30.799999237060547,360440,0.0,0.0
2023-10-16 00:00:00+05:30,31.0,31.799999237060547,30.450000762939453,31.350000381469727,170513,0.0,0.0
2023-10-17 00:00:00+05:30,32.849998474121094,32.849998474121094,31.100000381469727,31.649999618530273,140186,0.0,0.0
2023-10-18 00:00:00+05:30,31.700000762939453,33.79999923706055,31.549999237060547,32.349998474121094,620237,0.0,0.0
2023-10-19 00:00:00+05:30,32.25,33.349998474121094,32.0,32.70000076293945,155382,0.0,0.0
2023-10-20 00:00:00+05:30,32.54999923706055,33.20000076293945,31.5,31.850000381469727,224119,0.0,0.0
2023-10-23 00:00:00+05:30,31.899999618530273,31.899999618530273,28.0,28.25,358827,0.0,0.0
2023-10-25 00:00:00+05:30,28.899999618530273,29.649999618530273,27.350000381469727,27.700000762939453,177041,0.0,0.0
2023-10-26 00:00:00+05:30,27.799999237060547,29.049999237060547,26.75,28.200000762939453,165057,0.0,0.0
2023-10-27 00:00:00+05:30,28.5,29.850000381469727,28.399999618530273,29.399999618530273,74658,0.0,0.0
2023-10-30 00:00:00+05:30,29.75,30.799999237060547,28.700000762939453,30.049999237060547,141965,0.0,0.0
2023-10-31 00:00:00+05:30,30.25,30.450000762939453,29.5,29.75,40004,0.0,0.0
2023-11-01 00:00:00+05:30,30.0,30.850000381469727,29.700000762939453,30.450000762939453,118866,0.0,0.0
